Id,Sales
1,4715.068
2,7179.256
3,9162.294
4,5793.1562
5,7036.6313
6,5796.34
7,7793.079
8,7727.0435
9,5101.1357
10,5611.494
11,7031.4517
12,7599.2104
13,6779.2144
14,7638.036
15,5608.3267
16,4831.7065
17,5734.966
18,9782.921
19,10773.966
20,9186.56
21,7610.6636
22,4786.819
23,6086.984
24,4372.6587
25,8059.831
26,9622.137
27,9177.434
28,6010.86
29,5103.1313
30,4777.217
31,6001.047
32,9488.551
33,6762.062
34,5258.333
35,5170.3745
36,7162.1025
37,4324.628
38,7363.8384
39,4561.834
40,6894.748
41,7360.0044
42,5720.7666
43,7316.1343
44,6201.833
45,5257.1396
46,6036.796
47,6797.7456
48,10107.33
49,6398.714
50,8011.584
51,7198.2695
52,9327.745
53,6823.6523
54,9099.772
55,5007.4404
56,5055.602
57,6721.685
58,6517.852
59,8728.954
60,7542.403
61,5409.991
62,6898.017
63,6337.4634
64,9814.997
65,4417.1675
66,11863.326
67,4876.5684
68,6275.776
69,7734.911
70,6031.2017
71,6073.8994
72,7223.18
73,6998.6455
74,5533.673
75,5537.195
76,7664.812
77,6851.585
78,7033.229
79,4800.042
80,7330.3345
81,9916.753
82,6646.5005
83,5012.0425
84,7151.713
85,6041.7676
86,6234.3525
87,6848.8477
88,4519.4834
89,7323.388
90,6714.2266
91,7252.4995
92,6965.0225
93,4952.9536
94,6354.921
95,5673.6304
96,7381.503
97,7723.079
98,5259.482
99,5489.9995
100,6336.9375
101,6100.6255
102,6084.482
103,8415.639
104,7021.024
105,7260.9575
106,6012.5
107,4953.648
108,6358.977
109,8506.052
110,7657.271
111,7928.6787
112,8080.3594
113,6188.75
114,8432.182
115,6152.5527
116,7363.8594
117,8843.778
118,6792.3467
119,9185.342
120,8361.735
121,7825.674
122,6350.8184
123,7576.6226
124,7553.5615
125,6278.368
126,4733.978
127,6132.7256
128,7438.205
129,6802.2275
130,5509.22
131,7489.2407
132,6493.9795
133,6448.495
134,6442.464
135,5360.4893
136,7040.196
137,7100.918
138,6813.266
139,5808.7983
140,5596.1963
141,7043.178
142,3981.6755
143,6345.357
144,5091.176
145,8096.5913
146,6769.1543
147,6300.048
148,8640.397
149,5606.4917
150,5459.9243
151,9952.209
152,6463.2676
153,7006.5674
154,7905.9336
155,5644.875
156,6315.1973
157,5487.6226
158,7427.762
159,9432.301
160,6119.683
161,3406.203
162,5341.828
163,7665.3384
164,8339.291
165,6167.3237
166,6794.2974
167,5137.775
168,5373.4253
169,3576.245
170,5205.718
171,6386.22
172,6579.1943
173,6822.2334
174,6802.1753
175,7630.907
176,8097.0083
177,7197.686
178,5665.4375
179,8985.377
180,8673.723
181,5928.5474
182,7728.466
183,5136.8438
184,6648.9673
185,4404.545
186,6681.8296
187,5249.9336
188,8191.6055
189,6971.9683
190,8607.513
191,7946.569
192,6392.711
193,7577.5044
194,14915.038
195,10738.378
196,6501.547
197,3308.8909
198,6286.0864
199,9201.44
200,6101.184
201,10766.601
202,13501.687
203,4111.7256
204,5505.4272
205,7719.036
206,5768.723
207,8886.436
208,6485.0723
209,7551.307
210,4150.668
211,6713.983
212,7179.9546
213,6992.3135
214,7494.2783
215,6207.5205
216,6285.6904
217,6851.389
218,5323.3643
219,5921.9062
220,7503.1685
221,5617.5996
222,6296.546
223,6999.0996
224,5508.926
225,5728.143
226,6847.966
227,6307.227
228,7456.1123
229,6401.7173
230,6972.5737
231,6152.6406
232,4598.8315
233,7244.3413
234,6589.9214
235,5314.019
236,4951.872
237,7150.567
238,7116.167
239,7627.6396
240,7705.4717
241,6267.413
242,5110.336
243,5008.9644
244,9723.3125
245,5768.586
246,7448.2866
247,13935.225
248,7016.592
249,6582.8164
250,5070.4526
251,4806.9287
252,6819.3643
253,4604.3096
254,5851.3955
255,8693.119
256,5737.9263
257,13303.673
258,12078.134
259,5236.37
260,7420.7944
261,5196.45
262,7314.4106
263,5955.6504
264,11825.246
265,7173.6567
266,7933.323
267,5215.673
268,7178.0303
269,5405.5605
270,8877.193
271,6757.259
272,6303.751
273,6306.018
274,5735.201
275,7973.019
276,8439.512
277,6004.3506
278,9605.9795
279,7192.649
280,9387.517
281,4914.4624
282,5623.4053
283,5992.627
284,9874.169
285,7049.657
286,7837.297
287,6614.5063
288,8218.66
289,5015.213
290,8095.7344
291,6796.65
292,4518.13
293,13442.453
294,14868.184
295,7491.5625
296,7480.809
297,9114.87
298,9928.347
299,9740.856
300,6153.1396
301,7407.9307
302,5986.4224
303,8228.269
304,4674.442
305,5821.8613
306,5534.866
307,5690.9854
308,7210.728
309,4836.899
310,5282.9526
311,6137.2197
312,4684.2437
313,4936.243
314,5515.614
315,6279.2427
316,8446.34
317,8954.766
318,7338.9395
319,6459.385
320,6748.6274
321,9946.022
322,7237.822
323,5511.5854
324,4881.958
325,7857.2285
326,5209.6914
327,6707.6206
328,3767.0754
329,5467.862
330,8394.475
331,6198.8228
332,6041.7964
333,8092.353
334,8957.081
335,9042.352
336,6226.508
337,9623.036
338,3896.309
339,5476.318
340,6164.43
341,4973.9604
342,6897.188
343,5267.3237
344,6104.0015
345,7840.624
346,10308.931
347,8264.874
348,6034.102
349,5512.1953
350,7997.223
351,7195.3726
352,6529.7183
353,5332.705
354,6388.5596
355,8706.761
356,5099.983
357,6798.777
358,7594.421
359,7950.329
360,12283.831
361,6707.781
362,11514.245
363,6733.8003
364,5644.832
365,3775.3533
366,6783.244
367,6596.569
368,5142.987
369,7158.135
370,5388.1763
371,4670.7783
372,6439.4414
373,4897.0225
374,7784.0977
375,6454.144
376,7591.314
377,7543.813
378,6042.58
379,7421.2617
380,6911.208
381,5491.686
382,5623.3945
383,6330.2925
384,10919.74
385,6509.4644
386,5059.4854
387,7090.617
388,8527.009
389,7003.3066
390,6606.5996
391,7879.931
392,6588.6895
393,5846.2515
394,6439.718
395,7818.273
396,6386.8354
397,6896.379
398,6538.8926
399,5519.0713
400,4330.1714
401,5524.3486
402,7894.8115
403,8444.004
404,9933.205
405,11796.082
406,8048.454
407,5743.643
408,5529.7476
409,10492.002
410,9659.81
411,7602.067
412,8136.6694
413,8459.006
414,6002.392
415,4257.451
416,10286.018
417,5753.156
418,6449.282
419,6153.926
420,3777.7634
421,10029.278
422,6025.6816
423,5547.8896
424,5300.8667
425,5433.6826
426,6127.1245
427,7707.442
428,6751.1323
429,5287.0054
430,4590.2896
431,4384.8633
432,4034.4521
433,7233.2183
434,14427.471
435,5426.8193
436,5517.992
437,6400.5083
438,4888.505
439,5165.4204
440,5761.8057
441,4722.0537
442,6904.231
443,7324.918
444,4470.3477
445,7826.3086
446,5302.2573
447,5452.9814
448,7660.332
449,7818.8623
450,9409.882
451,6125.681
452,6389.34
453,4894.225
454,5796.727
455,12320.286
456,9044.663
457,6694.767
458,4867.896
459,5285.886
460,5864.4644
461,4860.6997
462,9372.396
463,5352.5234
464,5894.428
465,7114.1987
466,5564.9453
467,6256.8765
468,7020.716
469,7463.7114
470,7162.943
471,4540.787
472,5785.2544
473,7008.846
474,8845.786
475,7774.341
476,7254.367
477,4618.297
478,7283.6045
479,5449.5083
480,6086.6934
481,7042.204
482,7009.3477
483,6623.629
484,7329.5376
485,6564.3447
486,6694.716
487,5593.352
488,6709.617
489,7096.145
490,5879.015
491,8317.518
492,6285.175
493,5669.578
494,9147.468
495,5462.4043
496,4475.621
497,7875.145
498,7682.5757
499,10077.048
500,5210.5015
501,6609.877
502,6195.7783
503,6968.458
504,6196.399
505,7353.9697
506,3454.3643
507,6205.8506
508,6122.4272
509,5722.093
510,4647.464
511,7335.433
512,7293.212
513,5446.3125
514,8088.371
515,7476.365
516,8763.139
517,4975.1797
518,6350.0312
519,6322.5684
520,7453.2183
521,7427.819
522,4969.185
523,6917.381
524,7953.484
525,7093.7153
526,5401.241
527,3842.8345
528,6564.326
529,6596.9526
530,9016.945
531,7003.4204
532,5777.3906
533,8274.647
534,6604.6274
535,6130.778
536,7487.098
537,5608.5938
538,7674.4243
539,10131.372
540,7663.6934
541,4904.74
542,5967.279
543,4774.197
544,3547.6453
545,7969.7954
546,5860.785
547,8738.775
548,4656.063
549,6888.687
550,6537.62
551,10109.76
552,4803.5366
553,5988.279
554,6146.253
555,7929.4575
556,5518.345
557,7626.1484
558,7863.6914
559,8693.186
560,6758.606
561,7527.5903
562,6282.34
563,4775.3765
564,5556.517
565,9776.346
566,9213.059
567,6660.2466
568,13657.36
569,6236.428
570,5951.8174
571,6256.3633
572,7785.4565
573,8812.481
574,7296.2666
575,7369.052
576,7992.656
577,6931.1577
578,7181.9546
579,5811.4365
580,5603.8667
581,5547.043
582,4769.5586
583,5426.4365
584,7865.484
585,14106.064
586,7051.3784
587,6047.804
588,7051.7417
589,4420.354
590,6505.622
591,4295.6626
592,9008.649
593,6372.5176
594,6734.873
595,10498.248
596,10862.557
597,6280.788
598,7489.3906
599,4173.9663
600,6118.6504
601,5541.6963
602,7805.8003
603,5269.972
604,4430.921
605,5692.413
606,5547.8633
607,7007.055
608,6657.763
609,4086.8403
610,7216.652
611,6784.9326
612,7407.994
613,4871.282
614,4776.479
615,7554.8945
616,4501.473
617,9043.11
618,5600.4097
619,5239.983
620,7062.498
621,6069.51
622,4912.761
623,6168.006
624,6665.051
625,8898.072
626,9745.67
627,6523.3623
628,4440.1484
629,6000.984
630,7032.0083
631,5839.28
632,5538.9487
633,6162.496
634,10726.156
635,7891.1304
636,6814.7217
637,6762.817
638,4743.33
639,8638.98
640,5805.42
641,11335.674
642,6788.461
643,5664.7188
644,5375.1685
645,4223.4897
646,7212.7573
647,14387.8545
648,4472.416
649,5443.0664
650,9202.95
651,7324.303
652,6847.541
653,7679.7256
654,6339.985
655,5153.476
656,4994.356
657,8159.767
658,5874.1943
659,6476.523
660,7098.176
661,5288.862
662,7548.52
663,6426.7153
664,3934.2024
665,8580.234
666,8143.556
667,4633.657
668,7417.0156
669,6553.034
670,5008.0425
671,9033.946
672,6496.575
673,8107.302
674,5245.038
675,5358.005
676,6623.97
677,4467.5513
678,7768.685
679,4377.692
680,6013.3257
681,5213.3105
682,6287.6875
683,5906.236
684,6705.0493
685,7633.375
686,7527.6694
687,6865.0083
688,7523.8364
689,6434.8
690,7155.855
691,8284.558
692,7489.2837
693,3765.4805
694,6239.5757
695,6997.077
696,4781.452
697,9615.174
698,6235.595
699,8145.8477
700,9160.529
701,6962.658
702,4617.3105
703,10420.975
704,9453.178
705,6294.7803
706,7780.78
707,8501.681
708,6133.9717
709,5708.8613
710,6790.1313
711,6246.954
712,5622.88
713,6901.9067
714,5416.4146
715,6072.185
716,7162.1094
717,6623.49
718,7888.459
719,6346.3857
720,6575.706
721,3936.6838
722,8055.0513
723,6789.2246
724,5957.582
725,6678.2676
726,7026.685
727,8621.735
728,5951.874
729,5169.9897
730,6448.618
731,6859.3467
732,7348.206
733,5075.006
734,4670.3906
735,7411.401
736,6183.351
737,6063.5264
738,7513.1514
739,6785.302
740,6401.583
741,4914.8706
742,4234.8623
743,6940.3994
744,6739.0757
745,6361.3247
746,8865.061
747,7480.6235
748,5540.0527
749,8093.0015
750,3892.6165
751,3842.3066
752,6766.23
753,10409.839
754,7720.8843
755,7103.682
756,5057.739
757,7263.6865
758,9271.52
759,5819.041
760,7569.262
761,5804.323
762,4520.1
763,5205.1567
764,5878.5273
765,5919.5796
766,4831.278
767,5785.122
768,4935.7676
769,7094.2095
770,7114.599
771,5737.9644
772,6246.102
773,7828.615
774,5423.9473
775,5141.3193
776,8256.932
777,7733.915
778,6326.152
779,4140.9194
780,11106.282
781,6218.881
782,5755.8125
783,8507.634
784,8021.876
785,7744.1235
786,6602.9453
787,7065.9546
788,9177.723
789,12821.744
790,4954.792
791,5019.7407
792,5315.6313
793,6660.5386
794,6810.6606
795,8250.941
796,8323.438
797,5944.725
798,4828.573
799,6291.281
800,8380.922
801,5077.5815
802,6711.864
803,4422.9395
804,6941.247
805,7478.02
806,7330.558
807,8620.091
808,6478.6733
809,4316.7393
810,6655.0073
811,7479.7676
812,8216.904
813,7060.4575
814,7390.3086
815,6620.433
816,4916.868
817,9300.517
818,4739.1963
819,9551.484
820,6182.018
821,4619.5615
822,6721.7363
823,6169.53
824,6745.1396
825,7683.543
826,4028.38
827,4565.2036
828,6712.888
829,9481.793
830,9172.77
831,5324.9995
832,6778.4062
833,7008.0444
834,6330.6426
835,5782.7607
836,9616.907
837,8150.806
838,10620.784
839,4626.772
840,6025.647
841,8791.468
842,8365.524
843,5328.2104
844,9376.295
845,6469.497
846,5258.4033
847,5595.3
848,4656.383
849,5379.8877
850,6344.6245
851,5071.091
852,5459.4194
853,9620.54
854,7112.1567
855,16112.263
856,6147.4316
857,4735.346
858,7199.2515
859,9402.427
860,5839.146
861,7074.971
862,5823.9556
863,7847.477
864,7794.157
865,5107.0366
866,5645.489
867,6993.254
868,7657.4683
869,6810.6543
870,7608.762
871,5639.999
872,4860.978
873,5711.3066
874,9829.526
875,10824.879
876,9253.877
877,7599.109
878,4822.4697
879,5988.8154
880,4394.838
881,8116.091
882,9572.059
883,9245.408
884,6008.974
885,5140.53
886,4810.19
887,6013.498
888,9665.21
889,6734.1665
890,5180.3267
891,5194.81
892,7218.146
893,4350.8276
894,7318.032
895,4544.0586
896,6942.3857
897,7375.2744
898,5760.2944
899,7231.4526
900,6219.1064
901,5286.0625
902,6069.689
903,6782.047
904,10033.909
905,6356.5757
906,8253.633
907,7249.5464
908,9376.447
909,6807.894
910,9144.118
911,5034.726
912,5090.894
913,6768.0757
914,6477.3076
915,8674.657
916,7558.0513
917,5442.2515
918,6871.1333
919,6369.102
920,9861.304
921,4439.5723
922,11945.289
923,4908.1895
924,6307.107
925,7776.855
926,6034.7695
927,6105.1367
928,7274.8706
929,6955.1113
930,5490.843
931,5547.784
932,7627.145
933,6838.5923
934,7075.2007
935,4818.7363
936,7374.7397
937,9901.697
938,6678.166
939,5046.6743
940,7095.292
941,6078.368
942,6195.572
943,6786.0137
944,4541.0166
945,7283.6045
946,6750.81
947,7234.0737
948,7007.623
949,4981.144
950,6328.7046
951,5682.599
952,7386.292
953,7756.1357
954,5277.941
955,5509.2676
956,6350.0854
957,6067.588
958,6112.817
959,8459.95
960,7057.993
961,7305.8833
962,6040.9146
963,4981.843
964,6341.6055
965,8558.076
966,7704.0464
967,7866.1294
968,8038.3047
969,6173.138
970,8399.424
971,6184.949
972,7392.776
973,8788.769
974,6764.326
975,9303.356
976,8295.77
977,7795.176
978,6311.3135
979,7606.723
980,7493.9707
981,6322.9243
982,4752.7866
983,6184.4775
984,7483.6997
985,6819.612
986,5545.969
987,7521.2964
988,6542.7793
989,6477.042
990,6430.965
991,5388.207
992,7093.655
993,7073.244
994,6843.4277
995,5816.8105
996,5654.1704
997,7004.9165
998,4011.599
999,6384.168
1000,5104.1875
1001,8065.037
1002,6817.1924
1003,6342.0713
1004,8607.438
1005,5643.8896
1006,5418.931
1007,10036.1875
1008,6451.731
1009,6931.2637
1010,7940.1895
1011,5339.444
1012,6280.89
1013,5498.573
1014,7484.1636
1015,9499.689
1016,6131.895
1017,3406.9795
1018,5361.491
1019,7613.8223
1020,8273.645
1021,6183.0854
1022,6833.396
1023,5128.604
1024,5410.461
1025,3606.94
1026,5240.4424
1027,6346.495
1028,6536.473
1029,6867.7393
1030,6838.899
1031,7570.7065
1032,8048.615
1033,7160.224
1034,5634.659
1035,9045.31
1036,8637.942
1037,5940.3774
1038,7786.541
1039,5154.6953
1040,6672.0728
1041,4375.5376
1042,6732.0405
1043,5263.351
1044,8253.806
1045,6959.531
1046,8637.423
1047,8013.6245
1048,6352.945
1049,7546.245
1050,15040.889
1051,10671.585
1052,6556.4106
1053,3321.1516
1054,6266.63
1055,9283.403
1056,6125.1436
1057,10836.056
1058,13577.397
1059,4142.9507
1060,5533.8945
1061,7708.934
1062,5798.552
1063,8961.422
1064,6510.5386
1065,7605.258
1066,4152.1333
1067,6731.142
1068,7123.311
1069,7018.0513
1070,7475.239
1071,6138.9585
1072,6252.975
1073,6883.295
1074,5336.969
1075,5953.8784
1076,7518.442
1077,5623.0034
1078,6294.048
1079,7051.6006
1080,5572.275
1081,5776.7627
1082,6897.8525
1083,6381.203
1084,7475.089
1085,6307.6543
1086,7031.4116
1087,6131.7256
1088,4543.187
1089,7210.7827
1090,6633.663
1091,5260.43
1092,4929.157
1093,7201.3115
1094,7060.7065
1095,7659.813
1096,7767.27
1097,6229.027
1098,5124.3984
1099,5033.4727
1100,9673.64
1101,5737.8003
1102,7499.6196
1103,14052.809
1104,6962.552
1105,6632.8022
1106,5013.3574
1107,4820.1567
1108,6866.4097
1109,4636.045
1110,5895.828
1111,8717.04
1112,5692.565
1113,13389.493
1114,12168.891
1115,5182.0166
1116,7477.1426
1117,5218.37
1118,7357.709
1119,6000.406
1120,11725.069
1121,7122.2305
1122,8000.2676
1123,5254.8687
1124,7220.5215
1125,5337.9365
1126,8922.812
1127,6704.595
1128,6325.7173
1129,6230.655
1130,5767.3643
1131,8004.1143
1132,8480.802
1133,5949.7344
1134,9623.881
1135,7144.8745
1136,9450.193
1137,4925.557
1138,5615.462
1139,5970.2393
1140,9912.678
1141,7004.4355
1142,7776.2173
1143,6633.435
1144,8153.4966
1145,4969.593
1146,8164.0483
1147,6819.9956
1148,4495.0454
1149,13574.652
1150,14981.074
1151,7451.5835
1152,7506.805
1153,9181.382
1154,9962.447
1155,9774.798
1156,6194.183
1157,7433.3755
1158,5946.659
1159,8177.874
1160,4692.898
1161,5870.9907
1162,5567.154
1163,5695.4053
1164,7239.1953
1165,4873.834
1166,5318.1924
1167,6073.517
1168,4687.8823
1169,4960.49
1170,5534.7817
1171,6320.398
1172,8392.161
1173,8895.289
1174,7394.666
1175,6409.6357
1176,6705.337
1177,9985.287
1178,7292.781
1179,5548.35
1180,4898.924
1181,7820.8237
1182,5225.6274
1183,6730.93
1184,3780.168
1185,5508.952
1186,8468.895
1187,6169.365
1188,5981.451
1189,8032.235
1190,8794.177
1191,9102.663
1192,6241.8257
1193,9630.51
1194,3922.3013
1195,5447.092
1196,6134.4575
1197,4998.3926
1198,6949.0176
1199,5309.1553
1200,6150.3525
1201,7862.1987
1202,10395.918
1203,8164.1885
1204,6045.347
1205,5554.0527
1206,9024.998
1207,7149.217
1208,6584.8193
1209,5277.352
1210,6369.4
1211,8772.187
1212,5117.7065
1213,6825.618
1214,7538.0015
1215,7972.2056
1216,12314.048
1217,6680.4146
1218,11611.402
1219,6681.32
1220,5620.515
1221,3803.7268
1222,6837.112
1223,6613.4272
1224,5108.1816
1225,7175.744
1226,5352.3857
1227,4690.284
1228,6421.8438
1229,4912.002
1230,7836.0186
1231,6392.8022
1232,7641.949
1233,7570.028
1234,5995.4854
1235,7477.6133
1236,6957.3076
1237,5523.7217
1238,5574.3857
1239,6381.063
1240,11006.452
1241,6547.4365
1242,5093.2354
1243,7154.797
1244,8533.632
1245,7056.4854
1246,6624.779
1247,7926.5767
1248,6611.321
1249,5887.4604
1250,6477.283
1251,7752.8965
1252,6436.2485
1253,6930.12
1254,6495.46
1255,5505.144
1256,4375.855
1257,5239.383
1258,7836.796
1259,8485.316
1260,9860.213
1261,11856.698
1262,7936.449
1263,5771.745
1264,5551.585
1265,10571.668
1266,9716.99
1267,7621.4946
1268,8159.0586
1269,8482.273
1270,6044.9897
1271,4285.852
1272,10354.624
1273,5773.149
1274,6608.824
1275,6175.3706
1276,3796.321
1277,10056.875
1278,5944.708
1279,5511.0386
1280,5323.0034
1281,5452.5654
1282,6148.1704
1283,7728.65
1284,6730.8853
1285,5317.8477
1286,4610.6997
1287,4417.8164
1288,4045.555
1289,7182.16
1290,14521.676
1291,5463.019
1292,5455.583
1293,6445.0396
1294,4907.8057
1295,5190.793
1296,5716.119
1297,4759.555
1298,6885.3633
1299,7251.4688
1300,4500.168
1301,7784.5435
1302,5337.626
1303,5471.942
1304,7606.259
1305,7781.9155
1306,9489.284
1307,6161.9434
1308,6437.3535
1309,4898.933
1310,5816.8716
1311,12424.244
1312,9079.937
1313,6628.635
1314,4904.8623
1315,5243.9727
1316,5879.862
1317,4869.7583
1318,9395.452
1319,5391.6875
1320,5923.381
1321,7054.7085
1322,5516.382
1323,6267.3057
1324,7063.084
1325,7411.026
1326,7100.4375
1327,4564.3633
1328,5789.748
1329,6974.7686
1330,8855.367
1331,7790.307
1332,7193.705
1333,4651.0737
1334,7201.2295
1335,5492.786
1336,6116.4736
1337,7061.582
1338,7033.7725
1339,6667.8105
1340,7297.965
1341,6586.8926
1342,6724.481
1343,5576.055
1344,6728.08
1345,7034.222
1346,5910.3945
1347,8234.117
1348,6240.8076
1349,5689.335
1350,9080.248
1351,5506.4463
1352,4492.654
1353,7934.3223
1354,7659.5356
1355,10152.769
1356,5245.2583
1357,6649.0054
1358,6237.1064
1359,7020.8228
1360,6134.264
1361,7379.5244
1362,3463.1936
1363,6249.9336
1364,6143.7036
1365,5736.717
1366,4680.4473
1367,7315.3877
1368,7311.8506
1369,5465.2915
1370,8149.1504
1371,7447.7324
1372,8730.402
1373,4934.868
1374,6371.843
1375,6344.2856
1376,7381.32
1377,7441.661
1378,4986.2544
1379,6956.173
1380,7973.81
1381,7072.441
1382,5436.6426
1383,3872.1804
1384,6587.1377
1385,6640.956
1386,8983.261
1387,6953.9834
1388,5820.8066
1389,8219.6875
1390,6657.077
1391,6146.4463
1392,7543.9497
1393,5646.006
1394,7732.698
1395,10077.308
1396,7721.282
1397,4941.9863
1398,5982.53
1399,4777.9053
1400,3575.822
1401,7991.7256
1402,5782.1265
1403,8755.06
1404,4667.9634
1405,6840.06
1406,6555.61
1407,10195.066
1408,4749.2065
1409,5956.321
1410,6167.612
1411,7982.348
1412,5475.8477
1413,7646.783
1414,7874.9424
1415,8758.51
1416,6700.248
1417,7472.2734
1418,6176.2188
1419,4750.561
1420,5460.6484
1421,9727.311
1422,9260.402
1423,6692.8325
1424,13702.06
1425,6286.6978
1426,5986.5366
1427,6294.1196
1428,7728.2446
1429,8779.561
1430,7252.1675
1431,7307.4307
1432,7939.5684
1433,6977.39
1434,7022.2227
1435,5789.6206
1436,5619.2876
1437,5498.636
1438,4803.408
1439,5462.6333
1440,7876.332
1441,14225.089
1442,7079.2173
1443,6062.682
1444,7104.7324
1445,4441.86
1446,6451.22
1447,4275.823
1448,9042.679
1449,6319.2285
1450,6775.058
1451,10529.053
1452,10923.469
1453,6333.7896
1454,7515.8394
1455,4188.4727
1456,6164.63
1457,5583.7783
1458,7727.53
1459,5295.8584
1460,4365.711
1461,5737.6196
1462,5520.035
1463,7053.7935
1464,6683.729
1465,4101.2744
1466,7163.619
1467,6815.853
1468,7357.5054
1469,4857.844
1470,4781.0737
1471,7589.323
1472,4516.936
1473,9080.465
1474,5599.9126
1475,5208.0967
1476,7116.126
1477,6096.4956
1478,4910.8496
1479,6100.713
1480,6682.0845
1481,8932.093
1482,9753.248
1483,6475.158
1484,4469.7676
1485,6043.5713
1486,7006.146
1487,5873.343
1488,5544.277
1489,6209.291
1490,10807.6
1491,8128.4087
1492,6828.3335
1493,6803.1685
1494,4774.971
1495,8678.349
1496,5838.8286
1497,11394.522
1498,6758.8574
1499,5617.353
1500,5393.864
1501,4248.6924
1502,7260.8677
1503,14416.6455
1504,4487.7793
1505,5400.86
1506,9219.941
1507,7373.2065
1508,6889.4033
1509,7654.146
1510,6346.852
1511,5139.6177
1512,5021.0146
1513,8208.452
1514,5903.69
1515,6501.286
1516,7031.2773
1517,5309.0845
1518,7520.2207
1519,6400.7524
1520,3961.2444
1521,8605.411
1522,8172.3145
1523,4664.567
1524,7396.5566
1525,6504.7227
1526,4971.034
1527,9069.178
1528,6448.569
1529,8137.275
1530,5271.375
1531,5327.7275
1532,6663.493
1533,4227.597
1534,7807.6914
1535,4410.591
1536,6058.514
1537,5233.2446
1538,6247.6035
1539,5948.151
1540,6728.7285
1541,7588.7876
1542,7476.986
1543,6899.4775
1544,7580.967
1545,6483.155
1546,7209.6274
1547,8326.153
1548,7552.481
1549,3748.0745
1550,6263.433
1551,7032.2095
1552,4817.3853
1553,9553.88
1554,6257.2646
1555,8207.059
1556,9229.364
1557,6985.6074
1558,4645.456
1559,10500.101
1560,9509.579
1561,6273.813
1562,7839.248
1563,8500.658
1564,6155.288
1565,5751.762
1566,6821.075
1567,6272.76
1568,5660.3867
1569,6883.0454
1570,5441.099
1571,6093.0483
1572,7121.5176
1573,6667.6704
1574,7915.871
1575,6378.252
1576,6625.12
1577,3966.5798
1578,8105.098
1579,6818.265
1580,5978.622
1581,6722.8135
1582,6998.225
1583,8647.034
1584,5967.0854
1585,5204.4766
1586,6390.2173
1587,6808.66
1588,7384.2983
1589,5092.929
1590,4686.4336
1591,7460.836
1592,6218.027
1593,6074.4443
1594,7539.26
1595,6742.046
1596,6444.283
1597,4938.7817
1598,4257.0938
1599,6886.585
1600,6689.2773
1601,6397.9326
1602,8931.667
1603,7543.748
1604,5577.0073
1605,8133.6357
1606,3923.8394
1607,3867.9387
1608,6789.7495
1609,10488.07
1610,7753.909
1611,7139.3496
1612,5093.634
1613,7291.459
1614,9341.197
1615,5847.6294
1616,7602.226
1617,5843.0405
1618,4554.069
1619,5242.097
1620,5917.7393
1621,6018.8516
1622,4850.8525
1623,5732.729
1624,4970.797
1625,7118.5767
1626,7168.062
1627,5745.8784
1628,6289.793
1629,7802.5396
1630,5537.6226
1631,5182.1504
1632,8210.136
1633,7792.6406
1634,6268.86
1635,4168.543
1636,11199.998
1637,6136.898
1638,5775.2695
1639,8484.167
1640,8082.156
1641,7802.927
1642,6623.945
1643,7113.086
1644,9233.564
1645,12929.934
1646,4992.027
1647,5034.702
1648,5199.7725
1649,6716.7437
1650,6769.2188
1651,8318.296
1652,8365.2295
1653,5973.925
1654,4852.8193
1655,6327.4854
1656,8430.927
1657,5103.0776
1658,6735.188
1659,4452.444
1660,6856.1743
1661,7503.591
1662,7367.3647
1663,8677.587
1664,6506.3857
1665,4277.6426
1666,6617.289
1667,7537.635
1668,8200.299
1669,7095.908
1670,7343.1963
1671,6637.3525
1672,4951.2627
1673,9371.137
1674,4769.8726
1675,9599.44
1676,6272.5083
1677,4587.427
1678,6760.9463
1679,6209.4624
1680,6792.321
1681,7741.8857
1682,4062.3767
1683,4578.9106
1684,6736.216
1685,9540.704
1686,9220.917
1687,5278.802
1688,6829.343
1689,7060.7065
1690,6313.3423
1691,5804.8716
1692,9568.16
1693,8199.438
1694,10705.123
1695,4607.9473
1696,6071.6577
1697,8844.513
1698,8436.115
1699,5363.7524
1700,9323.155
1701,6512.6504
1702,5278.9126
1703,5609.5996
1704,4687.4756
1705,5389.8213
1706,6386.9453
1707,5060.842
1708,5495.8364
1709,9738.199
1710,7154.5923
1711,16234.599
1712,6074.2065
1713,5236.43
1714,7872.3813
1715,10159.085
1716,6342.271
1717,7722.048
1718,6429.2534
1719,8330.603
1720,8320.874
1721,5914.8726
1722,6255.874
1723,7369.5293
1724,8272.391
1725,7242.414
1726,8372.405
1727,6062.775
1728,5372.38
1729,6234.1265
1730,10591.499
1731,11600.499
1732,10590.065
1733,8201.98
1734,5612.784
1735,6316.8
1736,4938.786
1737,8723.353
1738,10105.296
1739,10086.298
1740,6598.9536
1741,5883.806
1742,5525.171
1743,6438.2744
1744,10378.116
1745,7424.129
1746,5603.241
1747,5629.089
1748,7983.985
1749,4820.3037
1750,7801.7734
1751,4908.99
1752,7369.192
1753,7833.687
1754,6113.884
1755,7813.748
1756,6614.5757
1757,5609.0327
1758,6798.9126
1759,7096.1855
1760,10610.893
1761,6901.4326
1762,8795.2
1763,8041.7324
1764,9867.476
1765,7207.531
1766,10153.824
1767,5520.3403
1768,5475.717
1769,7736.9917
1770,6895.6553
1771,9167.504
1772,8239.051
1773,6066.1704
1774,7431.596
1775,7007.737
1776,11178.878
1777,4944.598
1778,12802.182
1779,5339.0366
1780,6956.75
1781,8757.892
1782,6572.0444
1783,6968.7173
1784,7830.8706
1785,7375.2954
1786,5752.706
1787,5863.7876
1788,8252.216
1789,7282.5835
1790,8158.2104
1791,5162.8145
1792,8219.154
1793,10498.408
1794,7198.4688
1795,5369.1626
1796,7512.5923
1797,6724.2246
1798,6676.8984
1799,7321.635
1800,4998.879
1801,7762.493
1802,7271.27
1803,7887.0366
1804,7455.394
1805,5531.4775
1806,6751.074
1807,6184.719
1808,7835.944
1809,8446.501
1810,5691.0884
1811,6000.211
1812,6785.2954
1813,6289.9966
1814,6512.172
1815,9287.796
1816,7748.601
1817,7765.2183
1818,6404.117
1819,5532.2534
1820,6975.68
1821,9087.777
1822,8724.816
1823,8420.561
1824,8560.738
1825,6718.5957
1826,8772.237
1827,6805.8164
1828,8192.449
1829,9311.416
1830,7227.4805
1831,10138.825
1832,8746.68
1833,8310.009
1834,6699.6025
1835,8199.36
1836,7879.345
1837,6941.6177
1838,5192.2437
1839,6840.0146
1840,8185.3887
1841,7426.5156
1842,6023.5327
1843,8282.551
1844,7386.292
1845,6973.1255
1846,6947.818
1847,5899.991
1848,7682.099
1849,7647.7095
1850,7411.1743
1851,6160.6504
1852,6179.9546
1853,7507.2417
1854,4522.4375
1855,6889.7188
1856,5532.9814
1857,8671.63
1858,7576.4707
1859,6964.9697
1860,9303.001
1861,6237.499
1862,5665.3887
1863,10952.095
1864,6951.669
1865,7271.6377
1866,8938.161
1867,5659.4478
1868,6678.688
1869,6039.031
1870,8056.5723
1871,10342.464
1872,6526.0884
1873,3671.4536
1874,5853.617
1875,8283.341
1876,8711.596
1877,6949.753
1878,7594.58
1879,5448.0947
1880,5709.8853
1881,3947.9395
1882,5813.3105
1883,6682.027
1884,6880.682
1885,7590.047
1886,7525.401
1887,7899.7227
1888,8200.604
1889,7592.212
1890,5932.677
1891,9953.263
1892,9390.874
1893,6535.108
1894,8754.166
1895,5476.1294
1896,7166.0044
1897,4672.8325
1898,7208.397
1899,5618.076
1900,8916.125
1901,7457.151
1902,9470.911
1903,8591.174
1904,6729.1455
1905,8060.2847
1906,16155.532
1907,11494.823
1908,7200.8174
1909,3642.5547
1910,6569.876
1911,10555.94
1912,6886.3813
1913,11560.924
1914,14576.389
1915,4533.0317
1916,6001.8423
1917,8444.238
1918,6289.589
1919,9763.03
1920,7117.3003
1921,8193.731
1922,4446.557
1923,7442.584
1924,7530.2334
1925,7537.8936
1926,7997.048
1927,6648.46
1928,6618.261
1929,7577.078
1930,5870.778
1931,6551.553
1932,8232.052
1933,6094.356
1934,6815.697
1935,7828.929
1936,6151.056
1937,6397.78
1938,7612.791
1939,7059.232
1940,8073.0723
1941,6625.841
1942,7808.8457
1943,6619.707
1944,4827.878
1945,7852.808
1946,7280.104
1947,5592.1196
1948,5407.974
1949,7913.5005
1950,7565.1196
1951,8543.592
1952,8352.784
1953,6692.5645
1954,5569.087
1955,5360.239
1956,10438.074
1957,6151.8486
1958,8078.4023
1959,15356.782
1960,7302.9224
1961,7136.8784
1962,5204.2134
1963,5331.515
1964,7609.662
1965,5024.2676
1966,6478.216
1967,9405.153
1968,6086.0376
1969,14907.742
1970,13852.563
1971,5561.878
1972,8038.481
1973,5613.336
1974,7967.3633
1975,6854.0757
1976,12222.291
1977,7572.555
1978,8650.499
1979,5917.0283
1980,7818.81
1981,5578.4385
1982,9577.373
1983,7079.197
1984,6648.276
1985,6640.044
1986,6008.3433
1987,8615.742
1988,9117.687
1989,6235.173
1990,10705.368
1991,7703.877
1992,10005.0205
1993,5478.4805
1994,6117.308
1995,6438.6123
1996,10664.045
1997,7429.8667
1998,8415.646
1999,7270.5835
2000,8834.446
2001,5249.0474
2002,9050.919
2003,7352.812
2004,4834.7446
2005,14892.579
2006,16120.178
2007,8106.838
2008,8049.322
2009,10201.914
2010,10972.933
2011,10546.4
2012,6682.594
2013,8187.3643
2014,6345.042
2015,8785.366
2016,5135.6387
2017,6560.201
2018,5908.912
2019,6206.792
2020,7867.9526
2021,5242.7275
2022,5844.172
2023,6336.2485
2024,5102.289
2025,5403.813
2026,5931.33
2027,7048.9375
2028,8946.135
2029,9331.011
2030,7934.822
2031,6812.7397
2032,7103.831
2033,10750.102
2034,8134.2173
2035,6080.276
2036,5456.077
2037,8284.598
2038,5658.643
2039,7061.609
2040,4087.3433
2041,6300.3604
2042,9463.037
2043,6653.078
2044,6202.7734
2045,8464.962
2046,9446.94
2047,10010.5
2048,6640.639
2049,10454.933
2050,4320.1997
2051,5999.736
2052,6765.8555
2053,5452.363
2054,7947.266
2055,5875.1025
2056,6626.188
2057,8482.84
2058,11492.16
2059,8658.382
2060,6624.9116
2061,5926.099
2062,9299.399
2063,7554.174
2064,7195.6475
2065,5573.1255
2066,6881.2334
2067,9658.75
2068,5510.55
2069,7488.2837
2070,7944.106
2071,8610.567
2072,13337.963
2073,7055.718
2074,12688.44
2075,7230.901
2076,5936.282
2077,4328.5566
2078,7831.3936
2079,7222.2227
2080,5425.075
2081,7677.426
2082,5742.788
2083,5065.2705
2084,6915.9956
2085,5288.2715
2086,8613.853
2087,6854.18
2088,8363.841
2089,8030.174
2090,6488.6606
2091,8091.0796
2092,7665.872
2093,5858.7954
2094,5831.582
2095,6879.593
2096,12813.872
2097,6985.9272
2098,5463.441
2099,7770.1597
2100,9225.148
2101,7507.8506
2102,7292.419
2103,8583.36
2104,7320.79
2105,6027.257
2106,6894.636
2107,8141.071
2108,7264.8784
2109,7525.7744
2110,6867.366
2111,5825.6553
2112,4729.058
2113,5540.0
2114,8199.837
2115,9036.126
2116,10481.84
2117,12760.917
2118,8364.017
2119,6222.0674
2120,6011.5996
2121,11389.514
2122,10522.106
2123,8311.507
2124,9015.087
2125,9113.627
2126,6427.0156
2127,4745.81
2128,11382.433
2129,6297.5366
2130,7211.9453
2131,6490.264
2132,4171.809
2133,11000.471
2134,6201.058
2135,5914.032
2136,5759.7285
2137,5906.9004
2138,6628.5083
2139,8564.699
2140,7217.5195
2141,5671.715
2142,4865.9277
2143,5027.029
2144,4457.7305
2145,7721.1714
2146,15293.363
2147,5996.5605
2148,5804.7275
2149,7010.538
2150,5280.141
2151,5645.2197
2152,6140.458
2153,5424.268
2154,7624.7085
2155,7644.6025
2156,4887.521
2157,8405.3545
2158,5865.5273
2159,5906.405
2160,8122.1313
2161,8490.854
2162,10321.849
2163,6704.704
2164,7288.5386
2165,5341.5225
2166,6213.6694
2167,13390.668
2168,9882.158
2169,7043.1714
2170,5277.251
2171,5575.343
2172,6344.3037
2173,5407.278
2174,9995.73
2175,5966.01
2176,6456.0093
2177,7403.177
2178,5772.885
2179,6882.7236
2180,7921.1123
2181,7890.8667
2182,7613.183
2183,5068.1797
2184,6364.9
2185,7502.6177
2186,9751.379
2187,8329.593
2188,7648.483
2189,5174.6816
2190,7861.569
2191,6037.3545
2192,6524.0776
2193,7708.0005
2194,7589.0264
2195,7263.195
2196,7727.08
2197,7127.2935
2198,7323.2344
2199,6028.654
2200,7413.4937
2201,7453.9507
2202,6445.58
2203,8672.357
2204,6720.345
2205,6250.345
2206,9660.013
2207,5989.781
2208,4748.187
2209,9062.494
2210,8263.952
2211,11725.685
2212,5693.325
2213,7173.8896
2214,6903.467
2215,7949.146
2216,6470.1636
2217,7853.2803
2218,3878.3428
2219,7026.8994
2220,6570.6465
2221,6350.122
2222,5194.8496
2223,7873.275
2224,8016.713
2225,5896.745
2226,9261.541
2227,7865.4463
2228,9396.1875
2229,5132.9546
2230,7026.142
2231,6779.6475
2232,7754.531
2233,8094.607
2234,5426.923
2235,7512.227
2236,8746.263
2237,7531.2603
2238,6013.0273
2239,4264.19
2240,7072.812
2241,7317.7603
2242,9700.267
2243,7493.785
2244,6590.481
2245,8780.759
2246,7623.1523
2247,6657.109
2248,8329.387
2249,6072.034
2250,8604.837
2251,10899.377
2252,8503.424
2253,5348.4
2254,6540.3086
2255,5279.376
2256,4075.251
2257,8723.277
2258,6068.462
2259,9585.625
2260,5133.7725
2261,7375.809
2262,7216.2803
2263,11622.792
2264,4945.8438
2265,6455.523
2266,6659.1157
2267,8768.573
2268,5810.777
2269,8014.19
2270,8484.216
2271,9916.564
2272,7095.8135
2273,8006.7104
2274,6578.0024
2275,5274.9263
2276,5783.5107
2277,10421.272
2278,9932.628
2279,7138.839
2280,14437.698
2281,7047.055
2282,6320.1143
2283,7111.967
2284,8217.602
2285,9337.75
2286,7770.523
2287,7771.405
2288,8452.11
2289,7722.8286
2290,7353.787
2291,6336.418
2292,6176.8843
2293,5811.226
2294,5333.6055
2295,5880.5913
2296,8389.744
2297,16080.929
2298,7665.799
2299,6500.927
2300,7976.6016
2301,4769.349
2302,6778.367
2303,4191.3384
2304,10085.548
2305,6720.467
2306,7310.3164
2307,11360.188
2308,11539.663
2309,6872.156
2310,8329.696
2311,4533.183
2312,6979.76
2313,5939.443
2314,8093.773
2315,5759.481
2316,4548.0693
2317,6436.015
2318,5788.373
2319,7755.492
2320,7224.903
2321,4365.5317
2322,7437.9355
2323,7405.811
2324,7590.8794
2325,5338.9243
2326,5132.4014
2327,8098.6304
2328,4944.7163
2329,9822.76
2330,6150.675
2331,5807.364
2332,7634.38
2333,6699.909
2334,5206.06
2335,6698.7397
2336,7730.2573
2337,9868.623
2338,10912.265
2339,6818.7725
2340,4992.6177
2341,6710.7886
2342,7782.7544
2343,6254.5557
2344,6011.4966
2345,6656.036
2346,11937.727
2347,8821.782
2348,7251.3237
2349,7453.8086
2350,5334.8315
2351,9353.804
2352,6513.427
2353,12639.113
2354,7286.4814
2355,5989.981
2356,5965.27
2357,4542.0864
2358,8021.0957
2359,14682.904
2360,4906.4624
2361,5707.0864
2362,10143.216
2363,8166.346
2364,7453.4673
2365,8094.3984
2366,6797.7974
2367,5324.8726
2368,5462.7847
2369,8965.508
2370,6462.7
2371,7146.7285
2372,7536.0674
2373,5849.816
2374,8112.345
2375,6744.426
2376,4244.2974
2377,9199.8955
2378,8854.861
2379,5163.194
2380,7986.3765
2381,6700.5103
2382,5245.4087
2383,10011.817
2384,6841.8677
2385,8929.955
2386,5763.9766
2387,5726.4824
2388,7023.951
2389,4521.234
2390,8434.716
2391,4953.889
2392,6609.978
2393,5768.723
2394,6646.0635
2395,6617.8193
2396,7217.0166
2397,7970.8296
2398,7872.757
2399,7423.555
2400,8201.042
2401,7123.0796
2402,8174.4897
2403,8994.81
2404,8195.787
2405,3839.4893
2406,6886.854
2407,7553.0283
2408,5332.074
2409,10078.471
2410,6678.8794
2411,9273.634
2412,10464.489
2413,7584.9307
2414,5142.04
2415,11358.011
2416,10111.235
2417,6678.7266
2418,8899.159
2419,9187.593
2420,6741.229
2421,6521.546
2422,7455.4014
2423,6905.818
2424,6250.3867
2425,7630.507
2426,5733.347
2427,6621.791
2428,7470.342
2429,7358.6143
2430,8512.634
2431,6865.5586
2432,7483.464
2433,4235.852
2434,8665.032
2435,7315.7783
2436,6399.623
2437,7479.682
2438,7680.641
2439,9559.6045
2440,6567.4575
2441,5627.9883
2442,6726.8223
2443,7205.324
2444,8148.202
2445,5462.5293
2446,5164.711
2447,8118.638
2448,6712.2734
2449,6746.504
2450,8018.8696
2451,7152.0815
2452,7126.9604
2453,5320.8867
2454,4612.38
2455,7334.6426
2456,7099.936
2457,7329.6074
2458,9827.155
2459,8193.841
2460,6186.448
2461,8855.756
2462,4161.2925
2463,4248.7085
2464,7394.6733
2465,12159.134
2466,8364.16
2467,7868.0728
2468,5616.2227
2469,8100.917
2470,10571.507
2471,6277.4404
2472,8163.0054
2473,6320.663
2474,4926.7456
2475,5798.1924
2476,6511.5635
2477,6787.2563
2478,5217.8823
2479,6149.2144
2480,5305.8594
2481,7893.012
2482,8029.745
2483,6108.8184
2484,6885.534
2485,8351.653
2486,5743.8784
2487,5940.179
2488,8727.322
2489,8379.915
2490,6654.798
2491,4443.7417
2492,12551.648
2493,6419.584
2494,6210.0073
2495,9063.6875
2496,9093.977
2497,8489.089
2498,7163.749
2499,7881.2314
2500,10828.276
2501,14646.651
2502,5596.1694
2503,5514.6724
2504,5551.4575
2505,7307.291
2506,7325.526
2507,9203.099
2508,9169.306
2509,6617.4404
2510,5247.18
2511,7228.963
2512,9049.185
2513,5633.9663
2514,7301.954
2515,4986.844
2516,7156.4077
2517,8273.266
2518,8040.367
2519,9590.984
2520,7033.216
2521,4613.7617
2522,7101.0874
2523,8367.695
2524,8968.903
2525,7744.116
2526,7868.523
2527,7591.618
2528,5394.5684
2529,10089.906
2530,5227.7666
2531,10585.985
2532,6644.7197
2533,4904.834
2534,7393.6577
2535,6780.346
2536,7308.7617
2537,8431.394
2538,4581.4272
2539,5052.348
2540,7159.043
2541,10394.253
2542,10222.554
2543,5609.4287
2544,7737.1025
2545,8019.4893
2546,6835.8403
2547,6286.482
2548,10408.806
2549,8901.697
2550,12128.187
2551,5089.7334
2552,6776.383
2553,9184.352
2554,9590.683
2555,5875.859
2556,10068.632
2557,7212.874
2558,5673.8467
2559,6510.408
2560,5092.5938
2561,5851.2896
2562,7042.3584
2563,5482.6523
2564,5939.8394
2565,10531.755
2566,7767.3735
2567,17564.803
2568,6539.922
2569,6502.6943
2570,9613.99
2571,12409.9375
2572,7888.0073
2573,9413.58
2574,7949.313
2575,10047.633
2576,10416.334
2577,7139.6084
2578,8017.9595
2579,9408.572
2580,10003.122
2581,9090.508
2582,10233.528
2583,7502.088
2584,6724.712
2585,7817.55
2586,13175.834
2587,14113.843
2588,12659.948
2589,10080.095
2590,6859.674
2591,7845.434
2592,6145.28
2593,10500.832
2594,12596.284
2595,11962.893
2596,8292.076
2597,7004.1885
2598,6676.0386
2599,7864.1714
2600,12242.065
2601,9193.492
2602,6989.5664
2603,7144.377
2604,9125.438
2605,5962.1074
2606,9609.838
2607,6111.441
2608,9252.112
2609,9937.261
2610,7382.1577
2611,9647.546
2612,8062.5605
2613,6705.1577
2614,8507.878
2615,8953.117
2616,13011.121
2617,8666.752
2618,10464.39
2619,9213.129
2620,12470.627
2621,8868.596
2622,12355.058
2623,6946.3403
2624,6624.305
2625,9448.355
2626,8603.68
2627,11423.619
2628,10029.709
2629,7590.981
2630,9263.265
2631,8561.154
2632,13716.115
2633,6187.5337
2634,15453.974
2635,6629.1216
2636,8461.902
2637,10521.093
2638,8264.709
2639,8228.605
2640,9608.912
2641,9150.662
2642,7096.091
2643,7226.2124
2644,10184.716
2645,9054.935
2646,9681.162
2647,6307.684
2648,10117.775
2649,12919.875
2650,8708.355
2651,6482.9756
2652,9335.916
2653,8277.56
2654,8249.454
2655,8918.09
2656,6153.709
2657,9585.149
2658,8796.425
2659,9648.079
2660,9001.907
2661,6808.212
2662,8464.356
2663,7889.813
2664,9597.298
2665,10522.989
2666,7238.0425
2667,7448.6274
2668,8381.059
2669,7732.2114
2670,7900.642
2671,11240.663
2672,9719.9
2673,9334.874
2674,7935.556
2675,6794.2065
2676,8653.733
2677,10993.244
2678,9952.655
2679,10467.135
2680,10568.553
2681,8484.871
2682,10874.415
2683,8332.62
2684,10114.08
2685,11445.081
2686,9078.958
2687,12155.573
2688,10914.981
2689,10256.168
2690,8256.468
2691,9917.538
2692,10027.729
2693,8706.346
2694,6455.0366
2695,7896.2803
2696,9948.641
2697,9122.837
2698,7553.4824
2699,10140.595
2700,8626.77
2701,8440.502
2702,8610.255
2703,7168.0347
2704,9269.681
2705,9516.965
2706,9126.135
2707,7863.0464
2708,7506.354
2709,9224.137
2710,5583.2563
2711,8365.134
2712,7030.9824
2713,10609.223
2714,9200.019
2715,8362.27
2716,11293.027
2717,7620.1353
2718,6944.5186
2719,12710.859
2720,8615.027
2721,9100.129
2722,11004.186
2723,6999.801
2724,8209.446
2725,7353.689
2726,9804.732
2727,12766.748
2728,7870.197
2729,4592.6064
2730,7167.023
2731,10151.752
2732,10736.627
2733,8386.04
2734,9103.314
2735,6699.2446
2736,7109.9727
2737,4795.159
2738,7156.2505
2739,8315.527
2740,8475.764
2741,9280.482
2742,9213.612
2743,10158.097
2744,10285.203
2745,9358.739
2746,7540.5396
2747,12186.056
2748,11667.141
2749,8088.8496
2750,10424.364
2751,6698.7397
2752,8747.223
2753,6054.9727
2754,8705.706
2755,6990.493
2756,10736.33
2757,9167.74
2758,11139.54
2759,10136.93
2760,8298.081
2761,10003.7705
2762,18563.709
2763,14726.871
2764,8205.658
2765,4571.989
2766,8388.023
2767,12288.952
2768,8327.885
2769,12742.139
2770,15493.052
2771,5366.255
2772,7327.4893
2773,10418.033
2774,7698.339
2775,11575.996
2776,8784.276
2777,9985.659
2778,5566.872
2779,9101.613
2780,9344.958
2781,9154.337
2782,9838.784
2783,8287.371
2784,8172.9614
2785,9160.127
2786,7169.915
2787,8021.325
2788,10031.565
2789,7737.2427
2790,8492.0205
2791,9744.601
2792,7570.7715
2793,7595.6377
2794,9186.174
2795,8689.944
2796,10113.289
2797,8247.581
2798,8990.101
2799,8046.282
2800,6116.806
2801,9688.303
2802,8913.294
2803,6895.971
2804,6597.242
2805,9978.89
2806,9471.164
2807,10302.591
2808,10043.982
2809,8389.136
2810,6907.07
2811,6472.2
2812,13284.211
2813,7617.7593
2814,9910.39
2815,17668.13
2816,9022.253
2817,8784.629
2818,6515.465
2819,6547.686
2820,9425.772
2821,6137.243
2822,7805.8594
2823,11290.292
2824,7541.5825
2825,16172.443
2826,16471.127
2827,6881.818
2828,9634.534
2829,6801.4424
2830,9669.876
2831,8212.768
2832,14465.457
2833,9431.636
2834,10540.93
2835,7022.879
2836,9489.583
2837,7038.1953
2838,11503.433
2839,9064.742
2840,8149.446
2841,8300.368
2842,7192.477
2843,10494.845
2844,11072.86
2845,7837.656
2846,13250.21
2847,9459.148
2848,11877.795
2849,6662.2095
2850,7463.8965
2851,7836.0635
2852,13019.637
2853,9146.909
2854,10649.693
2855,8817.804
2856,10818.852
2857,6578.837
2858,10618.161
2859,8895.068
2860,6000.898
2861,18023.756
2862,19076.303
2863,10025.377
2864,9875.355
2865,12237.232
2866,13434.442
2867,12795.834
2868,8143.898
2869,10024.057
2870,7804.021
2871,10917.209
2872,6171.1367
2873,7663.6934
2874,7245.7305
2875,7801.282
2876,9680.507
2877,6359.45
2878,7344.3384
2879,7928.694
2880,6417.5513
2881,6696.076
2882,7207.613
2883,8499.41
2884,11044.329
2885,11941.644
2886,9477.462
2887,8368.677
2888,8769.895
2889,13066.66
2890,9693.201
2891,7641.038
2892,6360.6514
2893,10302.03
2894,6847.796
2895,9049.0205
2896,4976.148
2897,7446.042
2898,11040.465
2899,8029.5386
2900,7658.396
2901,10480.681
2902,11642.597
2903,12106.078
2904,8018.166
2905,12421.045
2906,5289.467
2907,7446.248
2908,8263.148
2909,6736.8003
2910,9392.379
2911,7204.8154
2912,8016.055
2913,10307.554
2914,12915.144
2915,10666.7
2916,8318.573
2917,7417.914
2918,11234.125
2919,9353.286
2920,8482.282
2921,6968.458
2922,8461.442
2923,11271.421
2924,6748.7563
2925,9240.004
2926,9833.062
2927,10414.903
2928,16140.5625
2929,8707.151
2930,14957.09
2931,8929.623
2932,7325.742
2933,5202.0894
2934,9230.298
2935,9154.145
2936,6750.1147
2937,9399.979
2938,7040.196
2939,6224.4893
2940,8491.493
2941,6399.605
2942,10319.299
2943,8588.028
2944,10268.227
2945,10207.297
2946,8042.3384
2947,9791.313
2948,9277.747
2949,7154.4487
2950,7206.4033
2951,8261.69
2952,14581.394
2953,8516.816
2954,6634.5044
2955,9665.081
2956,11073.874
2957,9305.726
2958,8996.611
2959,10417.486
2960,8982.387
2961,6879.0615
2962,8463.138
2963,10411.686
2964,8612.694
2965,9196.202
2966,8630.728
2967,7133.4346
2968,5744.832
2969,7125.451
2970,10451.722
2971,10910.495
2972,12899.952
2973,14995.655
2974,10353.054
2975,7571.833
2976,7307.152
2977,13710.19
2978,12752.692
2979,10407.158
2980,11061.186
2981,10998.7295
2982,7846.2124
2983,5823.0444
2984,13607.019
2985,7637.963
2986,8739.3
2987,7861.1113
2988,5190.075
2989,13238.248
2990,8028.2827
2991,7165.7036
2992,6970.12
2993,7150.2876
2994,8018.862
2995,10596.703
2996,9084.104
2997,6904.5796
2998,5949.6377
2999,5980.1963
3000,5469.5884
3001,9600.338
3002,17415.709
3003,7265.426
3004,7213.493
3005,8246.126
3006,6438.6
3007,7193.129
3008,7507.8647
3009,6661.873
3010,9259.828
3011,9530.118
3012,5993.17
3013,10531.694
3014,7329.803
3015,7164.412
3016,10014.969
3017,10556.826
3018,12140.963
3019,8115.7427
3020,8816.777
3021,6784.538
3022,7655.5547
3023,15349.753
3024,12126.659
3025,8682.521
3026,6361.707
3027,6922.767
3028,7767.522
3029,6633.5425
3030,12069.129
3031,6966.1787
3032,7841.9927
3033,9449.157
3034,7356.3335
3035,8547.603
3036,9780.915
3037,9760.739
3038,9675.264
3039,6262.011
3040,7676.8843
3041,9103.367
3042,12170.167
3043,10365.671
3044,9442.364
3045,6314.408
3046,9564.511
3047,7290.513
3048,7879.9614
3049,9754.346
3050,9207.743
3051,8962.55
3052,9539.512
3053,8625.025
3054,9050.53
3055,7442.6904
3056,9096.128
3057,9601.024
3058,8133.628
3059,10785.708
3060,8425.879
3061,7641.949
3062,11925.618
3063,7323.067
3064,6115.126
3065,10663.201
3066,10441.968
3067,13652.203
3068,6912.652
3069,8704.071
3070,8373.028
3071,9615.88
3072,8028.7188
3073,9581.22
3074,4882.936
3075,8205.775
3076,8166.011
3077,7844.2217
3078,6301.845
3079,9582.061
3080,9966.125
3081,7153.3843
3082,10992.877
3083,9982.479
3084,11537.594
3085,6391.01
3086,8553.678
3087,8344.065
3088,9505.263
3089,9972.201
3090,6743.615
3091,9450.906
3092,10557.33
3093,9474.498
3094,7302.4556
3095,5175.827
3096,8728.237
3097,8954.92
3098,11809.32
3099,9365.186
3100,7972.373
3101,10731.017
3102,9185.622
3103,8538.338
3104,9842.098
3105,7498.6826
3106,10228.122
3107,13785.794
3108,10084.903
3109,6501.547
3110,8249.21
3111,6502.291
3112,4857.1816
3113,11036.021
3114,7490.941
3115,11597.557
3116,6484.9053
3117,9361.176
3118,8860.369
3119,13228.454
3120,6170.9365
3121,8087.453
3122,8342.338
3123,10735.634
3124,7169.498
3125,9610.772
3126,10249.6455
3127,11995.764
3128,8702.917
3129,9857.044
3130,8109.096
3131,6472.2373
3132,7380.017
3133,12727.346
3134,11851.848
3135,8622.467
3136,16260.197
3137,8336.921
3138,7919.8887
3139,8426.337
3140,10110.318
3141,11671.647
3142,9551.548
3143,9620.319
3144,10544.56
3145,9369.707
3146,9352.439
3147,7962.1064
3148,7524.073
3149,7473.827
3150,6589.0415
3151,7176.6885
3152,10780.575
3153,18133.38
3154,9276.677
3155,7908.634
3156,9450.743
3157,5890.185
3158,8509.46
3159,4973.69
3160,12007.084
3161,8299.94
3162,8887.563
3163,13757.2
3164,13026.406
3165,8203.217
3166,10118.316
3167,5524.665
3168,8443.264
3169,7267.706
3170,10302.07
3171,7307.131
3172,5735.3433
3173,7734.5347
3174,7218.9375
3175,9426.365
3176,8945.981
3177,5306.4365
3178,9325.699
3179,9131.516
3180,9664.141
3181,6540.408
3182,6620.61
3183,9836.27
3184,5990.7295
3185,11899.226
3186,7451.2563
3187,7254.9004
3188,9514.27
3189,8181.4863
3190,6374.955
3191,8536.889
3192,9062.918
3193,12203.293
3194,13080.426
3195,8451.5625
3196,5985.075
3197,8232.609
3198,9384.804
3199,7694.0737
3200,7739.1763
3201,8055.8115
3202,14061.456
3203,10961.6875
3204,8752.2295
3205,8969.965
3206,6403.3784
3207,11358.867
3208,7988.8984
3209,15440.905
3210,9031.163
3211,7606.9697
3212,7293.2886
3213,5568.853
3214,9841.619
3215,18752.723
3216,6159.135
3217,7349.1733
3218,12045.577
3219,9529.772
3220,9239.528
3221,10065.061
3222,8789.926
3223,6807.277
3224,6962.3594
3225,10971.227
3226,7966.3525
3227,8823.642
3228,9306.036
3229,7089.468
3230,10058.017
3231,8324.121
3232,5214.499
3233,11449.372
3234,10789.103
3235,6332.853
3236,9724.129
3237,8280.157
3238,6534.578
3239,12270.576
3240,8447.718
3241,10765.82
3242,7050.686
3243,7009.3677
3244,8525.351
3245,5575.1143
3246,10253.742
3247,5966.704
3248,7920.0396
3249,7076.2603
3250,8178.81
3251,8107.054
3252,8795.478
3253,9921.048
3254,9950.814
3255,9322.836
3256,9732.452
3257,8385.872
3258,9817.965
3259,10934.612
3260,9689.467
3261,4816.6313
3262,8415.245
3263,9141.433
3264,6382.907
3265,12400.142
3266,8495.074
3267,11024.513
3268,12556.868
3269,8815.6
3270,6306.908
3271,13444.851
3272,12196.858
3273,8104.418
3274,10576.771
3275,11154.116
3276,8224.369
3277,7850.0674
3278,9136.708
3279,8425.822
3280,7563.871
3281,9367.195
3282,7066.467
3283,8038.0977
3284,9468.536
3285,9017.443
3286,10441.459
3287,8345.506
3288,9072.621
3289,5196.753
3290,10643.175
3291,9150.051
3292,7821.98
3293,9216.082
3294,9334.446
3295,11755.257
3296,8087.924
3297,6917.487
3298,8514.323
3299,8793.506
3300,9817.402
3301,6625.4805
3302,6271.198
3303,10102.473
3304,8443.078
3305,8248.683
3306,10121.945
3307,8703.474
3308,8564.789
3309,6475.053
3310,5707.511
3311,9104.443
3312,8699.605
3313,8680.708
3314,11645.762
3315,9863.147
3316,7553.922
3317,10758.738
3318,5109.941
3319,5160.043
3320,9127.223
3321,13814.987
3322,10530.921
3323,9791.696
3324,7097.39
3325,10128.9375
3326,12533.871
3327,7688.9165
3328,10241.047
3329,7684.2173
3330,6091.2236
3331,7326.6646
3332,7968.1157
3333,8396.012
3334,6485.8022
3335,7528.969
3336,6499.966
3337,9394.816
3338,9508.037
3339,7728.6133
3340,8555.849
3341,10332.023
3342,6984.455
3343,6978.2153
3344,11062.114
3345,10459.171
3346,8389.672
3347,5513.6045
3348,14166.249
3349,8240.732
3350,7909.901
3351,11254.974
3352,11086.375
3353,10310.445
3354,8729.004
3355,9627.507
3356,13085.878
3357,16204.681
3358,6754.836
3359,6999.1064
3360,6870.4126
3361,8816.146
3362,8954.091
3363,10679.659
3364,11145.014
3365,7980.9243
3366,6476.9307
3367,8541.579
3368,10811.868
3369,6866.423
3370,8890.887
3371,6116.2227
3372,9225.157
3373,9746.906
3374,9688.154
3375,11773.108
3376,8450.716
3377,5644.708
3378,8637.209
3379,9865.838
3380,10896.498
3381,9316.88
3382,9670.198
3383,9035.67
3384,6713.4644
3385,12171.63
3386,6565.6914
3387,12994.467
3388,8220.009
3389,6046.593
3390,8969.289
3391,8367.272
3392,9200.212
3393,10166.054
3394,5413.5996
3395,6365.622
3396,9102.377
3397,12472.113
3398,12413.643
3399,6951.225
3400,9255.439
3401,9428.748
3402,8297.202
3403,7803.939
3404,12847.205
3405,10962.974
3406,14323.04
3407,6062.127
3408,8259.752
3409,10613.493
3410,11020.233
3411,7468.269
3412,12340.3955
3413,8767.787
3414,6954.4746
3415,7734.055
3416,6175.2173
3417,7094.406
3418,8876.948
3419,6788.3765
3420,7321.0693
3421,12849.546
3422,9341.59
3423,19462.61
3424,8094.182
3425,6144.266
3426,3841.5444
3427,3320.8633
3428,3222.4578
3429,4462.142
3430,4547.809
3431,5201.107
3432,5349.951
3433,6055.0073
3434,3933.2942
3435,5960.39
3436,4358.6997
3437,3771.0376
3438,5619.3306
3439,5805.68
3440,3392.777
3441,6646.1963
3442,5581.3765
3443,12661.397
3444,6398.6895
3445,7225.392
3446,2345.3547
3447,4296.499
3448,2780.318
3449,7016.0835
3450,7997.948
3451,5548.176
3452,7370.4644
3453,3467.0977
3454,4349.857
3455,6584.8633
3456,8326.9
3457,7455.664
3458,5501.805
3459,5703.718
3460,5273.94
3461,3302.2847
3462,5343.0054
3463,5081.288
3464,4170.456
3465,8162.982
3466,2495.0183
3467,4504.987
3468,3482.7969
3469,3706.0823
3470,4743.642
3471,6289.7207
3472,8906.605
3473,7389.8574
3474,6357.0063
3475,5467.935
3476,10420.1
3477,6371.2227
3478,5264.019
3479,3297.1787
3480,2525.9812
3481,5784.4487
3482,3614.7693
3483,5466.9287
3484,4776.151
3485,4274.6157
3486,8594.33
3487,3969.8086
3488,4807.786
3489,3705.0962
3490,5961.5327
3491,3529.2185
3492,3539.8633
3493,6074.253
3494,7375.8374
3495,7275.7446
3496,4884.902
3497,5287.7217
3498,4182.177
3499,5542.5527
3500,9240.013
3501,7501.136
3502,3092.8877
3503,3025.2239
3504,5774.2837
3505,9104.166
3506,3759.7554
3507,2274.814
3508,5572.4453
3509,4419.9956
3510,3901.6052
3511,4888.0527
3512,3142.4517
3513,6377.85
3514,3658.654
3515,7562.6953
3516,2814.0242
3517,3275.5845
3518,6828.946
3519,5648.2144
3520,7507.034
3521,5034.9756
3522,5724.9316
3523,6544.976
3524,6319.807
3525,7242.1377
3526,3681.9617
3527,4750.4795
3528,3983.7878
3529,4332.018
3530,6156.6504
3531,3164.388
3532,6758.7993
3533,4525.126
3534,6329.097
3535,5969.5615
3536,6478.395
3537,5951.738
3538,4341.9634
3539,4367.998
3540,3339.0242
3541,6604.3877
3542,7475.695
3543,4766.0293
3544,6164.6064
3545,7109.5317
3546,3906.212
3547,3903.9172
3548,6042.027
3549,3618.9304
3550,2778.091
3551,3886.3645
3552,5082.51
3553,4469.708
3554,3514.5837
3555,5311.3027
3556,4190.7144
3557,4553.8257
3558,7754.0723
3559,3662.495
3560,6062.399
3561,6994.5884
3562,3380.897
3563,5923.2056
3564,3775.1157
3565,6160.7505
3566,2267.2356
3567,3249.8066
3568,5349.553
3569,8105.8174
3570,3454.4236
3571,3645.739
3572,6711.851
3573,4339.3384
3574,5292.823
3575,9042.609
3576,7573.8193
3577,5749.9795
3578,5153.3237
3579,3230.972
3580,5118.5854
3581,2447.5815
3582,4718.8115
3583,6205.7026
3584,2692.0017
3585,3252.859
3586,2339.7595
3587,4258.1377
3588,4340.3447
3589,5854.572
3590,6742.464
3591,6189.4937
3592,2793.8909
3593,2349.0723
3594,3401.1377
3595,3933.3394
3596,6253.094
3597,5257.661
3598,4806.603
3599,6404.4897
3600,5181.013
3601,5227.602
3602,4947.5234
3603,6334.061
3604,10285.478
3605,3137.6318
3606,5429.7344
3607,6099.9565
3608,7700.7183
3609,3519.1968
3610,5009.251
3611,5801.6055
3612,6626.346
3613,7627.4727
3614,7371.484
3615,6079.545
3616,4120.5444
3617,8557.905
3618,14501.855
3619,7569.912
3620,4701.2715
3621,3651.8198
3622,5570.548
3623,3393.6833
3624,2348.0056
3625,16191.04
3626,17273.35
3627,2730.4246
3628,2063.663
3629,9220.073
3630,4005.206
3631,6082.776
3632,3048.133
3633,4258.763
3634,5944.748
3635,5245.2837
3636,5580.844
3637,3144.4668
3638,7802.8525
3639,2842.0032
3640,4453.37
3641,4010.482
3642,4775.545
3643,4588.403
3644,6277.0273
3645,5881.444
3646,5836.874
3647,4226.194
3648,3434.151
3649,3002.2666
3650,2875.1616
3651,4150.264
3652,6296.5757
3653,3676.0552
3654,3409.353
3655,3245.3208
3656,3795.4521
3657,3542.5588
3658,4617.359
3659,5129.0933
3660,2188.3406
3661,4001.62
3662,6953.506
3663,2852.6758
3664,5664.13
3665,5330.6914
3666,2924.687
3667,1831.8362
3668,8229.187
3669,5980.0195
3670,4339.562
3671,9052.568
3672,5535.1616
3673,3704.3894
3674,4455.065
3675,2934.2058
3676,3568.3696
3677,2961.7725
3678,2538.5742
3679,4073.6885
3680,5392.5312
3681,8610.32
3682,6737.906
3683,2978.9717
3684,4344.9175
3685,3177.0408
3686,4029.6675
3687,3983.955
3688,7570.475
3689,3425.5393
3690,4698.739
3691,3213.9475
3692,4014.4473
3693,4251.656
3694,6031.3916
3695,6845.112
3696,3697.392
3697,7076.699
3698,7220.5767
3699,8143.4165
3700,3892.2117
3701,4783.409
3702,6739.712
3703,6616.456
3704,10782.643
3705,1858.9645
3706,6439.0605
3707,4602.768
3708,8026.8203
3709,5053.095
3710,6142.057
3711,4856.5747
3712,4724.306
3713,4707.6396
3714,4441.3813
3715,3383.6267
3716,5039.5356
3717,5729.012
3718,12240.08
3719,7810.4473
3720,7519.704
3721,7880.4424
3722,7100.329
3723,4129.2954
3724,2999.4895
3725,4792.58
3726,4806.085
3727,8680.601
3728,2919.5884
3729,3307.8274
3730,5701.1724
3731,3232.8835
3732,4929.7827
3733,3001.525
3734,2913.4922
3735,4505.0
3736,2373.1248
3737,5391.981
3738,5507.628
3739,5219.2114
3740,6758.7607
3741,8324.081
3742,5590.525
3743,6590.3677
3744,4661.5557
3745,5524.1436
3746,2829.6313
3747,3044.4421
3748,4466.1494
3749,8118.979
3750,2857.34
3751,6853.062
3752,3874.7336
3753,4034.7214
3754,4669.032
3755,5534.1323
3756,4363.7373
3757,5005.621
3758,7636.4404
3759,5847.3057
3760,2309.814
3761,4773.1494
3762,2744.5627
3763,5115.32
3764,7263.0283
3765,4950.9556
3766,5398.8306
3767,2449.3242
3768,3726.3633
3769,3963.743
3770,6732.657
3771,5116.9106
3772,3518.8242
3773,2838.4834
3774,3556.5435
3775,4870.8965
3776,4804.9893
3777,4924.6973
3778,7647.2866
3779,5387.0815
3780,5216.036
3781,4549.7705
3782,4950.639
3783,4102.538
3784,4831.0015
3785,5136.932
3786,8727.372
3787,6881.0234
3788,4382.2456
3789,2296.4146
3790,4510.9897
3791,6019.202
3792,5546.3657
3793,3148.0266
3794,5707.963
3795,2813.3196
3796,7149.4146
3797,2757.0703
3798,4497.949
3799,6894.1626
3800,4725.158
3801,7608.312
3802,6035.345
3803,4163.798
3804,3789.483
3805,5283.275
3806,4050.0532
3807,2966.383
3808,6382.816
3809,7901.215
3810,3272.589
3811,4092.5437
3812,3544.151
3813,4899.5312
3814,3424.7192
3815,4437.0576
3816,4150.9966
3817,6985.381
3818,6485.969
3819,6613.7744
3820,3449.698
3821,2751.2595
3822,6259.5747
3823,5154.8086
3824,2936.2234
3825,4280.867
3826,6080.3745
3827,2586.1648
3828,7227.4185
3829,5146.8887
3830,5112.218
3831,3632.1938
3832,3332.8123
3833,8054.5596
3834,5467.174
3835,7134.36
3836,4766.6885
3837,4924.8804
3838,3742.8687
3839,2678.676
3840,5775.892
3841,6073.355
3842,4971.3184
3843,3122.3557
3844,4045.4778
3845,3479.0613
3846,4251.729
3847,4448.1562
3848,2974.6807
3849,5828.023
3850,3172.4038
3851,3995.6162
3852,6936.9517
3853,6528.5723
3854,5142.629
3855,3246.677
3856,2562.4546
3857,6917.46
3858,18965.41
3859,2276.4043
3860,5682.697
3861,4578.3125
3862,3213.9077
3863,4944.7114
3864,6248.444
3865,2771.559
3866,6497.691
3867,4456.7314
3868,2513.7205
3869,8797.197
3870,2868.8723
3871,3429.44
3872,5999.5986
3873,4662.81
3874,6769.774
3875,3091.357
3876,4297.97
3877,5020.545
3878,6323.045
3879,10097.704
3880,8486.0205
3881,3926.6587
3882,2980.7654
3883,5081.8022
3884,3770.552
3885,2786.2263
3886,3500.123
3887,3040.7878
3888,4756.5825
3889,4682.6265
3890,4618.3677
3891,3475.9497
3892,3836.099
3893,6269.733
3894,5240.6826
3895,2767.5693
3896,2770.5835
3897,5494.9976
3898,8815.962
3899,4026.6816
3900,5780.0366
3901,2250.619
3902,5881.4214
3903,3701.2915
3904,2841.7578
3905,3901.65
3906,2970.4453
3907,3688.6694
3908,6067.7036
3909,3670.3438
3910,5342.5464
3911,5981.2285
3912,4521.9844
3913,5285.3716
3914,5433.864
3915,6156.5327
3916,5145.2686
3917,2625.5173
3918,7393.9043
3919,3095.2373
3920,3948.7417
3921,4687.5425
3922,7627.596
3923,6846.0522
3924,3640.9497
3925,2947.7375
3926,3672.1018
3927,5247.335
3928,4039.6702
3929,6830.8477
3930,3025.38
3931,2860.7114
3932,5836.0615
3933,5293.086
3934,2348.02
3935,5720.1987
3936,7730.921
3937,2528.6047
3938,4661.062
3939,6836.2056
3940,6873.7617
3941,3882.9368
3942,4167.4937
3943,3503.7275
3944,6845.5625
3945,4295.97
3946,2868.3918
3947,11018.805
3948,7551.1987
3949,7339.142
3950,4779.291
3951,1589.943
3952,6501.2554
3953,3692.6406
3954,7536.9946
3955,4973.1445
3956,3933.0317
3957,6456.213
3958,3741.2336
3959,5585.4985
3960,4409.1567
3961,3271.1409
3962,6288.221
3963,10167.081
3964,5105.2734
3965,3252.3499
3966,5524.955
3967,2356.853
3968,2128.9202
3969,4650.75
3970,3173.1758
3971,3967.9497
3972,4142.7764
3973,4996.686
3974,3753.7422
3975,4165.614
3976,3626.5332
3977,5790.0073
3978,5091.0933
3979,5511.848
3980,4679.9385
3981,3809.9656
3982,5343.907
3983,6733.3574
3984,5619.684
3985,6048.2715
3986,3899.529
3987,3042.822
3988,5479.4316
3989,6247.2637
3990,3761.8865
3991,3145.1118
3992,18037.805
3993,3659.2056
3994,5262.4023
3995,3289.513
3996,5377.0044
3997,7232.839
3998,6539.3975
3999,5899.5693
4000,6743.583
4001,3859.8042
4002,5683.9546
4003,5188.595
4004,1999.1633
4005,4220.55
4006,2947.3564
4007,3160.2249
4008,6736.897
4009,12975.432
4010,4120.9805
4011,2265.7327
4012,3917.4216
4013,4371.053
4014,3580.874
4015,1330.5925
4016,3159.9236
4017,5137.486
4018,3898.7368
4019,5615.1514
4020,12501.554
4021,4606.462
4022,2769.6333
4023,3374.1147
4024,4435.6865
4025,4385.629
4026,5635.6055
4027,4488.7515
4028,3441.4116
4029,2884.6294
4030,4362.8096
4031,2879.2915
4032,5877.1763
4033,2035.0818
4034,4872.063
4035,3698.4292
4036,5004.9717
4037,4472.561
4038,4189.1636
4039,3348.8748
4040,2645.8523
4041,5337.7637
4042,5828.6904
4043,3050.8735
4044,4862.6055
4045,3741.7048
4046,4923.96
4047,2366.3445
4048,5676.6074
4049,5581.5684
4050,5224.8154
4051,4158.527
4052,3086.5388
4053,3836.941
4054,4364.7407
4055,6181.358
4056,4857.9
4057,4996.038
4058,6335.8496
4059,5098.028
4060,2787.2432
4061,4322.0913
4062,2580.1602
4063,3962.159
4064,5342.8726
4065,7223.277
4066,6536.3857
4067,4475.1006
4068,1969.0251
4069,1846.8694
4070,4686.894
4071,15210.392
4072,2587.4604
4073,4247.1484
4074,3717.1646
4075,5638.6865
4076,3879.3235
4077,6717.2817
4078,5595.785
4079,4239.85
4080,4403.302
4081,6002.667
4082,3783.8513
4083,4567.791
4084,4393.2495
4085,2657.45
4086,4719.217
4087,4374.8364
4088,3820.8152
4089,4743.6875
4090,2663.346
4091,2897.9077
4092,6251.043
4093,6548.542
4094,2313.5547
4095,5139.927
4096,5467.925
4097,4505.4727
4098,3855.7966
4099,3178.1987
4100,3236.9263
4101,3406.8691
4102,4586.3594
4103,2219.5117
4104,4257.671
4105,3196.2715
4106,5174.415
4107,3651.7676
4108,3269.4
4109,5578.1675
4110,7242.6763
4111,4452.291
4112,5526.547
4113,4355.03
4114,4932.718
4115,4981.572
4116,5504.9546
4117,3365.0564
4118,3168.7803
4119,3938.9114
4120,2785.1472
4121,7480.1885
4122,5307.601
4123,5405.5605
4124,5985.646
4125,6159.9927
4126,2526.5042
4127,5694.015
4128,5109.9165
4129,4930.7466
4130,5688.4507
4131,7867.532
4132,5183.8657
4133,3848.976
4134,3739.6245
4135,3982.5984
4136,3402.7993
4137,6355.8
4138,2985.3215
4139,5105.2686
4140,5693.233
4141,4587.9697
4142,7556.127
4143,3400.7256
4144,5464.6396
4145,2373.6196
4146,4788.801
4147,4250.0625
4148,1930.098
4149,5077.088
4150,4360.209
4151,5947.947
4152,6381.672
4153,2931.8525
4154,5708.6216
4155,5073.883
4156,7765.6846
4157,2328.6577
4158,1892.9242
4159,4649.5786
4160,8856.956
4161,3358.6743
4162,7148.187
4163,4751.4087
4164,2815.1787
4165,4091.888
4166,2543.9639
4167,5951.471
4168,5188.877
4169,5792.7583
4170,6121.312
4171,5739.8203
4172,3463.2795
4173,5069.993
4174,2269.8079
4175,2232.7588
4176,5736.9683
4177,5329.09
4178,4628.184
4179,4821.6006
4180,2822.3735
4181,4499.885
4182,4631.607
4183,5432.827
4184,5899.9634
4185,2398.333
4186,3187.9917
4187,2721.873
4188,4102.4443
4189,3433.06
4190,2951.8167
4191,3646.038
4192,2931.3604
4193,3946.373
4194,4016.8528
4195,5327.0415
4196,4169.6367
4197,6036.439
4198,3946.5989
4199,1954.3916
4200,6638.999
4201,4718.933
4202,4727.182
4203,2571.294
4204,5951.289
4205,4270.194
4206,4940.751
4207,7624.199
4208,7024.326
4209,5506.262
4210,5123.133
4211,4677.7964
4212,6964.8896
4213,7863.601
4214,2904.3564
4215,4509.5615
4216,4830.3887
4217,5220.84
4218,5589.9062
4219,6226.5493
4220,3334.8762
4221,4524.3486
4222,3008.735
4223,5464.15
4224,3250.1633
4225,3086.2207
4226,6224.3643
4227,2704.8774
4228,5148.3125
4229,5708.1045
4230,4793.636
4231,5688.8955
4232,3986.4717
4233,4526.529
4234,5298.7993
4235,4248.5547
4236,8160.67
4237,4623.0396
4238,6167.1353
4239,5080.5854
4240,2763.2598
4241,7444.3022
4242,2802.3757
4243,7234.295
4244,4264.621
4245,4550.074
4246,6171.119
4247,3702.63
4248,3634.048
4249,5450.8076
4250,2396.0964
4251,2507.5227
4252,6016.0396
4253,5638.988
4254,5681.2334
4255,5094.061
4256,4452.499
4257,4015.8337
4258,4837.8955
4259,2801.3625
4260,9544.199
4261,4843.3716
4262,6791.0835
4263,4088.2205
4264,2562.2493
4265,11000.093
4266,4650.586
4267,3146.018
4268,7286.127
4269,3965.4146
4270,4334.8496
4271,4537.9116
4272,3603.2153
4273,2688.2842
4274,3803.4111
4275,4327.3804
4276,3178.6716
4277,6787.4443
4278,4294.8887
4279,16683.535
4280,6200.8096
4281,4144.251
4282,3769.2827
4283,5641.887
4284,3144.692
4285,5744.9634
4286,3931.4749
4287,5682.545
4288,5569.82
4289,4101.7363
4290,3478.869
4291,5807.901
4292,5374.692
4293,4470.228
4294,6114.753
4295,4749.5596
4296,2977.4702
4297,4542.6064
4298,6998.158
4299,8519.538
4300,6205.454
4301,6975.507
4302,3573.6465
4303,5573.4287
4304,2471.383
4305,6773.727
4306,8488.846
4307,8903.573
4308,5073.1567
4309,3182.6465
4310,4047.4927
4311,5608.6636
4312,8579.612
4313,5218.968
4314,4761.5215
4315,4199.4985
4316,5571.5312
4317,2857.6333
4318,6906.9116
4319,4075.2043
4320,5478.888
4321,6709.8477
4322,3647.1025
4323,8183.383
4324,4547.2886
4325,4027.0044
4326,3984.107
4327,6158.3945
4328,9188.163
4329,5409.104
4330,5993.0957
4331,5710.457
4332,8707.725
4333,6220.0913
4334,5310.361
4335,3053.293
4336,3199.005
4337,4717.853
4338,5614.1978
4339,7494.893
4340,7385.376
4341,3581.9536
4342,6227.215
4343,5524.7705
4344,5239.673
4345,3112.9812
4346,8404.657
4347,3255.4666
4348,5032.7573
4349,5271.4653
4350,5239.648
4351,5109.1953
4352,3859.0679
4353,5709.319
4354,4788.787
4355,5129.235
4356,7139.806
4357,6572.5835
4358,5649.6045
4359,3394.5447
4360,5386.2495
4361,9486.379
4362,4891.3735
4363,3251.044
4364,6441.008
4365,4119.7544
4366,6504.245
4367,8212.164
4368,2989.015
4369,6718.525
4370,4867.724
4371,5945.0654
4372,4663.375
4373,3124.7068
4374,5382.0996
4375,4627.8267
4376,6777.6367
4377,4902.1865
4378,4409.59
4379,4882.838
4380,5737.1816
4381,5714.5
4382,4551.0337
4383,7226.626
4384,4229.182
4385,5311.004
4386,5468.3887
4387,3125.145
4388,5197.873
4389,5391.4355
4390,6133.287
4391,7368.8896
4392,7359.3726
4393,4929.74
4394,7060.3765
4395,4029.3906
4396,3685.3457
4397,7477.863
4398,5827.8564
4399,6526.9287
4400,7579.868
4401,6909.4814
4402,5290.562
4403,5383.753
4404,7034.866
4405,3847.97
4406,2934.0225
4407,4618.5396
4408,4470.761
4409,6299.327
4410,3418.3218
4411,5011.698
4412,6580.456
4413,4081.818
4414,5768.9653
4415,3443.7434
4416,5952.9927
4417,6285.9785
4418,3814.5078
4419,5109.5605
4420,3367.8345
4421,6387.335
4422,3415.6162
4423,4058.8403
4424,4212.586
4425,7119.962
4426,5490.382
4427,5547.8315
4428,9768.376
4429,3984.297
4430,5094.941
4431,8981.41
4432,5636.417
4433,6746.176
4434,5188.664
4435,5097.6387
4436,5790.3555
4437,4405.9067
4438,5613.9463
4439,5885.709
4440,4121.46
4441,2797.3594
4442,3467.1438
4443,7510.4287
4444,8192.465
4445,5364.5044
4446,5902.0176
4447,4624.8657
4448,3137.186
4449,2329.011
4450,3372.0876
4451,5290.9604
4452,6234.3345
4453,4866.582
4454,4546.196
4455,7136.2114
4456,6973.964
4457,6473.367
4458,5244.218
4459,6015.4023
4460,7700.953
4461,3579.0369
4462,5294.0146
4463,4935.452
4464,6230.673
4465,3423.9385
4466,4783.546
4467,4666.6675
4468,6694.0264
4469,5930.8438
4470,7341.7046
4471,6993.1807
4472,5457.337
4473,6732.246
4474,14303.9
4475,8869.771
4476,5042.7285
4477,2984.3706
4478,5911.054
4479,7316.3086
4480,2974.56
4481,11532.808
4482,13087.751
4483,4748.812
4484,2609.8027
4485,7079.845
4486,3778.0193
4487,7248.516
4488,3349.6672
4489,5254.3823
4490,3955.373
4491,6863.8823
4492,6417.772
4493,4816.085
4494,7208.28
4495,5984.1333
4496,5849.6265
4497,6164.3477
4498,5691.8647
4499,4389.366
4500,7923.3564
4501,4626.5557
4502,5419.0137
4503,4282.705
4504,3411.1553
4505,3766.6047
4506,4957.6143
4507,4231.079
4508,6481.3555
4509,5850.8203
4510,5353.851
4511,4361.7563
4512,4121.024
4513,3881.3926
4514,4421.961
4515,5034.7886
4516,3683.163
4517,4385.2397
4518,5931.805
4519,6137.073
4520,6083.6113
4521,5513.489
4522,3219.2837
4523,3185.602
4524,8041.065
4525,4896.144
4526,5746.986
4527,11624.743
4528,6728.8374
4529,4971.4277
4530,4501.5034
4531,2940.6665
4532,3951.8015
4533,3693.9724
4534,3804.1985
4535,6306.6074
4536,5440.6997
4537,9920.225
4538,9099.348
4539,5470.7783
4540,5368.313
4541,3734.117
4542,5095.6406
4543,4648.745
4544,11150.648
4545,6176.9785
4546,6360.215
4547,3705.2197
4548,5076.3955
4549,5271.38
4550,5236.615
4551,5786.06
4552,4365.7734
4553,6591.7446
4554,5244.643
4555,7468.4756
4556,5986.6396
4557,5887.4155
4558,6779.473
4559,6754.881
4560,9090.274
4561,3407.1519
4562,5062.1357
4563,5113.032
4564,7830.587
4565,6248.0503
4566,6384.929
4567,7236.648
4568,8447.42
4569,4760.4727
4570,6206.2593
4571,4865.691
4572,3868.0015
4573,10834.641
4574,13404.059
4575,6265.1
4576,6867.209
4577,7042.8423
4578,6807.1924
4579,6702.907
4580,3317.3645
4581,4594.7056
4582,5390.222
4583,7170.859
4584,2995.3547
4585,4290.474
4586,5001.6504
4587,3858.4604
4588,4723.7563
4589,3481.4983
4590,3191.01
4591,5565.821
4592,2858.897
4593,4174.3687
4594,5035.5615
4595,5156.4165
4596,7714.4214
4597,8384.3125
4598,5870.912
4599,6231.374
4600,5892.8374
4601,7536.499
4602,6008.928
4603,3337.1199
4604,4437.4556
4605,7714.686
4606,3826.7573
4607,6197.5396
4608,3496.8457
4609,4287.2217
4610,6323.678
4611,6192.3574
4612,5283.3604
4613,7362.6865
4614,8161.6816
4615,6105.5444
4616,4057.9692
4617,8339.363
4618,2651.6707
4619,4336.773
4620,5539.033
4621,4229.15
4622,5788.682
4623,2928.1587
4624,4731.057
4625,5698.7856
4626,8217.837
4627,8937.215
4628,3856.3923
4629,3754.0715
4630,6995.776
4631,6495.813
4632,5605.3154
4633,4790.0435
4634,5828.39
4635,6517.2427
4636,5028.7744
4637,4485.9775
4638,6715.0977
4639,5641.5107
4640,9464.572
4641,6387.475
4642,10360.749
4643,5669.2915
4644,4883.49
4645,2698.8086
4646,5355.3784
4647,5390.011
4648,5139.0933
4649,4662.361
4650,5168.0127
4651,2914.08
4652,6747.0894
4653,3707.1501
4654,7423.336
4655,6365.8833
4656,5349.849
4657,6588.4507
4658,5012.5156
4659,5465.6562
4660,6064.7183
4661,4975.498
4662,5208.3003
4663,4180.9043
4664,7730.6187
4665,6214.013
4666,3624.5237
4667,4311.7803
4668,5716.7954
4669,5475.174
4670,3900.8833
4671,5475.085
4672,4435.2764
4673,5340.091
4674,5901.933
4675,6993.4473
4676,4498.846
4677,4242.9897
4678,6011.846
4679,4951.546
4680,3374.3562
4681,4694.4155
4682,7341.3335
4683,5578.247
4684,9299.143
4685,7657.4683
4686,7331.565
4687,4202.977
4688,4340.237
4689,8604.656
4690,7061.703
4691,6373.9824
4692,5087.5396
4693,6050.2793
4694,4190.9946
4695,2860.6704
4696,9629.555
4697,5598.5293
4698,5304.159
4699,3984.0461
4700,3374.9001
4701,7666.194
4702,5791.2666
4703,4857.298
4704,3872.716
4705,5460.5547
4706,4439.611
4707,4547.4707
4708,6008.1543
4709,5069.166
4710,4216.6787
4711,3577.7532
4712,2729.8984
4713,5802.071
4714,14454.079
4715,4274.1064
4716,5221.681
4717,5548.837
4718,3384.6694
4719,4213.305
4720,5562.976
4721,3391.4438
4722,8715.81
4723,6350.449
4724,2778.8665
4725,6900.4253
4726,3262.4492
4727,3925.846
4728,6670.8003
4729,6624.886
4730,8341.877
4731,3790.3215
4732,4932.6
4733,4058.124
4734,5356.9365
4735,11981.128
4736,8821.463
4737,5435.761
4738,3594.8965
4739,5055.337
4740,4312.311
4741,2904.3079
4742,6181.847
4743,3957.2146
4744,6220.269
4745,6222.6724
4746,4732.3794
4747,4006.253
4748,4696.234
4749,6541.176
4750,5871.629
4751,2974.3826
4752,4848.826
4753,6176.961
4754,7439.1206
4755,5552.6123
4756,6541.5063
4757,2564.0857
4758,8307.037
4759,4424.2812
4760,3729.2402
4761,4410.797
4762,4756.8955
4763,4193.126
4764,6605.8306
4765,4781.844
4766,6441.6406
4767,5365.446
4768,4817.4263
4769,5943.5854
4770,4744.235
4771,7319.317
4772,5246.289
4773,3170.0413
4774,8243.028
4775,3813.1616
4776,3909.291
4777,5789.792
4778,6633.7197
4779,7932.0522
4780,3583.8608
4781,4475.7236
4782,5574.5024
4783,5580.525
4784,5335.234
4785,6670.991
4786,3040.193
4787,5325.792
4788,5361.4043
4789,4556.6587
4790,3739.7314
4791,6468.8306
4792,6329.677
4793,3665.7424
4794,5484.242
4795,6792.308
4796,7796.9155
4797,4128.996
4798,4184.515
4799,4589.2827
4800,6344.594
4801,4660.102
4802,3016.4775
4803,7576.883
4804,6508.018
4805,6285.631
4806,4576.7886
4807,3065.2676
4808,6035.426
4809,3884.2039
4810,8060.3384
4811,4995.938
4812,4380.3066
4813,7267.2764
4814,4422.653
4815,5193.715
4816,7795.5327
4817,3776.2214
4818,6508.44
4819,8756.722
4820,5757.817
4821,3538.4453
4822,4883.001
4823,2845.2205
4824,2474.5847
4825,4885.447
4826,5672.4775
4827,5332.1304
4828,3812.6997
4829,5472.986
4830,4119.3926
4831,8621.036
4832,4426.7046
4833,5402.0195
4834,5159.9346
4835,5273.306
4836,5409.135
4837,4932.04
4838,6253.8037
4839,7731.5107
4840,6681.0454
4841,6626.5864
4842,5365.85
4843,3134.9272
4844,4634.055
4845,8627.32
4846,6072.5557
4847,4185.2812
4848,14034.6455
4849,4081.534
4850,5142.0107
4851,4129.2754
4852,6879.6587
4853,7944.9316
4854,6334.0493
4855,6628.8433
4856,7240.542
4857,6206.3657
4858,6347.2153
4859,4826.423
4860,2672.1204
4861,4577.4214
4862,3049.9307
4863,3363.718
4864,6970.286
4865,16156.056
4866,5164.1787
4867,3426.461
4868,4702.765
4869,3992.4653
4870,5555.3774
4871,2444.1594
4872,5608.305
4873,5794.4937
4874,4379.7676
4875,7594.616
4876,10533.583
4877,5111.5205
4878,4219.29
4879,3588.0034
4880,4755.0767
4881,4541.7227
4882,7077.192
4883,4174.687
4884,4098.099
4885,4825.981
4886,4905.6714
4887,5454.0947
4888,5820.3457
4889,2931.2903
4890,6497.133
4891,4267.7915
4892,5570.9307
4893,3867.1233
4894,3862.6624
4895,5133.7773
4896,4067.9453
4897,6699.59
4898,4841.764
4899,3472.9998
4900,5160.658
4901,5685.017
4902,4513.7793
4903,5098.5967
4904,5369.429
4905,5726.8374
4906,5800.549
4907,5713.405
4908,3430.5754
4909,3846.4324
4910,6989.5996
4911,5406.5815
4912,4479.29
4913,4919.725
4914,10399.201
4915,6666.278
4916,4089.1604
4917,3823.5718
4918,4425.1973
4919,5800.4604
4920,5102.1675
4921,7474.119
4922,5705.1055
4923,4908.873
4924,3733.4011
4925,2500.1045
4926,4816.829
4927,13088.274
4928,2722.5068
4929,4566.545
4930,5881.1577
4931,6128.334
4932,4931.8145
4933,7258.624
4934,5276.954
4935,5839.653
4936,3978.862
4937,5189.57
4938,3786.5703
4939,4686.6797
4940,6758.316
4941,4256.6675
4942,6124.863
4943,5709.1934
4944,3473.8247
4945,6193.232
4946,5399.9224
4947,3053.0164
4948,6654.4614
4949,5873.007
4950,4291.424
4951,8471.246
4952,6089.4575
4953,6779.253
4954,3680.62
4955,3697.84
4956,4233.824
4957,3148.6033
4958,5742.131
4959,2783.6025
4960,5050.016
4961,3200.247
4962,5722.66
4963,3967.7227
4964,4474.853
4965,4995.075
4966,6550.6157
4967,4348.703
4968,6467.9297
4969,4911.6978
4970,5631.527
4971,6239.016
4972,6509.322
4973,3407.906
4974,4957.141
4975,5046.395
4976,4508.362
4977,9011.176
4978,5435.3
4979,6334.593
4980,7159.958
4981,6585.705
4982,2768.718
4983,7558.5776
4984,5889.578
4985,5574.0825
4986,6086.374
4987,7851.7744
4988,7329.23
4989,4525.3545
4990,4185.7324
4991,3996.0928
4992,5257.1396
4993,5509.893
4994,3500.9346
4995,5137.2603
4996,6420.025
4997,4764.1294
4998,7014.444
4999,4568.2354
5000,6280.339
5001,2807.3474
5002,4244.7305
5003,4885.8804
5004,3722.647
5005,5373.2
5006,6631.746
5007,6064.967
5008,5155.133
5009,3222.6392
5010,5866.764
5011,5543.2295
5012,6233.4663
5013,3276.9377
5014,2511.8926
5015,5005.984
5016,6495.683
5017,3558.7798
5018,6601.025
5019,5888.2695
5020,5425.2563
5021,4204.898
5022,2582.3887
5023,5391.508
5024,5906.5737
5025,5400.7725
5026,6726.4565
5027,6462.8916
5028,3594.029
5029,5907.6895
5030,2662.8188
5031,2277.799
5032,5908.033
5033,9543.315
5034,5254.272
5035,4668.8403
5036,3291.3335
5037,4525.2812
5038,8571.597
5039,5027.0767
5040,6367.444
5041,4251.1855
5042,3799.27
5043,3000.4512
5044,3981.7893
5045,3471.1748
5046,3233.0532
5047,4953.398
5048,3208.3323
5049,6960.659
5050,4847.624
5051,4870.7896
5052,3985.658
5053,6915.092
5054,4703.5996
5055,3844.1765
5056,7474.7183
5057,5789.0796
5058,5666.053
5059,2612.6042
5060,7191.8257
5061,5517.6133
5062,4750.8735
5063,7727.906
5064,8175.6904
5065,6184.802
5066,5834.03
5067,4854.3843
5068,7105.4844
5069,10881.9375
5070,3337.1135
5071,3914.7766
5072,4890.6226
5073,5862.367
5074,5660.1655
5075,8278.286
5076,6001.482
5077,5895.7104
5078,3053.459
5079,5091.375
5080,5299.456
5081,3129.668
5082,6126.0605
5083,3085.6409
5084,5909.5435
5085,5763.4927
5086,5278.676
5087,5518.319
5088,3984.7456
5089,4324.285
5090,6077.1504
5091,5268.791
5092,7202.074
5093,5122.561
5094,6915.3096
5095,5077.262
5096,3456.375
5097,7801.275
5098,2868.9023
5099,7001.6167
5100,5699.7095
5101,4371.6826
5102,5876.7725
5103,4005.0342
5104,4545.4805
5105,6052.2534
5106,3015.2146
5107,2741.0432
5108,5593.8213
5109,5101.321
5110,8173.905
5111,5029.9067
5112,4832.7437
5113,4772.626
5114,5524.4595
5115,3115.1677
5116,9040.256
5117,5891.281
5118,11197.028
5119,5131.467
5120,4794.0845
5121,7979.151
5122,6350.764
5123,3428.9133
5124,8338.464
5125,5918.2476
5126,4460.04
5127,4618.024
5128,4091.646
5129,3451.7322
5130,4017.4163
5131,4128.2163
5132,3278.01
5133,7654.6274
5134,5224.1523
5135,16188.94
5136,5926.314
5137,3977.4124
5138,5521.9517
5139,7827.167
5140,4425.442
5141,5829.1294
5142,4611.0386
5143,6365.07
5144,6230.1914
5145,3646.873
5146,4377.136
5147,5981.862
5148,6203.513
5149,5560.106
5150,6329.7974
5151,4147.636
5152,3629.7554
5153,4518.4746
5154,8192.23
5155,8804.29
5156,6976.9844
5157,6473.6636
5158,3501.9666
5159,5361.2407
5160,3280.0964
5161,7549.377
5162,8249.139
5163,7939.19
5164,4761.6577
5165,3543.6675
5166,3643.879
5167,4954.9243
5168,8261.265
5169,5399.382
5170,4491.257
5171,3842.5596
5172,5780.2183
5173,3417.9924
5174,6463.3784
5175,3803.6724
5176,5585.968
5177,5841.1016
5178,4906.659
5179,6839.832
5180,5223.704
5181,4109.232
5182,4859.2905
5183,5716.632
5184,9137.632
5185,5185.582
5186,6421.317
5187,5929.5933
5188,8034.7017
5189,5946.126
5190,7083.1816
5191,3608.7744
5192,4202.2754
5193,5149.162
5194,5771.233
5195,7584.4746
5196,6758.0835
5197,4226.7344
5198,6027.3257
5199,5207.9526
5200,7513.216
5201,3765.3618
5202,10098.427
5203,3748.9648
5204,5186.9424
5205,5944.056
5206,4786.015
5207,4552.879
5208,5600.4307
5209,6127.9775
5210,4886.6494
5211,4545.671
5212,6739.005
5213,6039.5776
5214,5366.997
5215,4022.336
5216,6327.5215
5217,8771.133
5218,5646.7007
5219,4363.8457
5220,6205.1997
5221,5104.9766
5222,5729.2144
5223,6550.953
5224,3777.9219
5225,6269.147
5226,5634.498
5227,5716.1465
5228,6171.2075
5229,4135.1055
5230,5100.4307
5231,4311.1343
5232,6253.8574
5233,5833.6294
5234,4182.9546
5235,4673.381
5236,5181.997
5237,5282.6704
5238,4873.248
5239,7048.6753
5240,5270.9023
5241,5935.2744
5242,4948.8735
5243,4135.685
5244,5081.288
5245,7029.7285
5246,6050.0254
5247,6988.0464
5248,7096.49
5249,4821.95
5250,7422.932
5251,5072.4214
5252,5573.7954
5253,7723.6685
5254,5330.4673
5255,7715.1426
5256,7333.174
5257,6663.1055
5258,5560.0903
5259,6363.8857
5260,6492.6353
5261,4667.2197
5262,3600.3157
5263,4672.2397
5264,6133.7085
5265,5637.256
5266,4182.0728
5267,6222.376
5268,5555.971
5269,5238.3086
5270,5607.69
5271,4393.1904
5272,6560.7705
5273,6120.0454
5274,5272.8687
5275,4746.462
5276,4601.2227
5277,6062.9946
5278,3085.7644
5279,5385.72
5280,4014.4014
5281,6915.415
5282,5614.739
5283,5195.172
5284,7976.3735
5285,4468.4717
5286,4766.2974
5287,9101.891
5288,5610.7983
5289,6251.7466
5290,6372.2134
5291,4859.457
5292,5474.573
5293,4656.0854
5294,6018.7827
5295,7761.19
5296,5115.9346
5297,2643.3003
5298,4635.1426
5299,7103.8447
5300,7379.1304
5301,4770.682
5302,5407.685
5303,4417.416
5304,3982.1235
5305,3007.1711
5306,4241.476
5307,5585.611
5308,5692.7227
5309,5616.394
5310,5642.049
5311,6689.928
5312,6867.7
5313,6239.6113
5314,4847.337
5315,7452.9556
5316,7519.03
5317,4627.478
5318,5652.4556
5319,4627.915
5320,6009.295
5321,3426.7256
5322,5248.752
5323,4345.5767
5324,7705.4424
5325,6052.7324
5326,6658.7344
5327,6934.3716
5328,5599.838
5329,6315.1733
5330,14586.359
5331,8919.0
5332,5194.24
5333,2725.8464
5334,5483.4995
5335,7433.007
5336,4868.523
5337,10870.351
5338,12956.252
5339,3669.2969
5340,4325.2217
5341,6703.975
5342,4789.061
5343,7737.2354
5344,5068.765
5345,6399.8613
5346,3785.1763
5347,5579.0293
5348,6199.3076
5349,5920.342
5350,6348.3716
5351,5461.5757
5352,5479.4526
5353,5663.0923
5354,4415.7437
5355,4916.413
5356,6463.514
5357,4324.364
5358,5250.0737
5359,5658.886
5360,4420.8306
5361,3994.1873
5362,5886.27
5363,5096.287
5364,6580.142
5365,5981.1714
5366,5395.7983
5367,5283.94
5368,3787.7227
5369,5678.1616
5370,5451.416
5371,4691.743
5372,4183.449
5373,5478.658
5374,5769.9834
5375,6730.1787
5376,6989.033
5377,5454.9116
5378,4082.9202
5379,4259.3564
5380,8101.1797
5381,4504.0933
5382,6171.8135
5383,11787.175
5384,6179.884
5385,5355.409
5386,4256.4688
5387,3861.5166
5388,5549.695
5389,3780.8638
5390,5049.9536
5391,7301.697
5392,5148.5234
5393,10370.813
5394,9457.705
5395,4760.359
5396,6340.6196
5397,4299.8853
5398,6215.56
5399,4831.8447
5400,10212.029
5401,6155.2646
5402,6771.9375
5403,3859.0383
5404,6099.6655
5405,4814.459
5406,7058.922
5407,5516.661
5408,5269.6807
5409,5892.348
5410,4892.7173
5411,7051.1904
5412,7145.706
5413,5298.344
5414,7716.9014
5415,6327.811
5416,7965.555
5417,4107.7114
5418,4442.822
5419,5123.338
5420,7284.1953
5421,6088.883
5422,6196.0327
5423,6201.957
5424,7703.811
5425,4405.5327
5426,6353.9087
5427,5690.6484
5428,3880.878
5429,11316.015
5430,13789.082
5431,6020.5225
5432,6378.714
5433,6718.07
5434,8235.122
5435,8201.7295
5436,4732.9756
5437,6144.5063
5438,5186.952
5439,7137.518
5440,3907.8743
5441,4483.7485
5442,4641.4517
5443,4597.3887
5444,5958.9688
5445,3885.2043
5446,4037.1008
5447,5407.964
5448,3599.3677
5449,3830.1025
5450,4681.952
5451,4849.307
5452,7417.914
5453,7673.948
5454,6642.977
5455,5719.0425
5456,5834.408
5457,8510.068
5458,6408.3823
5459,4220.8315
5460,3938.592
5461,6935.0527
5462,4391.657
5463,5700.0684
5464,3330.5398
5465,4435.509
5466,6217.054
5467,5128.325
5468,5270.7363
5469,7101.7104
5470,7887.4805
5471,7493.8853
5472,5310.609
5473,8111.9893
5474,3280.979
5475,4298.2
5476,5303.5977
5477,3779.4863
5478,5595.022
5479,4101.865
5480,5463.733
5481,6753.8438
5482,8477.825
5483,7341.712
5484,4744.606
5485,4323.7246
5486,7565.639
5487,6198.604
5488,5699.851
5489,4667.6562
5490,5518.9873
5491,6900.715
5492,4458.5
5493,5691.4575
5494,6630.367
5495,6684.8003
5496,10364.742
5497,5838.439
5498,10050.987
5499,5426.9746
5500,4913.23
5501,3013.4287
5502,5329.679
5503,5032.834
5504,4728.066
5505,6046.9043
5506,4617.6055
5507,3639.2065
5508,5773.0444
5509,4104.1978
5510,6236.6064
5511,5751.779
5512,6098.8745
5513,6135.142
5514,4788.4536
5515,6282.9272
5516,5712.538
5517,4465.6553
5518,4848.0586
5519,5174.2573
5520,7850.4717
5521,5942.8657
5522,3974.3062
5523,5376.953
5524,7077.3604
5525,5918.891
5526,5136.8535
5527,6678.3823
5528,5513.231
5529,5085.987
5530,5279.703
5531,6771.666
5532,4641.5757
5533,5795.284
5534,5368.0156
5535,4776.2827
5536,3811.5034
5537,4613.1855
5538,6667.098
5539,7430.675
5540,8787.017
5541,9183.844
5542,7137.0146
5543,4864.508
5544,4961.9053
5545,9833.615
5546,8043.1743
5547,5822.844
5548,6515.558
5549,7372.932
5550,4648.705
5551,3550.1133
5552,8567.91
5553,4915.911
5554,5696.8125
5555,5099.7104
5556,3241.5923
5557,8980.511
5558,5312.6963
5559,4503.367
5560,4461.0312
5561,4803.0786
5562,5137.7456
5563,6063.174
5564,5333.7783
5565,4820.699
5566,3764.9524
5567,3626.5159
5568,3369.8013
5569,6233.1514
5570,14311.597
5571,4462.6357
5572,4883.709
5573,5676.483
5574,4038.734
5575,4047.1992
5576,5110.3843
5577,3782.6785
5578,6439.239
5579,6328.5537
5580,3400.2554
5581,6656.182
5582,3951.53
5583,4558.211
5584,6699.2896
5585,6642.7236
5586,8451.941
5587,5086.011
5588,5152.075
5589,3873.4292
5590,5178.1875
5591,11428.49
5592,7317.509
5593,5866.042
5594,3951.255
5595,4720.401
5596,4863.0137
5597,3897.666
5598,7771.2495
5599,4202.8887
5600,4892.2695
5601,6122.725
5602,4518.755
5603,5055.6167
5604,5014.6055
5605,6359.0015
5606,5794.499
5607,3702.7075
5608,4946.2354
5609,5761.399
5610,7076.7124
5611,6464.464
5612,6365.8164
5613,3479.0613
5614,6973.7905
5615,4488.122
5616,5193.1504
5617,5599.539
5618,5901.7754
5619,5228.8438
5620,6439.0176
5621,5524.37
5622,5460.1743
5623,4965.371
5624,5604.3584
5625,5752.8706
5626,4367.1104
5627,7188.3555
5628,5135.908
5629,4553.7085
5630,8004.3354
5631,4448.1265
5632,3666.9175
5633,5974.4434
5634,6338.437
5635,7415.41
5636,4194.466
5637,5583.986
5638,5144.3755
5639,5619.068
5640,5295.025
5641,6175.871
5642,2802.8516
5643,5026.554
5644,5279.4565
5645,4871.0312
5646,3787.672
5647,6246.787
5648,6138.3555
5649,4547.3496
5650,6118.026
5651,6127.446
5652,7462.6367
5653,4121.7275
5654,4791.442
5655,5016.505
5656,6497.5234
5657,5930.1816
5658,3776.3618
5659,7413.7056
5660,6065.036
5661,5905.1313
5662,4235.3916
5663,3343.1707
5664,5292.6567
5665,4893.3193
5666,7721.7314
5667,5767.755
5668,4625.7085
5669,6950.184
5670,5021.115
5671,4949.2603
5672,6509.8496
5673,4423.4414
5674,7125.39
5675,8589.085
5676,6141.2075
5677,4115.7637
5678,4479.337
5679,3709.5415
5680,2797.5796
5681,6407.227
5682,5027.93
5683,7282.542
5684,3566.0625
5685,5658.7783
5686,5083.3096
5687,8150.169
5688,4157.6543
5689,4688.6245
5690,4943.3345
5691,6559.563
5692,4756.687
5693,6316.9927
5694,6831.3364
5695,7183.0645
5696,5968.514
5697,6605.018
5698,5703.114
5699,3987.0344
5700,4677.6045
5701,8518.043
5702,7700.9897
5703,5720.8647
5704,14471.294
5705,4508.783
5706,4689.779
5707,4672.6055
5708,6719.7554
5709,7247.023
5710,6221.6045
5711,6476.585
5712,7140.9775
5713,5752.152
5714,6143.7095
5715,4630.94
5716,4377.6875
5717,4449.591
5718,3841.4456
5719,4211.172
5720,6498.906
5721,13708.647
5722,5759.849
5723,5042.1606
5724,5234.762
5725,3615.6003
5726,5744.607
5727,3489.8076
5728,7304.901
5729,5563.9897
5730,5723.0913
5731,8817.93
5732,10546.722
5733,5477.1533
5734,5986.343
5735,3521.4265
5736,4933.7954
5737,5212.0176
5738,6678.8857
5739,4067.4526
5740,3817.6057
5741,4538.2886
5742,4721.8687
5743,5880.462
5744,5571.9453
5745,3634.9253
5746,6395.2236
5747,5491.8013
5748,5939.8335
5749,4014.1333
5750,3783.9634
5751,6402.5845
5752,3717.1787
5753,7630.2886
5754,4799.2866
5755,4068.1084
5756,5889.084
5757,5293.626
5758,3992.0884
5759,5246.8247
5760,4997.6587
5761,7409.634
5762,7728.731
5763,5713.023
5764,3876.4084
5765,4695.9385
5766,6138.016
5767,5262.197
5768,4379.3247
5769,5582.5
5770,9611.625
5771,6165.4414
5772,5681.3633
5773,5614.1445
5774,3897.3945
5775,7321.342
5776,4795.5386
5777,9329.32
5778,5428.9834
5779,4724.1396
5780,4494.484
5781,3633.5107
5782,6041.0127
5783,12558.222
5784,3425.3823
5785,4494.2695
5786,7634.205
5787,5808.3887
5788,5165.1494
5789,6707.761
5790,5035.6865
5791,4795.415
5792,3901.6836
5793,6740.94
5794,4487.0303
5795,5414.6426
5796,6096.449
5797,4394.7373
5798,6500.406
5799,5615.0225
5800,3312.2322
5801,7117.6875
5802,6980.5522
5803,3541.4946
5804,6402.462
5805,5736.4487
5806,4492.829
5807,8035.8823
5808,5807.3413
5809,7524.296
5810,4437.8916
5811,4477.372
5812,5634.659
5813,3467.8186
5814,6595.4175
5815,3274.316
5816,5194.1064
5817,4179.9233
5818,5446.3955
5819,4700.702
5820,5689.775
5821,5989.524
5822,6519.3003
5823,5402.21
5824,6176.0244
5825,4924.8994
5826,5870.285
5827,7126.5728
5828,6669.515
5829,3226.1887
5830,5411.3433
5831,5869.7305
5832,3943.9194
5833,8500.107
5834,4968.133
5835,6659.643
5836,7514.8643
5837,6472.923
5838,3546.471
5839,8200.697
5840,7901.426
5841,5409.5684
5842,6373.5264
5843,7502.0737
5844,5554.4077
5845,4683.212
5846,5765.3896
5847,4758.2705
5848,4716.4087
5849,5687.523
5850,4574.907
5851,4884.203
5852,6124.717
5853,5457.8003
5854,6709.9243
5855,5389.5127
5856,5307.2466
5857,3211.2505
5858,6163.1426
5859,5682.512
5860,5015.543
5861,5422.9487
5862,6167.959
5863,7233.246
5864,5093.6675
5865,3926.374
5866,5600.543
5867,6000.732
5868,6258.709
5869,4351.737
5870,3604.037
5871,5443.425
5872,6263.8394
5873,4894.538
5874,6179.4893
5875,5784.719
5876,5321.2266
5877,4235.545
5878,3214.2417
5879,5478.4023
5880,5902.9014
5881,5209.5127
5882,7009.4546
5883,6543.8965
5884,4494.741
5885,6918.912
5886,3077.4272
5887,2965.1267
5888,5745.128
5889,8544.659
5890,6489.5645
5891,6040.7646
5892,3748.4893
5893,5963.9673
5894,7352.4824
5895,4872.379
5896,5929.0107
5897,4729.144
5898,3822.5942
5899,4000.3645
5900,4873.7314
5901,4785.381
5902,3977.128
5903,4944.268
5904,3831.1877
5905,6374.56
5906,5272.5063
5907,4428.977
5908,5162.824
5909,6977.9824
5910,4416.1436
5911,4005.714
5912,7283.813
5913,6283.335
5914,5398.99
5915,3231.7703
5916,8452.473
5917,5285.054
5918,4579.339
5919,6923.011
5920,6464.0815
5921,7025.1035
5922,5654.1597
5923,5739.1196
5924,7643.8154
5925,10479.361
5926,3743.2615
5927,4002.8418
5928,4723.9414
5929,5880.204
5930,5900.7847
5931,6463.6807
5932,7251.116
5933,5039.9395
5934,3850.3604
5935,4718.366
5936,7031.9146
5937,3934.1687
5938,5896.104
5939,3267.7039
5940,5885.2485
5941,5691.8594
5942,6288.611
5943,7117.382
5944,5583.8633
5945,3927.5466
5946,5678.3623
5947,5891.7524
5948,7088.1626
5949,6016.8257
5950,6399.91
5951,5142.722
5952,4159.7407
5953,8163.9863
5954,3538.354
5955,7945.015
5956,5360.719
5957,3985.3462
5958,5584.167
5959,4963.647
5960,5502.5767
5961,6655.674
5962,3078.4314
5963,3551.6443
5964,5380.4624
5965,7149.81
5966,7714.436
5967,4631.828
5968,5081.157
5969,5205.097
5970,5440.8135
5971,4752.841
5972,8295.991
5973,6993.681
5974,9657.129
5975,3949.6985
5976,5260.47
5977,8854.54
5978,6767.0366
5979,4063.3457
5980,8380.379
5981,5427.8496
5982,4373.568
5983,4321.976
5984,3881.163
5985,4612.2173
5986,4704.0796
5987,4105.31
5988,4185.625
5989,8041.5713
5990,6102.465
5991,16199.118
5992,5424.9097
5993,3706.7896
5994,5403.1016
5995,7534.343
5996,4521.721
5997,5675.5137
5998,4572.3027
5999,6396.23
6000,6231.7305
6001,3497.6199
6002,4364.624
6003,5570.4946
6004,6165.2124
6005,5528.74
6006,6178.157
6007,3975.914
6008,3673.3174
6009,4182.747
6010,7796.8784
6011,8545.059
6012,7170.6196
6013,6024.6875
6014,3571.547
6015,4878.136
6016,3302.7854
6017,7373.5796
6018,7482.893
6019,8061.6304
6020,4575.6055
6021,3516.1365
6022,3706.0964
6023,4680.6753
6024,8498.3
6025,4999.9473
6026,4202.7285
6027,3753.6274
6028,5745.6157
6029,3396.3716
6030,5877.664
6031,3571.4277
6032,5521.7515
6033,5712.0205
6034,4723.0806
6035,6213.58
6036,5131.584
6037,4175.902
6038,4821.1177
6039,5446.681
6040,8411.858
6041,4784.9653
6042,6466.437
6043,6005.3643
6044,7573.747
6045,5503.8364
6046,6882.7104
6047,3679.5144
6048,4119.8213
6049,5149.717
6050,5250.675
6051,6894.8726
6052,6296.852
6053,4271.0615
6054,5604.845
6055,5263.2407
6056,7274.0103
6057,3659.01
6058,9777.632
6059,3725.0483
6060,5220.929
6061,5929.9326
6062,4620.7603
6063,4414.5938
6064,5470.105
6065,5573.939
6066,4432.5776
6067,4376.702
6068,6173.415
6069,5619.5127
6070,5363.21
6071,3950.9722
6072,6183.1562
6073,8256.846
6074,5503.285
6075,4329.5024
6076,5611.045
6077,5025.7007
6078,5170.7197
6079,5931.172
6080,3716.4377
6081,5865.0913
6082,5495.548
6083,5379.78
6084,5926.2803
6085,3932.6565
6086,4816.328
6087,4174.9463
6088,5778.7573
6089,5871.114
6090,4008.516
6091,4464.586
6092,4954.073
6093,4837.434
6094,4901.7236
6095,7059.8174
6096,5312.96
6097,5833.585
6098,4793.5537
6099,3933.208
6100,4773.541
6101,6871.52
6102,6140.6978
6103,6212.247
6104,6506.3857
6105,4630.9663
6106,6784.3506
6107,4985.9546
6108,5319.2173
6109,7043.514
6110,5110.9985
6111,7503.4766
6112,6659.2617
6113,6208.5444
6114,5033.9
6115,6189.287
6116,6063.914
6117,4704.7573
6118,3626.5298
6119,4732.5874
6120,5948.582
6121,5314.242
6122,4140.4575
6123,6111.686
6124,5730.608
6125,5005.0435
6126,5157.0464
6127,4374.44
6128,6423.688
6129,5703.3423
6130,5130.0522
6131,4515.394
6132,4465.5103
6133,5642.5063
6134,3129.9458
6135,5176.859
6136,3742.4294
6137,6458.596
6138,5621.7803
6139,5201.687
6140,7456.5815
6141,4494.055
6142,4325.614
6143,9203.617
6144,5173.6997
6145,5759.7065
6146,6253.5713
6147,4445.832
6148,5062.044
6149,4494.6426
6150,5946.534
6151,7571.046
6152,4964.94
6153,2388.1177
6154,4325.164
6155,6457.531
6156,6733.505
6157,4670.8496
6158,5276.1035
6159,4187.414
6160,4366.2563
6161,2960.4631
6162,4156.8413
6163,5131.437
6164,5169.2896
6165,5537.026
6166,5545.874
6167,6167.7886
6168,6515.2725
6169,5769.4443
6170,4503.221
6171,7325.917
6172,6911.511
6173,4458.096
6174,5610.349
6175,4427.8066
6176,5589.832
6177,3167.3389
6178,5266.52
6179,4196.1865
6180,7508.302
6181,5576.9062
6182,6436.009
6183,6973.1123
6184,5077.727
6185,5906.0664
6186,14541.619
6187,8379.539
6188,5242.5073
6189,2578.9565
6190,5067.2954
6191,7495.894
6192,4732.307
6193,12041.604
6194,13517.032
6195,3646.327
6196,4015.5234
6197,6320.7837
6198,4613.9424
6199,7839.9736
6200,4922.0156
6201,6177.22
6202,3933.568
6203,5301.1196
6204,5660.241
6205,5719.806
6206,6005.0376
6207,4921.7246
6208,5038.3916
6209,5656.922
6210,4200.011
6211,4832.6055
6212,6169.436
6213,4109.0396
6214,4892.596
6215,5421.123
6216,4339.7896
6217,4090.2646
6218,5644.2397
6219,5113.7686
6220,5876.9126
6221,5426.6177
6222,5489.1514
6223,5046.409
6224,3582.9004
6225,5519.5664
6226,5372.8154
6227,4377.8506
6228,4055.8176
6229,5418.373
6230,5252.6636
6231,6564.6265
6232,6947.109
6233,5055.231
6234,4009.7551
6235,4090.2957
6236,7467.9624
6237,4315.537
6238,6113.9365
6239,11941.78
6240,5606.6953
6241,5337.321
6242,3843.3809
6243,3786.7473
6244,5313.5527
6245,3732.4717
6246,4876.3545
6247,7116.255
6248,4698.5547
6249,11205.511
6250,9598.689
6251,4257.7275
6252,6167.8354
6253,4215.267
6254,5999.3296
6255,4893.226
6256,9479.984
6257,5624.623
6258,6803.8174
6259,3950.226
6260,5887.4663
6261,4404.831
6262,6890.1787
6263,5047.093
6264,5109.088
6265,5381.581
6266,5282.9727
6267,6673.683
6268,6903.671
6269,4853.1987
6270,7567.501
6271,5774.614
6272,7924.838
6273,3970.4978
6274,4249.292
6275,4788.015
6276,6991.0063
6277,5642.3286
6278,5518.445
6279,5688.2393
6280,6967.893
6281,4017.0828
6282,6513.8867
6283,5550.314
6284,3603.9924
6285,11155.499
6286,13569.112
6287,5578.4707
6288,5959.719
6289,6459.397
6290,8094.7534
6291,7968.222
6292,4680.5454
6293,6039.768
6294,4793.316
6295,6591.4995
6296,3814.566
6297,4515.687
6298,4412.11
6299,4478.636
6300,5796.152
6301,3882.0999
6302,3992.4236
6303,4891.2803
6304,3520.2478
6305,3700.2783
6306,4302.971
6307,4783.2085
6308,6801.0854
6309,7101.8257
6310,6557.461
6311,5200.0996
6312,5398.1665
6313,8136.056
6314,6181.8765
6315,4170.7666
6316,3850.3823
6317,6529.7866
6318,4276.0513
6319,5419.7427
6320,3168.1606
6321,4480.5933
6322,6491.4834
6323,5006.595
6324,4848.188
6325,6470.176
6326,7191.2354
6327,7296.239
6328,5104.733
6329,7920.614
6330,3225.044
6331,3949.1033
6332,4979.6665
6333,3689.894
6334,5651.8896
6335,4043.3635
6336,5374.917
6337,6440.6943
6338,8578.981
6339,6832.06
6340,4702.2314
6341,4297.712
6342,7395.618
6343,5730.706
6344,5763.559
6345,4237.5776
6346,5195.4985
6347,7005.692
6348,4195.8867
6349,5461.0654
6350,6100.521
6351,6494.574
6352,9961.849
6353,5397.492
6354,10163.319
6355,5001.0063
6356,4542.1475
6357,3044.0618
6358,5386.095
6359,4803.885
6360,4346.2275
6361,5795.8535
6362,4363.2715
6363,3569.0642
6364,5377.517
6365,4008.6614
6366,6368.015
6367,5240.6323
6368,6135.985
6369,5864.33
6370,4412.594
6371,6122.1763
6372,5706.3135
6373,4298.0645
6374,4422.332
6375,5133.087
6376,7883.72
6377,5542.5425
6378,3987.761
6379,5329.029
6380,6779.4795
6381,5874.503
6382,4961.389
6383,6446.0537
6384,5427.6167
6385,5485.053
6386,5127.2783
6387,6249.195
6388,4725.9873
6389,5570.5425
6390,5194.4434
6391,4513.159
6392,3727.3054
6393,4278.863
6394,6211.542
6395,7135.769
6396,8124.928
6397,9106.137
6398,6467.1216
6399,4662.9834
6400,4727.34
6401,9591.131
6402,7849.2812
6403,5514.472
6404,6409.5317
6405,7034.96
6406,4746.041
6407,3494.9783
6408,8484.143
6409,4623.1016
6410,5659.167
6411,4943.5894
6412,3093.2625
6413,8646.474
6414,4946.693
6415,4358.2217
6416,4346.8867
6417,4687.4175
6418,5011.0435
6419,5792.305
6420,5123.988
6421,4544.5654
6422,3612.7422
6423,3663.3792
6424,3314.957
6425,5717.5645
6426,14678.172
6427,4482.3203
6428,4429.1797
6429,5750.945
6430,3956.9692
6431,3876.0388
6432,4633.485
6433,3822.722
6434,6036.8477
6435,5737.997
6436,3403.0557
6437,6157.6426
6438,3991.6619
6439,4481.478
6440,6125.459
6441,6188.809
6442,8562.804
6443,4916.8447
6444,5204.442
6445,3659.2964
6446,4922.5884
6447,11697.1455
6448,7331.09
6449,5317.6597
6450,3886.902
6451,4272.5083
6452,4875.075
6453,3829.109
6454,7683.946
6455,4241.889
6456,4716.053
6457,5660.981
6458,4157.6187
6459,4986.635
6460,5229.8213
6461,5949.3823
6462,5223.375
6463,3674.2285
6464,4748.192
6465,5470.726
6466,6847.4756
6467,6395.7236
6468,5847.568
6469,3473.0957
6470,6290.675
6471,4372.871
6472,4992.3174
6473,5401.6636
6474,5733.7407
6475,5166.8247
6476,5895.6875
6477,5383.024
6478,5325.797
6479,4603.9272
6480,5513.1577
6481,5302.3584
6482,4317.5957
6483,6576.635
6484,4749.7593
6485,4393.0356
6486,7367.653
6487,4414.3623
6488,3533.925
6489,6042.897
6490,5775.743
6491,7626.214
6492,4251.603
6493,5394.8413
6494,5150.827
6495,5676.1797
6496,4823.8135
6497,5759.6953
6498,2695.254
6499,4855.954
6500,4925.8716
6501,4654.167
6502,3792.4229
6503,5860.9414
6504,5856.158
6505,4408.0
6506,6174.793
6507,5936.6562
6508,7001.7036
6509,3776.4375
6510,4793.7505
6511,5071.207
6512,5939.9585
6513,5834.731
6514,3734.5696
6515,7785.3823
6516,5820.8784
6517,5573.5723
6518,4093.0044
6519,3292.9478
6520,5144.94
6521,4887.824
6522,7223.807
6523,5315.1143
6524,4686.2773
6525,6467.0723
6526,5110.984
6527,4664.638
6528,6494.518
6529,4351.2676
6530,7011.715
6531,7725.8496
6532,6145.749
6533,3977.2605
6534,4329.04
6535,3564.8892
6536,2811.0674
6537,6068.763
6538,4649.335
6539,7093.4585
6540,3411.7214
6541,5238.129
6542,4940.384
6543,8189.9106
6544,3771.955
6545,4481.735
6546,4747.032
6547,6464.988
6548,4349.131
6549,6294.2397
6550,6716.3853
6551,7177.688
6552,5438.7847
6553,6086.8037
6554,5157.7495
6555,3925.116
6556,4303.1187
6557,7845.883
6558,7527.569
6559,5499.628
6560,15112.05
6561,4506.9985
6562,4585.2744
6563,4695.5264
6564,6227.5474
6565,6988.9863
6566,5820.1626
6567,5947.782
6568,6416.921
6569,5763.9985
6570,5791.51
6571,4352.1104
6572,4184.168
6573,4106.2734
6574,3803.9265
6575,4146.5205
6576,6153.445
6577,13603.528
6578,5716.2393
6579,4872.537
6580,5260.44
6581,3420.1843
6582,5194.1313
6583,3392.0295
6584,7258.3745
6585,5106.608
6586,5531.198
6587,8593.985
6588,10720.061
6589,5549.8853
6590,5784.5205
6591,3290.6775
6592,4983.9434
6593,5133.4053
6594,6212.2764
6595,3945.1008
6596,3496.0386
6597,4708.6543
6598,4489.1753
6599,5778.8237
6600,5272.1494
6601,3519.8313
6602,5793.25
6603,5338.8174
6604,5579.641
6605,3781.5383
6606,3561.4492
6607,6185.7163
6608,3724.8352
6609,7429.4487
6610,4528.2
6611,3700.9668
6612,5805.503
6613,4919.312
6614,3801.721
6615,4871.203
6616,4867.5386
6617,7006.6807
6618,7297.011
6619,5249.0825
6620,3846.8396
6621,4697.2554
6622,6156.7617
6623,5033.434
6624,4130.0044
6625,5572.748
6626,9468.247
6627,6115.4355
6628,5522.8735
6629,5377.9688
6630,3932.4126
6631,7058.5654
6632,4686.4785
6633,9083.271
6634,4993.9985
6635,4449.438
6636,4427.3716
6637,3431.9568
6638,5947.2036
6639,12104.484
6640,3387.4731
6641,4060.428
6642,7246.684
6643,5606.0693
6644,5210.2334
6645,6210.825
6646,4723.6436
6647,4464.7437
6648,3736.6755
6649,6531.6743
6650,4485.798
6651,5326.5283
6652,5649.227
6653,4400.459
6654,6018.49
6655,5206.979
6656,3159.4202
6657,7018.0244
6658,6709.195
6659,3545.6829
6660,5982.9805
6661,5216.2305
6662,4073.1174
6663,7481.3584
6664,5320.2827
6665,7301.0977
6666,4358.941
6667,3990.044
6668,5506.866
6669,3202.174
6670,6292.403
6671,3290.3792
6672,5062.43
6673,4103.2974
6674,5016.778
6675,4631.7173
6676,5485.5503
6677,5613.004
6678,5871.808
6679,5138.5884
6680,6028.211
6681,5023.4575
6682,5944.8555
6683,6717.3843
6684,6757.001
6685,3022.103
6686,5123.128
6687,5733.1064
6688,3980.6538
6689,7897.8994
6690,4803.2114
6691,6758.922
6692,7610.3228
6693,6545.2695
6694,3483.5713
6695,8074.127
6696,7681.7695
6697,5067.996
6698,6354.157
6699,7089.4746
6700,5261.133
6701,4742.7056
6702,5492.7915
6703,4756.964
6704,4674.0493
6705,5357.9893
6706,4454.789
6707,4742.0
6708,5739.5137
6709,5380.673
6710,6220.5244
6711,5196.1978
6712,5361.1895
6713,3169.9626
6714,6115.1377
6715,5563.942
6716,4820.5615
6717,5310.396
6718,5731.8325
6719,7115.5425
6720,4812.388
6721,3940.5537
6722,5194.909
6723,5468.029
6724,5975.9653
6725,4204.324
6726,3447.3162
6727,5527.0156
6728,6702.14
6729,4718.087
6730,5988.216
6731,5393.169
6732,5261.293
6733,3941.3958
6734,3185.59
6735,5011.1865
6736,5379.4717
6737,5058.1006
6738,7056.27
6739,6617.0366
6740,4376.1846
6741,6732.4067
6742,3014.7688
6743,2918.8796
6744,5424.1904
6745,8849.567
6746,6318.8364
6747,5703.4404
6748,3758.5793
6749,5629.824
6750,7418.204
6751,4592.8037
6752,5867.178
6753,4701.9536
6754,3818.651
6755,4027.9456
6756,4790.6514
6757,4708.3267
6758,3933.1143
6759,4510.9985
6760,3802.6565
6761,6290.465
6762,5298.3696
6763,4335.722
6764,5011.268
6765,6294.336
6766,4437.502
6767,4110.4077
6768,6618.4756
6769,6208.456
6770,5037.3394
6771,3221.216
6772,8439.737
6773,4925.806
6774,4381.6313
6775,6737.3853
6776,6536.741
6777,6834.393
6778,5303.962
6779,5750.32
6780,6875.4473
6781,10882.664
6782,3740.0242
6783,3809.0063
6784,4245.265
6785,5936.3955
6786,5354.469
6787,6562.3853
6788,6835.436
6789,4846.3984
6790,3770.2751
6791,4698.1514
6792,6837.112
6793,3905.6233
6794,5506.8086
6795,3298.2515
6796,5495.26
6797,5650.639
6798,6041.41
6799,7003.5205
6800,5455.1978
6801,3603.071
6802,5314.896
6803,5980.4756
6804,6679.4717
6805,5856.521
6806,5895.092
6807,4929.3877
6808,4030.99
6809,8020.866
6810,3551.3496
6811,7791.177
6812,4952.207
6813,3653.5586
6814,5412.3296
6815,4837.277
6816,5441.5815
6817,6509.9424
6818,3102.0598
6819,3541.7817
6820,5301.893
6821,7087.507
6822,7699.866
6823,4197.2036
6824,5118.273
6825,5244.973
6826,5099.1025
6827,4475.062
6828,7725.061
6829,6739.564
6830,9662.491
6831,3750.1094
6832,5070.569
6833,10049.837
6834,6798.1997
6835,3984.487
6836,7568.5547
6837,5370.479
6838,4098.8145
6839,4185.07
6840,3727.6006
6841,4473.897
6842,4744.235
6843,3956.441
6844,4180.8203
6845,7527.756
6846,5962.153
6847,15801.568
6848,4984.5425
6849,3709.446
6850,5430.004
6851,7633.433
6852,4567.5903
6853,5718.9224
6854,4604.138
6855,6451.3125
6856,6296.041
6857,3483.5547
6858,4394.3936
6859,5535.8584
6860,6231.897
6861,5561.4907
6862,6144.442
6863,3977.0974
6864,3708.4236
6865,4162.2017
6866,7837.2144
6867,8554.804
6868,7235.4336
6869,6010.791
6870,3600.9956
6871,4795.6714
6872,3324.001
6873,7437.077
6874,7438.0703
6875,8127.649
6876,4554.347
6877,3547.9226
6878,3731.3752
6879,4670.15
6880,8556.257
6881,4966.5503
6882,4137.1094
6883,3761.4272
6884,5795.096
6885,3425.6274
6886,5841.954
6887,3554.6982
6888,5577.284
6889,5689.053
6890,4748.586
6891,6136.81
6892,5161.963
6893,4209.617
6894,4857.9927
6895,5412.815
6896,8344.16
6897,4745.701
6898,6530.995
6899,6047.383
6900,7565.711
6901,5469.6147
6902,6912.8037
6903,3711.1306
6904,4155.3027
6905,5194.067
6906,5194.711
6907,6847.554
6908,6276.8174
6909,4309.963
6910,5578.593
6911,5296.626
6912,7284.4106
6913,3685.6162
6914,9866.723
6915,3758.7227
6916,5254.0464
6917,5972.216
6918,4609.693
6919,4409.9097
6920,5521.304
6921,5534.8926
6922,4394.796
6923,4371.983
6924,6143.973
6925,5604.428
6926,5399.485
6927,3975.1555
6928,6236.4043
6929,8245.513
6930,5541.6016
6931,4349.334
6932,5552.501
6933,5068.9824
6934,5135.232
6935,5867.1724
6936,3742.3152
6937,5828.6235
6938,5537.58
6939,5352.35
6940,5953.424
6941,3968.207
6942,4792.6714
6943,4167.3228
6944,5752.174
6945,5919.337
6946,4011.3887
6947,4467.7856
6948,4942.9336
6949,4807.4375
6950,4943.839
6951,7114.6196
6952,5363.732
6953,5883.8228
6954,4802.8955
6955,3968.7637
6956,4756.741
6957,6940.6245
6958,6188.366
6959,6147.4316
6960,6467.4116
6961,4619.958
6962,6712.043
6963,5028.8945
6964,5356.007
6965,6994.175
6966,5090.6562
6967,7622.5127
6968,6601.51
6969,6185.2505
6970,4998.6357
6971,6232.3784
6972,6011.324
6973,4751.7305
6974,3655.2004
6975,4773.345
6976,6008.4067
6977,5297.3335
6978,4176.117
6979,6156.1216
6980,5775.0933
6981,5046.8906
6982,5131.7163
6983,4410.1533
6984,6479.007
6985,5676.629
6986,5172.9443
6987,4491.625
6988,4529.4443
6989,5607.4224
6990,3154.2463
6991,5224.0327
6992,3730.521
6993,6428.346
6994,5667.821
6995,5242.0674
6996,7416.0254
6997,4537.003
6998,4293.7617
6999,9282.872
7000,5148.2876
7001,5693.3037
7002,6292.7812
7003,4182.711
7004,5030.569
7005,4513.219
7006,5997.7446
7007,7647.841
7008,4989.661
7009,2374.981
7010,4354.012
7011,6409.067
7012,6675.2236
7013,4652.0674
7014,5270.5054
7015,4190.507
7016,4400.925
7017,3008.626
7018,4192.6416
7019,5095.4897
7020,5136.471
7021,5584.7104
7022,5592.4185
7023,6114.298
7024,6471.2188
7025,5734.884
7026,4471.452
7027,7389.005
7028,6877.5654
7029,4472.335
7030,5648.613
7031,4413.718
7032,5572.0464
7033,3143.993
7034,5316.848
7035,4182.835
7036,7572.9595
7037,5549.5093
7038,6415.5317
7039,7020.669
7040,5042.156
7041,5877.0586
7042,14666.837
7043,8320.843
7044,5287.6562
7045,2573.704
7046,5035.7876
7047,7557.1143
7048,4743.5107
7049,12112.465
7050,13596.575
7051,3674.6353
7052,4048.3074
7053,6292.7393
7054,4651.6104
7055,7907.4873
7056,4956.0586
7057,6239.8794
7058,3940.1628
7059,5279.8037
7060,5616.405
7061,5757.954
7062,5980.0137
7063,4868.0728
7064,5008.2095
7065,5695.389
7066,4183.122
7067,4873.1646
7068,6157.443
7069,4093.2817
7070,4886.794
7071,5478.0522
7072,4402.768
7073,4129.5986
7074,5692.1577
7075,5194.012
7076,5892.7305
7077,5335.1475
7078,5536.424
7079,5044.2295
7080,3536.7512
7081,5510.3555
7082,5418.9106
7083,4320.1255
7084,4045.825
7085,5467.351
7086,5198.359
7087,6605.9565
7088,7009.903
7089,5020.301
7090,4032.763
7091,4104.0337
7092,7423.945
7093,4293.1313
7094,6156.715
7095,12044.612
7096,5559.1196
7097,5383.2856
7098,3797.0999
7099,3808.4758
7100,5355.675
7101,3758.59
7102,4918.35
7103,7157.0835
7104,4657.729
7105,11271.453
7106,9681.347
7107,4202.724
7108,6209.901
7109,4241.808
7110,6052.8135
7111,4935.367
7112,9384.348
7113,5579.8916
7114,6862.409
7115,3987.9778
7116,5939.9526
7117,4350.359
7118,6952.7104
7119,5003.8022
7120,5142.1577
7121,5303.628
7122,5319.0396
7123,6655.2676
7124,6958.104
7125,4809.754
7126,7604.177
7127,5731.7285
7128,7930.5166
7129,3987.6963
7130,4226.436
7131,4766.3613
7132,6965.8467
7133,5601.7075
7134,5471.1123
7135,5656.609
7136,6907.188
7137,3981.1208
7138,6569.9824
7139,5585.9624
7140,3582.7466
7141,11288.516
7142,13685.956
7143,5549.5093
7144,5940.7573
7145,6473.9414
7146,8146.741
7147,8019.795
7148,4720.8555
7149,6078.559
7150,4757.7173
7151,6545.9565
7152,3841.0315
7153,4554.577
7154,4415.272
7155,4491.677
7156,5836.362
7157,3915.815
7158,4026.8086
7159,4836.6865
7160,3536.7815
7161,3699.8125
7162,4289.2793
7163,4790.441
7164,6752.124
7165,7043.1514
7166,6620.1235
7167,5155.974
7168,5359.303
7169,8192.496
7170,6235.114
7171,4206.687
7172,3841.7239
7173,6479.174
7174,4301.904
7175,5392.9014
7176,3158.079
7177,4519.1816
7178,6556.2915
7179,4983.53
7180,4800.4634
7181,6423.0444
7182,7054.87
7183,7359.071
7184,5113.6465
7185,7943.674
7186,3252.8215
7187,3921.6204
7188,4951.541
7189,3689.4294
7190,5700.5635
7191,4079.9146
7192,5421.206
7193,6477.6475
7194,8637.489
7195,6733.987
7196,4725.023
7197,4334.7256
7198,7813.5767
7199,5694.7754
7200,5813.194
7201,4194.2017
7202,5163.6914
7203,7066.022
7204,4179.014
7205,5498.951
7206,6050.418
7207,6531.836
7208,10008.151
7209,5358.6333
7210,10250.839
7211,4953.9365
7212,4508.413
7213,3070.281
7214,5434.7812
7215,4793.083
7216,4295.6465
7217,5827.4116
7218,4334.92
7219,3594.6428
7220,5349.0684
7221,4032.8975
7222,6417.4473
7223,5191.58
7224,6183.616
7225,5845.672
7226,4371.0615
7227,6174.8994
7228,5750.6104
7229,4305.1714
7230,4384.428
7231,5184.3354
7232,7940.848
7233,5546.514
7234,4025.8713
7235,5387.6367
7236,6792.8584
7237,5914.568
7238,4980.992
7239,6503.519
7240,5462.477
7241,5525.403
7242,5135.7563
7243,6192.0444
7244,4759.056
7245,5614.466
7246,5160.6924
7247,4487.668
7248,3767.7188
7249,4047.7244
7250,6166.7944
7251,7159.7324
7252,8058.855
7253,9163.876
7254,6372.086
7255,4699.752
7256,4760.1367
7257,9673.723
7258,7926.6675
7259,5492.299
7260,6446.3057
7261,7075.3154
7262,4793.426
7263,3525.08
7264,8549.999
7265,4604.511
7266,5787.0146
7267,4980.246
7268,3095.4795
7269,8696.08
7270,4880.9287
7271,4325.853
7272,4378.0386
7273,4672.503
7274,5043.2285
7275,5815.1904
7276,5097.3857
7277,4547.8223
7278,3611.4158
7279,3694.931
7280,3333.9792
7281,5672.721
7282,14764.548
7283,4520.9233
7284,4375.625
7285,5791.9517
7286,3977.344
7287,3878.8164
7288,4593.1147
7289,3857.279
7290,6010.533
7291,5665.891
7292,3435.5796
7293,6125.6753
7294,4029.8096
7295,4506.3667
7296,6077.4175
7297,6117.6816
7298,8636.542
7299,4960.679
7300,5249.2627
7301,3641.853
7302,4906.926
7303,11797.871
7304,7317.7046
7305,5260.972
7306,3920.3784
7307,4239.2476
7308,4902.5747
7309,3847.6692
7310,7697.3623
7311,4273.7065
7312,4715.4595
7313,5609.209
7314,4118.0806
7315,5005.282
7316,5272.044
7317,5908.247
7318,5169.3486
7319,3700.4302
7320,4762.0166
7321,5444.9204
7322,6815.6646
7323,6422.1196
7324,5794.0903
7325,3501.5425
7326,6209.3857
7327,4412.4004
7328,5031.682
7329,5432.6562
7330,5770.853
7331,5211.322
7332,5851.9033
7333,5417.5977
7334,5323.8413
7335,4586.0664
7336,5544.7896
7337,5256.8535
7338,4326.567
7339,6511.6377
7340,4716.917
7341,4421.4717
7342,7307.7373
7343,4450.4185
7344,3529.3264
7345,6094.9375
7346,5745.758
7347,7685.412
7348,4292.2344
7349,5442.9365
7350,5190.8125
7351,5725.0625
7352,4763.1934
7353,5741.3696
7354,2686.6716
7355,4861.4927
7356,4901.476
7357,4639.3584
7358,3823.4841
7359,5840.3105
7360,5837.5254
7361,4440.6865
7362,6227.969
7363,5900.914
7364,6970.04
7365,3746.3835
7366,4820.4785
7367,5099.482
7368,5883.514
7369,5863.0103
7370,3758.5579
7371,7831.199
7372,5797.4736
7373,5529.6104
7374,4099.194
7375,3318.4407
7376,5133.371
7377,4921.161
7378,7191.1396
7379,5273.427
7380,4726.6367
7381,6407.6426
7382,5157.184
7383,4641.536
7384,6544.9326
7385,4388.7427
7386,7072.097
7387,7664.9146
7388,6198.675
7389,4011.515
7390,4319.305
7391,3575.2695
7392,2836.476
7393,6103.5825
7394,4587.602
7395,7127.8374
7396,3404.0493
7397,5201.9106
7398,4964.547
7399,8260.4375
7400,3729.8342
7401,4458.4663
7402,4723.522
7403,6520.6626
7404,4298.495
7405,6330.063
7406,6739.911
7407,7239.4995
7408,5387.565
7409,6037.3027
7410,5066.6187
7411,3916.3455
7412,4229.489
7413,7782.0786
7414,7588.7803
7415,5542.9917
7416,15165.689
7417,4544.158
7418,4592.8564
7419,4729.009
7420,6176.902
7421,6963.8936
7422,5780.417
7423,5893.388
7424,6369.266
7425,5808.743
7426,5658.2275
7427,4332.3486
7428,4208.1763
7429,4071.0315
7430,3838.3137
7431,4182.2324
7432,6121.055
7433,13696.298
7434,5761.283
7435,4903.6553
7436,5305.743
7437,3417.2197
7438,5127.6943
7439,3383.349
7440,7274.475
7441,5064.6426
7442,5580.7695
7443,8644.865
7444,10763.993
7445,5597.6807
7446,5823.0664
7447,3280.206
7448,5026.8657
7449,5177.6143
7450,6150.8804
7451,3947.9282
7452,3445.0872
7453,4747.2183
7454,4452.6646
7455,5828.5903
7456,5257.601
7457,3546.0989
7458,5746.136
7459,5379.1177
7460,5537.237
7461,3768.1287
7462,3544.4722
7463,6232.408
7464,3745.6045
7465,7482.3506
7466,4501.8853
7467,3670.3716
7468,5855.499
7469,4912.9062
7470,3791.8838
7471,4823.1553
7472,4847.966
7473,7054.4126
7474,7324.4287
7475,5206.1797
7476,3879.971
7477,4744.1533
7478,6140.774
7479,5037.041
7480,4110.318
7481,5620.74
7482,9541.741
7483,6149.5723
7484,5550.383
7485,5426.1675
7486,3962.9414
7487,7111.8447
7488,4689.837
7489,9148.035
7490,4959.4683
7491,4408.7485
7492,4451.964
7493,3462.718
7494,5998.42
7495,12059.532
7496,3409.2327
7497,4025.76
7498,7268.746
7499,5610.087
7500,5252.298
7501,6170.748
7502,4701.6978
7503,4445.4756
7504,3740.9375
7505,6596.38
7506,4517.9404
7507,5362.816
7508,5578.4546
7509,4426.7085
7510,5982.7407
7511,5169.6987
7512,3164.9526
7513,7059.575
7514,6728.093
7515,3573.2102
7516,5961.766
7517,5173.6846
7518,4024.9612
7519,7460.715
7520,5276.7983
7521,7343.2524
7522,4393.8735
7523,3964.363
7524,5556.22
7525,3022.1
7526,6348.765
7527,3318.7192
7528,5106.0283
7529,4131.2534
7530,4985.522
7531,4673.586
7532,5521.3145
7533,5565.906
7534,5827.6675
7535,5184.617
7536,6080.125
7537,5071.4634
7538,5996.052
7539,6777.5527
7540,6815.19
7541,2998.7085
7542,5153.6875
7543,5779.05
7544,4011.5571
7545,7848.6973
7546,4792.4106
7547,6817.1274
7548,7675.859
7549,6567.971
7550,3505.329
7551,8136.8013
7552,7750.612
7553,5035.2925
7554,6408.8774
7555,7066.42
7556,5239.9775
7557,4783.551
7558,5534.2534
7559,4786.805
7560,4710.3345
7561,5339.1284
7562,4488.4175
7563,4742.864
7564,5702.4775
7565,5427.0107
7566,6200.733
7567,5237.839
7568,5407.3604
7569,3197.2659
7570,6177.232
7571,5604.38
7572,4834.1406
7573,5356.1294
7574,5704.1094
7575,7157.6704
7576,4797.076
7577,3978.213
7578,5143.7964
7579,5423.337
7580,5980.2476
7581,4231.737
7582,3469.46
7583,5579.833
7584,6747.894
7585,4745.0947
7586,5958.5596
7587,5359.569
7588,5306.6035
7589,3934.2961
7590,3211.851
7591,4968.403
7592,5335.5034
7593,5061.7256
7594,7123.698
7595,6674.0205
7596,4413.874
7597,6786.3564
7598,3044.872
7599,2938.7861
7600,5406.932
7601,8918.26
7602,6364.7603
7603,5749.146
7604,3796.1074
7605,5668.1777
7606,7482.0864
7607,4596.095
7608,5868.247
7609,4742.4478
7610,3851.5396
7611,4060.9355
7612,4831.909
7613,4786.6455
7614,3960.8098
7615,4458.6787
7616,3840.6248
7617,6325.536
7618,5343.999
7619,4316.937
7620,5061.3486
7621,6253.72
7622,4475.719
7623,4151.448
7624,6575.769
7625,6261.922
7626,4983.577
7627,3248.9604
7628,8512.415
7629,4857.029
7630,4374.077
7631,6719.7812
7632,6616.1343
7633,6893.2485
7634,5293.762
7635,5799.841
7636,6876.1685
7637,10967.136
7638,3772.2358
7639,3798.4946
7640,4149.4526
7641,5987.519
7642,5322.6636
7643,6611.1
7644,6890.2114
7645,4845.7886
7646,3800.4917
7647,4705.92
7648,6873.008
7649,3929.9302
7650,5479.536
7651,3329.7742
7652,5423.6216
7653,5646.8403
7654,6089.8237
7655,7063.832
7656,5485.0845
7657,3564.6138
7658,5280.5996
7659,6022.3203
7660,6645.0933
7661,5903.453
7662,5858.3647
7663,4904.9746
7664,4071.2761
7665,8089.9375
7666,3581.3386
7667,7853.61
7668,5025.432
7669,3628.6719
7670,5416.208
7671,4873.5596
7672,5495.962
7673,6554.341
7674,3128.7786
7675,3559.7678
7676,5280.574
7677,7140.072
7678,7756.7944
7679,4157.5034
7680,5162.3516
7681,5290.143
7682,5081.1523
7683,4505.55
7684,7679.8354
7685,6799.9634
7686,9741.618
7687,3728.76
7688,5109.819
7689,10113.261
7690,6856.743
7691,4018.8037
7692,7519.7183
7693,5412.1694
7694,4087.5032
7695,4175.659
7696,3730.272
7697,4495.5044
7698,4789.5728
7699,3939.7605
7700,4216.8276
7701,7581.061
7702,6015.586
7703,15937.635
7704,4921.279
7705,3763.1104
7706,5527.411
7707,7769.8115
7708,4524.6855
7709,5841.6587
7710,4649.41
7711,6582.8477
7712,6430.5107
7713,3542.8496
7714,4437.4556
7715,5573.3965
7716,6379.292
7717,5672.072
7718,6155.5464
7719,4051.2163
7720,3766.515
7721,4160.6616
7722,8013.846
7723,8537.377
7724,7310.5884
7725,6097.699
7726,3645.047
7727,4842.1704
7728,3373.8025
7729,7588.708
7730,7493.556
7731,8336.11
7732,4549.484
7733,3608.8914
7734,3783.9092
7735,4726.136
7736,8747.814
7737,4994.699
7738,4126.826
7739,3787.3289
7740,5946.5117
7741,3455.264
7742,5939.29
7743,3553.5862
7744,5706.199
7745,5743.0894
7746,4833.4307
7747,6161.761
7748,5275.0366
7749,4287.6064
7750,4907.581
7751,5452.2275
7752,8237.73
7753,4747.263
7754,6635.346
7755,6194.1772
7756,7661.099
7757,5506.252
7758,7074.4585
7759,3752.26
7760,4240.0522
7761,5254.192
7762,5234.333
7763,6909.804
7764,6302.0073
7765,4363.7373
7766,5575.518
7767,5365.0264
7768,7412.6167
7769,3722.6292
7770,10062.767
7771,3805.469
7772,5338.4663
7773,6056.388
7774,4646.6084
7775,4498.3057
7776,5631.1455
7777,5578.4175
7778,4460.3423
7779,4439.5303
7780,6220.014
7781,5642.6357
7782,5541.3423
7783,4083.3486
7784,6396.5107
7785,8227.773
7786,5661.6235
7787,4437.54
7788,5615.017
7789,5160.638
7790,5179.1704
7791,5912.2837
7792,3809.3623
7793,5859.164
7794,5658.4434
7795,5366.198
7796,6074.1543
7797,4044.2083
7798,4787.5493
7799,4173.457
7800,5805.1484
7801,6044.6494
7802,4054.2666
7803,4513.7793
7804,4974.1694
7805,4854.2637
7806,5061.4214
7807,7271.499
7808,5473.879
7809,6012.2417
7810,4878.6245
7811,4044.7754
7812,4771.1284
7813,7011.641
7814,6340.952
7815,6156.0396
7816,6529.2695
7817,4626.759
7818,6769.9097
7819,5127.7285
7820,5494.5156
7821,7042.896
7822,5086.8022
7823,7873.5376
7824,6647.534
7825,6205.3477
7826,5073.186
7827,6367.359
7828,6038.8003
7829,4849.312
7830,3729.6565
7831,4866.406
7832,6177.132
7833,5305.0396
7834,4246.8403
7835,6276.075
7836,5926.235
7837,5207.59
7838,5184.924
7839,4496.092
7840,6623.465
7841,5702.543
7842,5320.6787
7843,4517.143
7844,4653.3413
7845,5653.1836
7846,3260.8904
7847,5337.1323
7848,3749.2617
7849,6458.424
7850,5807.9673
7851,5359.41
7852,7451.9316
7853,4643.604
7854,4318.0117
7855,9489.836
7856,5187.7983
7857,5717.5205
7858,6413.2925
7859,4208.168
7860,5063.971
7861,4636.08
7862,6149.842
7863,7802.4727
7864,5107.607
7865,2387.2349
7866,4523.598
7867,6427.5796
7868,6690.7964
7869,4680.885
7870,5347.2725
7871,4182.9707
7872,4510.7964
7873,3063.0344
7874,4268.455
7875,5129.323
7876,5187.328
7877,5702.178
7878,5702.325
7879,6156.9263
7880,6400.679
7881,5772.962
7882,4486.3286
7883,7534.2134
7884,6922.747
7885,4578.9893
7886,5773.975
7887,4443.3726
7888,5609.482
7889,3149.2551
7890,5450.719
7891,4207.389
7892,7745.5864
7893,5602.4453
7894,6457.0195
7895,7194.275
7896,5106.238
7897,5913.8687
7898,14993.824
7899,8355.74
7900,5414.4463
7901,2592.809
7902,5086.1567
7903,7712.3394
7904,4856.1304
7905,12071.293
7906,13682.458
7907,3768.8547
7908,4136.273
7909,6358.8315
7910,4728.0615
7911,8067.022
7912,5084.226
7913,6359.42
7914,3984.0994
7915,5328.576
7916,5648.155
7917,5885.153
7918,6018.5303
7919,4916.3003
7920,5041.4634
7921,5836.54
7922,4235.3994
7923,4964.3667
7924,6248.414
7925,4109.271
7926,4909.1025
7927,5582.0474
7928,4481.645
7929,4229.6543
7930,5865.3037
7931,5300.675
7932,5948.2812
7933,5399.861
7934,5649.028
7935,5151.3823
7936,3580.0408
7937,5646.9214
7938,5510.676
7939,4372.296
7940,4151.6025
7941,5566.2085
7942,5251.8667
7943,6768.999
7944,7159.398
7945,5043.219
7946,4109.3257
7947,4187.266
7948,7441.3203
7949,4300.583
7950,6297.747
7951,12289.562
7952,5596.031
7953,5505.511
7954,3808.5593
7955,3880.7817
7956,5459.3257
7957,3854.6785
7958,5042.238
7959,7312.088
7960,4704.421
7961,11368.307
7962,9838.766
7963,4240.594
7964,6355.533
7965,4346.51
7966,6194.2363
7967,5026.5444
7968,9181.1455
7969,5588.1475
7970,7058.572
7971,4088.396
7972,6078.7393
7973,4363.142
7974,7145.7266
7975,5033.876
7976,5238.049
7977,5373.231
7978,5315.2764
7979,6749.252
7980,7111.8105
7981,4822.93
7982,7748.5273
7983,5808.1504
7984,8032.3574
7985,4087.1873
7986,4282.8276
7987,4833.675
7988,7050.7734
7989,5626.6514
7990,5472.6465
7991,5732.1274
7992,6934.034
7993,4010.214
7994,6712.645
7995,5707.8813
7996,3611.705
7997,11494.89
7998,13991.077
7999,5567.5415
8000,5996.126
8001,6580.343
8002,8306.839
8003,8199.384
8004,4802.2725
8005,6198.0186
8006,4789.308
8007,6598.8594
8008,3909.8467
8009,4670.083
8010,4475.5186
8011,4609.8774
8012,5938.4966
8013,4022.144
8014,4099.624
8015,4848.035
8016,3615.221
8017,3752.6323
8018,4333.1753
8019,4854.5464
8020,6816.7046
8021,7025.3447
8022,6753.734
8023,5213.8525
8024,5394.8877
8025,8357.757
8026,6386.671
8027,4282.7544
8028,3871.187
8029,6540.564
8030,4399.2544
8031,5350.9004
8032,3204.677
8033,4614.2417
8034,6705.7593
8035,4982.3228
8036,4776.5654
8037,6457.2227
8038,7122.346
8039,7492.127
8040,5212.341
8041,8063.2144
8042,3316.757
8043,3956.656
8044,5017.2134
8045,3747.17
8046,5820.468
8047,4163.687
8048,5539.53
8049,6617.939
8050,8823.297
8051,6646.5767
8052,4806.0347
8053,4429.3403
8054,7772.2725
8055,5725.0786
8056,5942.809
8057,4224.852
8058,5217.2305
8059,7123.4873
8060,4229.969
8061,5606.1016
8062,6090.5903
8063,6680.313
8064,10202.44
8065,5404.318
8066,10479.381
8067,4998.3735
8068,4546.8506
8069,3134.8704
8070,5535.1826
8071,4814.5186
8072,4359.768
8073,5927.4165
8074,4368.9897
8075,3671.3242
8076,5421.387
8077,4111.298
8078,6569.9824
8079,5230.5547
8080,6323.087
8081,5880.653
8082,4410.271
8083,6315.661
8084,5893.1294
8085,4372.3
8086,4407.7603
8087,5310.2593
8088,8112.0586
8089,5602.6323
8090,4127.2437
8091,5473.137
8092,6988.9062
8093,6053.275
8094,5083.921
8095,6655.4707
8096,5561.2466
8097,5530.0693
8098,5214.0664
8099,6238.4214
8100,5057.189
8101,5722.906
8102,5174.4893
8103,4543.2954
8104,3877.3997
8105,4053.408
8106,6186.867
8107,7304.922
8108,8112.3604
8109,9138.625
8110,6414.3936
8111,4803.752
8112,4867.8545
8113,9884.845
8114,8131.417
8115,5435.1597
8116,6561.7847
8117,7237.7803
8118,4903.636
8119,3588.825
8120,8741.376
8121,4638.8716
8122,5916.6445
8123,5085.3467
8124,3130.8774
8125,8884.936
8126,4920.2554
8127,4379.6006
8128,4477.846
8129,4701.971
8130,5153.304
8131,5931.081
8132,5128.0513
8133,4602.307
8134,3635.39
8135,3772.6567
8136,3393.7126
8137,5722.6274
8138,14874.765
8139,4610.515
8140,4413.3813
8141,5909.752
8142,4066.1335
8143,3923.1694
8144,4671.366
8145,3928.5432
8146,5975.914
8147,5717.897
8148,3513.0786
8149,6109.984
8150,4112.569
8151,4620.5576
8152,6109.494
8153,6192.718
8154,8812.187
8155,5053.1865
8156,5359.6763
8157,3687.4873
8158,4926.097
8159,11915.591
8160,7321.16
8161,5339.434
8162,4019.8044
8163,4250.8613
8164,5032.378
8165,3913.6416
8166,7845.913
8167,4353.5264
8168,4796.0234
8169,5681.163
8170,4119.4087
8171,5101.316
8172,5387.5957
8173,5914.568
8174,5186.314
8175,3772.448
8176,4891.649
8177,5500.42
8178,6822.149
8179,6597.0723
8180,5849.5093
8181,3580.529
8182,6280.339
8183,4498.64
8184,5128.291
8185,5529.9795
8186,5900.087
8187,5305.551
8188,5897.544
8189,5541.099
8190,5326.549
8191,4655.6147
8192,5644.121
8193,5266.8315
8194,4392.5283
8195,6535.17
8196,4712.1904
8197,4503.926
8198,7362.6724
8199,4583.4204
8200,3587.1685
8201,6207.532
8202,5810.3555
8203,7874.905
8204,4376.7856
8205,5564.828
8206,5307.009
8207,5845.4824
8208,4786.7456
8209,5775.264
8210,2695.0354
8211,4924.8896
8212,4926.398
8213,4685.6606
8214,3909.0784
8215,5910.778
8216,5867.0103
8217,4551.0815
8218,6343.021
8219,5981.679
8220,7054.1367
8221,3746.6875
8222,4932.661
8223,5250.855
8224,5904.743
8225,5968.0415
8226,3826.5237
8227,7936.623
8228,5834.4917
8229,5564.377
8230,4166.5713
8231,3398.6953
8232,5155.3345
8233,5026.861
8234,7282.4307
8235,5298.6777
8236,4826.059
8237,6450.076
8238,5257.977
8239,4660.6797
8240,6747.205
8241,4474.153
8242,7229.7764
8243,7748.3496
8244,6339.465
8245,4123.202
8246,4347.745
8247,3658.113
8248,2888.8745
8249,6212.9224
8250,4574.6846
8251,7289.86
8252,3441.5562
8253,5277.9106
8254,5079.35
8255,8457.086
8256,3750.8357
8257,4476.7783
8258,4774.8433
8259,6631.082
8260,4365.994
8261,6337.0825
8262,6909.8438
8263,7391.768
8264,5436.176
8265,6109.4766
8266,5154.356
8267,3987.1638
8268,4262.421
8269,7961.112
8270,7665.762
8271,5649.4155
8272,15120.7
8273,4653.5767
8274,4656.6895
8275,4833.979
8276,6219.5215
8277,7036.6914
8278,5795.6875
8279,5951.295
8280,6372.286
8281,5938.7686
8282,5650.6714
8283,4376.5977
8284,4282.8525
8285,4067.8909
8286,3913.0144
8287,4257.8574
8288,6193.799
8289,14146.429
8290,5905.8525
8291,5010.9097
8292,5403.761
8293,3463.2466
8294,5186.2495
8295,3449.0002
8296,7460.8784
8297,5107.709
8298,5709.471
8299,8832.087
8300,10742.701
8301,5710.6206
8302,5941.9927
8303,3329.466
8304,5132.602
8305,5288.0396
8306,6194.2715
8307,3998.4797
8308,3457.882
8309,4865.1665
8310,4490.627
8311,5928.1177
8312,5282.5645
8313,3636.9993
8314,5746.854
8315,5479.427
8316,5483.5884
8317,3814.4568
8318,3567.9543
8319,6371.9766
8320,3829.4558
8321,7651.6567
8322,4547.332
8323,3710.8298
8324,6032.9277
8325,4978.28
8326,3852.8918
8327,4856.2183
8328,4879.258
8329,7180.783
8330,7508.302
8331,5242.1025
8332,3955.4824
8333,4846.6665
8334,6205.679
8335,5094.897
8336,4137.548
8337,5728.143
8338,9880.312
8339,6336.3936
8340,5609.343
8341,5575.061
8342,4057.1448
8343,7271.1035
8344,4752.75
8345,9313.433
8346,4996.2334
8347,4449.697
8348,4532.621
8349,3518.1797
8350,6106.8784
8351,11521.88
8352,3470.8833
8353,4036.8696
8354,7628.6655
8355,5722.087
8356,5426.69
8357,6229.264
8358,4697.7124
8359,4259.1494
8360,3783.714
8361,6781.614
8362,4622.325
8363,5458.888
8364,5632.779
8365,4525.061
8366,6057.5317
8367,5213.773
8368,3224.4626
8369,7265.391
8370,6877.2246
8371,3653.813
8372,6051.2837
8373,5225.428
8374,4074.8
8375,7551.2134
8376,5328.6475
8377,7542.417
8378,4479.495
8379,3974.64
8380,5678.183
8381,3026.4016
8382,6512.762
8383,3380.0361
8384,5200.3574
8385,4205.2666
8386,5027.916
8387,4764.5386
8388,5643.2866
8389,5525.4873
8390,5802.242
8391,5302.2017
8392,6283.161
8393,5199.157
8394,6106.8203
8395,6947.619
8396,6953.798
8397,2952.4404
8398,5268.188
8399,5891.387
8400,4105.576
8401,7875.3555
8402,4832.4897
8403,6927.9785
8404,7817.6543
8405,6714.412
8406,3575.7812
8407,8413.094
8408,7832.1704
8409,5114.1196
8410,6543.6777
8411,7280.153
8412,5293.3735
8413,4871.9233
8414,5637.4546
8415,4897.401
8416,4815.777
8417,5404.7666
8418,4572.1196
8419,4896.4106
8420,5730.023
8421,5541.1626
8422,6274.986
8423,5355.138
8424,5521.0986
8425,3267.0586
8426,6281.028
8427,5777.4126
8428,4941.298
8429,5460.362
8430,5777.8975
8431,7285.8906
8432,4861.956
8433,4059.9128
8434,5201.95
8435,5462.5293
8436,6143.739
8437,4325.226
8438,3531.6096
8439,5689.742
8440,6850.167
8441,4861.6504
8442,6026.8486
8443,5389.482
8444,5408.9697
8445,4005.4468
8446,3262.8289
8447,5009.256
8448,5398.383
8449,5216.1704
8450,7303.0547
8451,6822.8257
8452,4493.6865
8453,6998.0317
8454,3120.593
8455,2991.351
8456,5489.654
8457,9121.393
8458,6572.4893
8459,5861.171
8460,3879.316
8461,5769.719
8462,7602.48
8463,4737.7725
8464,6040.425
8465,4823.4316
8466,3922.6978
8467,4152.537
8468,4926.8726
8469,4873.829
8470,4032.4321
8471,4527.738
8472,3919.4998
8473,6538.543
8474,5442.7236
8475,4349.7197
8476,5163.6914
8477,6342.5796
8478,4574.8594
8479,4237.6304
8480,6643.7056
8481,6464.636
8482,5054.136
8483,3319.2258
8484,8810.783
8485,4890.93
8486,4487.518
8487,6791.9126
8488,6748.1
8489,7061.703
8490,5418.378
8491,5922.2
8492,7176.8325
8493,11332.053
8494,3864.1182
8495,3833.2092
8496,4218.6177
8497,6130.848
8498,5399.521
8499,6714.8477
8500,7023.73
8501,4986.3066
8502,3887.158
8503,4841.2007
8504,7035.8394
8505,4017.5044
8506,5574.152
8507,3408.2278
8508,5449.6123
8509,5729.1597
8510,6282.274
8511,7194.9814
8512,5623.132
8513,3619.286
8514,5330.269
8515,6215.667
8516,6766.346
8517,6085.631
8518,5919.642
8519,4937.7876
8520,4173.0986
8521,8283.586
8522,3665.1619
8523,8019.4893
8524,5063.285
8525,3666.5188
8526,5548.4297
8527,4980.474
8528,5621.7217
8529,6765.3843
8530,3208.9568
8531,3641.0923
8532,5330.8794
8533,7254.2153
8534,7954.463
8535,4213.422
8536,5279.401
8537,5396.5244
8538,5164.243
8539,4593.632
8540,7731.8574
8541,6967.9463
8542,10057.163
8543,3776.0413
8544,5244.348
8545,10096.914
8546,7053.9077
8547,4109.9297
8548,7629.881
8549,5542.204
8550,4154.3477
8551,4225.041
8552,3821.3438
8553,4625.5713
8554,4895.78
8555,4021.327
8556,4290.63
8557,7759.51
8558,6164.195
8559,16327.08
8560,4983.083
8561,4177.109
8562,5818.375
8563,8529.107
8564,4975.3506
8565,6368.701
8566,5115.261
8567,7029.447
8568,6908.315
8569,3945.2627
8570,4932.44
8571,6140.6333
8572,6826.9463
8573,6068.618
8574,6780.3525
8575,4477.624
8576,4160.5107
8577,4629.16
8578,8551.6875
8579,9496.519
8580,7976.8755
8581,6693.005
8582,4007.4646
8583,5312.139
8584,3738.6936
8585,8120.4736
8586,8217.5
8587,8798.674
8588,5099.837
8589,3937.927
8590,4198.9814
8591,5184.6274
8592,9046.587
8593,5515.656
8594,4549.7617
8595,4190.5425
8596,6266.367
8597,3799.3208
8598,6522.5225
8599,3933.722
8600,6098.677
8601,6334.7803
8602,5322.6177
8603,6741.2935
8604,5634.353
8605,4532.4004
8606,5459.4766
8607,5928.762
8608,8951.128
8609,5258.4385
8610,7115.773
8611,6462.8174
8612,8356.943
8613,6038.7197
8614,7598.819
8615,4095.9492
8616,4559.759
8617,5829.441
8618,5877.7705
8619,7684.2466
8620,6897.1685
8621,4833.025
8622,6169.8716
8623,5841.246
8624,8049.967
8625,4145.109
8626,10768.347
8627,4186.3237
8628,5792.377
8629,6610.1543
8630,5072.9536
8631,4987.6147
8632,5997.9966
8633,6165.024
8634,4899.62
8635,4800.7656
8636,6850.4873
8637,6184.849
8638,5915.465
8639,4367.373
8640,7000.074
8641,9129.853
8642,6094.1
8643,4886.668
8644,6185.3623
8645,5647.6055
8646,5778.785
8647,6468.874
8648,4172.6846
8649,6481.3003
8650,6085.0737
8651,5893.321
8652,6688.888
8653,4425.1255
8654,5246.1543
8655,4676.07
8656,6409.018
8657,6537.477
8658,4495.08
8659,5008.654
8660,5479.965
8661,5365.497
8662,5401.798
8663,7845.464
8664,5953.5376
8665,6451.2944
8666,5281.854
8667,4416.0215
8668,5307.51
8669,7529.917
8670,6761.0493
8671,6825.579
8672,7179.9272
8673,5129.2056
8674,7582.052
8675,5581.196
8676,5888.275
8677,7765.485
8678,5608.824
8679,8399.079
8680,7353.3945
8681,6780.184
8682,5590.205
8683,6852.6177
8684,6643.2305
8685,5276.28
8686,4026.0786
8687,5128.457
8688,6598.1104
8689,5866.389
8690,4618.6274
8691,6837.366
8692,6385.301
8693,5515.9243
8694,5717.4497
8695,4860.528
8696,7095.0415
8697,6325.4214
8698,5615.8315
8699,4958.333
8700,4970.489
8701,6222.5303
8702,3599.6768
8703,5785.1606
8704,4172.5415
8705,7051.426
8706,6285.289
8707,5736.3555
8708,8161.2847
8709,5009.5186
8710,4759.723
8711,10006.014
8712,5715.3394
8713,6258.894
8714,7019.2896
8715,4622.4443
8716,5566.8403
8717,5018.6875
8718,6612.866
8719,8515.3545
8720,5449.1235
8721,2688.706
8722,4909.88
8723,7075.97
8724,7306.3574
8725,5273.97
8726,5918.733
8727,4592.2603
8728,4781.466
8729,3307.3572
8730,4671.2505
8731,5667.356
8732,5705.775
8733,6189.854
8734,6206.5967
8735,6777.0483
8736,6897.958
8737,6346.2227
8738,4946.759
8739,8200.455
8740,7679.352
8741,5017.8926
8742,6246.638
8743,4879.216
8744,6146.605
8745,3510.3218
8746,5901.545
8747,4693.8916
8748,8291.008
8749,6118.5103
8750,7051.56
8751,7494.05
8752,5630.157
8753,6527.047
8754,15491.56
8755,9221.647
8756,5699.057
8757,2907.2144
8758,5589.091
8759,8124.045
8760,5308.3804
8761,12169.609
8762,12978.191
8763,3977.0369
8764,4498.3784
8765,7018.9883
8766,5123.5923
8767,8583.066
8768,5447.0396
8769,6874.916
8770,4477.2266
8771,5920.641
8772,6220.726
8773,6335.898
8774,6604.6147
8775,5419.774
8776,5542.098
8777,6290.279
8778,4674.188
8779,5408.366
8780,6829.363
8781,4549.905
8782,5445.3306
8783,6155.828
8784,4908.269
8785,4556.759
8786,6291.755
8787,5769.8955
8788,6628.0527
8789,6107.758
8790,5973.697
8791,5562.1006
8792,3896.2607
8793,6047.556
8794,5998.0024
8795,4775.4673
8796,4502.401
8797,6085.602
8798,5809.0757
8799,7218.0493
8800,7642.5176
8801,5594.0938
8802,4525.8423
8803,4611.0693
8804,8380.402
8805,4671.9053
8806,6735.13
8807,12901.269
8808,6163.3955
8809,5889.022
8810,4218.3564
8811,4240.882
8812,5919.8228
8813,4127.3145
8814,5408.134
8815,7810.06
8816,5164.0854
8817,11187.368
8818,10561.056
8819,4648.541
8820,6771.453
8821,4663.544
8822,6668.8154
8823,5469.093
8824,9708.254
8825,6210.523
8826,7468.2974
8827,4410.915
8828,6544.4707
8829,4772.2617
8830,7563.6694
8831,5555.584
8832,5727.5967
8833,5875.377
8834,5652.6177
8835,7371.6245
8836,7656.4897
8837,5293.4897
8838,8533.811
8839,6388.6514
8840,8621.233
8841,4382.9897
8842,4679.3447
8843,5281.048
8844,7706.023
8845,6187.3745
8846,6098.7754
8847,6250.357
8848,7618.638
8849,4402.911
8850,7144.4995
8851,6138.2383
8852,3984.5442
8853,12303.095
8854,14899.754
8855,6169.971
8856,6590.3174
8857,7245.578
8858,9041.394
8859,8824.728
8860,5185.206
8861,6746.1177
8862,5270.7314
8863,7279.979
8864,4180.5054
8865,4987.8335
8866,4885.4795
8867,4995.933
8868,6468.905
8869,4300.64
8870,4468.1177
8871,5382.11
8872,3919.5034
8873,4134.3125
8874,4746.213
8875,5330.239
8876,7496.001
8877,7810.3354
8878,7184.2017
8879,5744.3223
8880,5928.796
8881,9024.068
8882,6783.8066
8883,4667.705
8884,4233.267
8885,7130.353
8886,4736.842
8887,5976.0337
8888,3502.4377
8889,5013.654
8890,7101.8125
8891,5379.292
8892,5226.9536
8893,7084.8374
8894,7863.4136
8895,8054.805
8896,5739.8696
8897,8468.41
8898,3610.1033
8899,4372.1787
8900,5501.1123
8901,4110.851
8902,6324.2695
8903,4545.0596
8904,5957.196
8905,7155.015
8906,9141.808
8907,7199.835
8908,5237.0244
8909,4759.406
8910,8543.861
8911,6283.317
8912,6322.9844
8913,4664.216
8914,5727.6953
8915,7711.8022
8916,4633.37
8917,6128.884
8918,6693.337
8919,7189.418
8920,11094.6045
8921,5929.5254
8922,11149.724
8923,5519.672
8924,4988.7427
8925,3406.255
8926,5923.9854
8927,5359.4565
8928,4767.321
8929,6433.548
8930,4767.3525
8931,4002.601
8932,5914.867
8933,4426.793
8934,7007.1953
8935,5760.4536
8936,6848.3247
8937,6479.792
8938,4870.246
8939,6794.0186
8940,6358.31
8941,4759.8276
8942,4846.75
8943,5679.3857
8944,8630.975
8945,6105.038
8946,4468.625
8947,5904.2417
8948,7437.205
8949,6440.6084
8950,5552.9565
8951,7165.3823
8952,6066.066
8953,5624.827
8954,5662.817
8955,6862.691
8956,5356.3438
8957,6284.216
8958,5650.052
8959,4956.938
8960,4103.0156
8961,4474.763
8962,6792.69
8963,8044.195
8964,8917.886
8965,9536.637
8966,7049.3477
8967,5218.943
8968,5264.6167
8969,10577.487
8970,8707.675
8971,6161.6553
8972,7164.002
8973,7743.193
8974,5279.7183
8975,3914.631
8976,9315.876
8977,5108.386
8978,6402.016
8979,5477.4985
8980,3481.6443
8981,9523.757
8982,5385.1963
8983,4748.137
8984,4817.0264
8985,5165.2085
8986,5541.855
8987,6501.658
8988,5590.0186
8989,5007.7227
8990,3990.4094
8991,4099.237
8992,3705.2197
8993,6316.9565
8994,15115.553
8995,4972.898
8996,4875.322
8997,6260.2793
8998,4402.966
8999,4359.0903
9000,5137.711
9001,4352.613
9002,6560.508
9003,6298.1855
9004,3822.0693
9005,6824.3423
9006,4458.3047
9007,4892.5215
9008,6666.265
9009,6906.615
9010,9334.839
9011,5407.8657
9012,5823.5996
9013,4068.3684
9014,5448.1675
9015,12508.686
9016,7861.1113
9017,5885.3833
9018,4316.628
9019,4705.3677
9020,5358.848
9021,4272.162
9022,8639.928
9023,4632.239
9024,5214.8325
9025,6260.996
9026,4509.6865
9027,5551.156
9028,5824.8887
9029,6461.8745
9030,5794.8364
9031,4138.061
9032,5226.9834
9033,6018.8804
9034,7634.62
9035,6995.949
9036,6432.437
9037,3886.3237
9038,6873.7817
9039,4895.738
9040,5649.1304
9041,6052.5767
9042,6350.092
9043,5777.11
9044,6500.0464
9045,5960.7993
9046,5901.1284
9047,5066.7876
9048,6162.1313
9049,5817.082
9050,4828.274
9051,7197.645
9052,5222.9863
9053,4868.593
9054,8096.3677
9055,4924.9463
9056,3949.3972
9057,6726.38
9058,6375.849
9059,8331.158
9060,4726.641
9061,5989.2666
9062,5738.249
9063,6351.4487
9064,5272.974
9065,6351.031
9066,3033.0872
9067,5304.959
9068,5496.0566
9069,5196.4155
9070,4226.166
9071,6457.8203
9072,6547.799
9073,4871.278
9074,6866.9336
9075,6476.9556
9076,7775.8164
9077,4134.975
9078,5343.143
9079,5549.0967
9080,6508.732
9081,6529.0146
9082,4123.7607
9083,8936.371
9084,6351.7573
9085,6097.025
9086,4587.825
9087,3642.9438
9088,5674.3823
9089,5461.279
9090,7958.9556
9091,5859.7734
9092,5243.8027
9093,7061.5957
9094,5715.5356
9095,5235.2314
9096,7097.1265
9097,4899.2275
9098,7744.515
9099,8536.473
9100,6876.2144
9101,4446.341
9102,4820.966
9103,3967.204
9104,3106.1436
9105,6800.048
9106,4969.7017
9107,7847.6416
9108,3816.1675
9109,5811.01
9110,5518.3555
9111,8901.604
9112,4145.1997
9113,4912.953
9114,5222.2046
9115,7217.471
9116,4764.7886
9117,6770.6196
9118,7293.706
9119,8031.5527
9120,5987.3364
9121,6718.307
9122,5681.3853
9123,4349.1226
9124,4680.2285
9125,8632.399
9126,8189.012
9127,6223.1714
9128,15432.249
9129,5026.1606
9130,5036.95
9131,5228.4697
9132,6835.0254
9133,7642.1606
9134,6342.3438
9135,6562.241
9136,7121.7686
9137,6421.3354
9138,6160.2627
9139,4810.8643
9140,4654.86
9141,4492.9834
9142,4291.657
9143,4610.1323
9144,6842.579
9145,14559.6045
9146,6325.09
9147,5413.207
9148,5844.7407
9149,3821.6099
9150,5882.173
9151,3829.0576
9152,7887.4805
9153,5613.4053
9154,6153.4097
9155,9516.611
9156,10936.375
9157,6112.5195
9158,6428.536
9159,3642.6104
9160,5576.8745
9161,5744.2017
9162,6770.465
9163,4417.6606
9164,3834.7087
9165,5227.9062
9166,4959.222
9167,6414.3755
9168,5852.635
9169,3898.112
9170,6397.328
9171,5981.679
9172,6040.091
9173,4190.1987
9174,3997.7322
9175,6865.1133
9176,4136.068
9177,8247.354
9178,4945.702
9179,4198.533
9180,6454.0454
9181,5429.232
9182,4238.3174
9183,5413.068
9184,5462.3833
9185,7874.5366
9186,7952.1035
9187,5768.6626
9188,4303.0366
9189,5257.5605
9190,6659.973
9191,5594.355
9192,4626.7188
9193,6154.4834
9194,10374.147
9195,6788.6743
9196,6044.3496
9197,5969.7554
9198,4357.976
9199,7832.5366
9200,5264.732
9201,10115.074
9202,5526.325
9203,4842.6
9204,4905.386
9205,3823.8345
9206,6661.2183
9207,13339.654
9208,3778.686
9209,4465.932
9210,8031.101
9211,6138.2793
9212,5776.862
9213,6886.736
9214,5435.73
9215,4880.6636
9216,4205.1587
9217,7293.2676
9218,5042.93
9219,5997.161
9220,6143.856
9221,4891.854
9222,6699.283
9223,5721.2305
9224,3500.7576
9225,7768.9224
9226,7529.989
9227,3962.809
9228,6614.336
9229,5776.008
9230,4568.6274
9231,8320.858
9232,5860.461
9233,8048.1777
9234,4875.708
9235,4363.155
9236,6285.5645
9237,3464.5088
9238,6995.4087
9239,3716.4624
9240,5615.4673
9241,4590.053
9242,5520.698
9243,5181.819
9244,6096.8735
9245,6119.181
9246,6469.9536
9247,5750.72
9248,6642.128
9249,5603.322
9250,6616.677
9251,7467.863
9252,7403.855
9253,3320.2075
9254,5727.548
9255,6344.298
9256,4395.8564
9257,8747.506
9258,5348.385
9259,7429.8525
9260,8462.613
9261,7115.7935
9262,3898.9897
9263,8860.58
9264,8434.578
9265,5540.2905
9266,7103.6143
9267,7764.7515
9268,5834.837
9269,5290.3755
9270,6108.2183
9271,5321.597
9272,5195.38
9273,5949.5693
9274,4992.8174
9275,5270.6963
9276,6270.4805
9277,6028.395
9278,6895.0044
9279,5782.3745
9280,6012.2817
9281,3548.6606
9282,6657.642
9283,6198.468
9284,5427.249
9285,5973.0815
9286,6321.4346
9287,7972.1753
9288,5375.466
9289,4426.088
9290,5654.629
9291,5980.1963
9292,6616.664
9293,4650.546
9294,3822.6672
9295,6097.5537
9296,7670.5894
9297,5227.3076
9298,6594.631
9299,5872.968
9300,5818.558
9301,4326.9097
9302,3501.5825
9303,5484.9854
9304,5882.762
9305,5673.4785
9306,7951.459
9307,7364.428
9308,4877.9175
9309,7548.995
9310,3397.5479
9311,3229.6992
9312,6044.511
9313,9610.929
9314,7083.979
9315,6462.565
9316,4247.108
9317,6391.693
9318,8221.239
9319,5201.608
9320,6495.3237
9321,5220.292
9322,4372.129
9323,4549.536
9324,5359.722
9325,5364.7603
9326,4450.3
9327,4930.4175
9328,4263.4297
9329,6935.258
9330,5883.374
9331,4747.295
9332,5672.813
9333,6998.6255
9334,5006.4805
9335,4584.5356
9336,7262.9385
9337,6916.9854
9338,5480.1323
9339,3648.8286
9340,9204.609
9341,5331.8965
9342,4886.398
9343,7331.4883
9344,7389.2725
9345,7624.2866
9346,5901.1562
9347,6422.683
9348,7696.5693
9349,11489.858
9350,4239.4985
9351,4317.7026
9352,4611.2363
9353,6632.682
9354,5861.3833
9355,7098.2026
9356,7617.3306
9357,5390.4688
9358,4260.8276
9359,5283.1035
9360,7666.764
9361,4356.8496
9362,6021.608
9363,3683.982
9364,5965.907
9365,6200.496
9366,6710.353
9367,7851.6323
9368,5977.1567
9369,3926.2805
9370,5792.0786
9371,6524.644
9372,7339.4644
9373,6501.0137
9374,6459.539
9375,5513.6045
9376,4613.247
9377,8933.899
9378,3960.7117
9379,8759.437
9380,5542.0293
9381,4050.822
9382,6050.614
9383,5380.4673
9384,6068.6123
9385,7177.729
9386,3488.137
9387,3915.236
9388,5856.806
9389,7745.2095
9390,8619.187
9391,4662.641
9392,5735.3706
9393,5787.081
9394,5611.671
9395,5059.1914
9396,8493.1455
9397,7607.376
9398,10620.126
9399,4069.9055
9400,5669.6055
9401,10360.265
9402,7393.615
9403,4494.535
9404,8315.916
9405,5966.465
9406,4550.921
9407,4695.7188
9408,4145.018
9409,4943.976
9410,5325.5024
9411,4386.8633
9412,4665.791
9413,8442.08
9414,6624.362
9415,17459.648
9416,5382.952
9417,6110.287
9418,3829.8906
9419,3310.7886
9420,3212.6814
9421,4448.606
9422,4534.013
9423,5185.3296
9424,5333.7227
9425,6011.0376
9426,3914.534
9427,5927.4277
9428,4345.477
9429,3759.5977
9430,5695.8345
9431,5763.5205
9432,3382.4841
9433,6609.442
9434,5554.7573
9435,12591.383
9436,6379.28
9437,7185.435
9438,2387.417
9439,4272.7363
9440,2767.049
9441,6994.802
9442,7953.719
9443,5637.831
9444,7329.705
9445,3456.5793
9446,4329.11
9447,6548.448
9448,8287.189
9449,7414.434
9450,5471.3784
9451,5672.175
9452,5257.942
9453,3292.266
9454,5313.4565
9455,5053.1865
9456,4157.8047
9457,8103.707
9458,2487.4436
9459,4574.2876
9460,3472.2312
9461,3694.8394
9462,4729.2524
9463,6254.9375
9464,8857.353
9465,7348.991
9466,6337.7236
9467,5451.3486
9468,10344.4375
9469,6335.989
9470,5248.051
9471,3287.176
9472,2518.315
9473,5766.9023
9474,3594.7766
9475,5436.6943
9476,4849.6216
9477,4261.6484
9478,8546.804
9479,4033.9634
9480,4793.2017
9481,3693.8562
9482,5943.4497
9483,3518.512
9484,3597.0715
9485,6055.8276
9486,7335.0483
9487,7222.9116
9488,4870.0835
9489,5258.4785
9490,4159.0464
9491,5511.901
9492,9188.916
9493,7459.655
9494,3148.357
9495,3016.046
9496,5756.768
9497,9053.82
9498,3748.3496
9499,2278.976
9500,5541.628
9501,4406.5874
9502,3880.0266
9503,4954.6025
9504,3132.9182
9505,6342.5796
9506,3647.555
9507,7520.873
9508,2819.1726
9509,3265.647
9510,6791.1807
9511,5616.978
9512,7465.52
9513,5019.702
9514,5693.271
9515,6508.7817
9516,6284.8574
9517,7202.088
9518,3670.7917
9519,4827.247
9520,3971.7026
9521,4318.877
9522,6122.6025
9523,3154.7878
9524,6721.4224
9525,4511.399
9526,6298.9126
9527,5926.2124
9528,6442.5684
9529,5918.823
9530,4317.95
9531,4354.7476
9532,3328.8943
9533,6567.8647
9534,7434.354
9535,4751.572
9536,6130.515
9537,7070.2153
9538,3884.6077
9539,3892.0742
9540,6008.613
9541,3607.9517
9542,2769.6626
9543,3874.5747
9544,5067.0923
9545,4538.466
9546,3503.9216
9547,5295.1914
9548,4258.4385
9549,4540.0117
9550,7711.192
9551,3651.3843
9552,6044.0093
9553,6955.907
9554,3370.6404
9555,5890.4487
9556,3763.6633
9557,6126.68
9558,2303.877
9559,3239.9475
9560,5319.9683
9561,8060.992
9562,3510.2512
9563,3704.658
9564,6803.2266
9565,4326.175
9566,5263.5522
9567,9015.182
9568,7531.9355
9569,5718.1807
9570,5137.6914
9571,3280.6787
9572,5090.2773
9573,2487.1362
9574,4704.497
9575,6186.879
9576,2683.8342
9577,3234.8672
9578,2332.6558
9579,4323.642
9580,4407.113
9581,5812.0576
9582,6693.503
9583,6155.2646
9584,2785.4143
9585,2341.9426
9586,3390.8196
9587,3911.5852
9588,6218.513
9589,5241.7124
9590,4792.0225
9591,6369.072
9592,5152.3604
9593,5198.6914
9594,4911.5947
9595,6314.848
9596,10228.601
9597,3128.1128
9598,5403.8384
9599,6066.222
9600,7658.133
9601,3499.7324
9602,4994.0557
9603,5769.5215
9604,6606.2466
9605,7585.292
9606,7330.719
9607,6050.5503
9608,4097.755
9609,8510.58
9610,14457.871
9611,7528.0503
9612,4687.0103
9613,3631.6223
9614,5539.741
9615,3454.5454
9616,2340.877
9617,16101.509
9618,17177.834
9619,2774.5498
9620,2100.6758
9621,9169.087
9622,3993.056
9623,6064.3247
9624,3038.8914
9625,4245.844
9626,5911.872
9627,5316.6963
9628,5549.9805
9629,3134.9272
9630,7746.1924
9631,2885.715
9632,4428.74
9633,4075.2937
9634,4840.5635
9635,4574.484
9636,6362.484
9637,5848.918
9638,5804.5947
9639,4213.3735
9640,3423.7327
9641,2993.1582
9642,2921.6292
9643,4137.674
9644,6261.7544
9645,3655.7236
9646,3399.01
9647,3235.475
9648,3774.4602
9649,3531.8118
9650,4603.352
9651,5100.727
9652,2223.7075
9653,3989.4807
9654,6915.0522
9655,2903.8452
9656,5646.948
9657,5301.2104
9658,2915.811
9659,1835.1884
9660,8183.679
9661,5946.948
9662,4326.398
9663,9025.11
9664,5504.5503
9665,3693.1514
9666,4430.4263
9667,2925.3052
9668,3557.5444
9669,2952.7869
9670,2584.1003
9671,4061.3306
9672,5362.7085
9673,8562.706
9674,6717.468
9675,3019.538
9676,4331.7373
9677,3167.402
9678,4017.4429
9679,3971.8691
9680,7673.5386
9681,3478.2383
9682,4684.485
9683,3204.197
9684,4002.269
9685,4228.1416
9686,6013.096
9687,6807.2573
9688,3686.1753
9689,7025.311
9690,7180.646
9691,8098.3833
9692,3880.404
9693,4756.9546
9694,6719.2686
9695,6579.8657
9696,10723.017
9697,1892.3075
9698,6392.3022
9699,4577.3125
9700,7968.5337
9701,5025.1494
9702,6108.09
9703,4922.6963
9704,4796.98
9705,4681.604
9706,4427.908
9707,3373.3616
9708,5011.6646
9709,5831.743
9710,12202.955
9711,7767.2554
9712,7478.1196
9713,7836.8633
9714,7078.7915
9715,4116.7686
9716,2990.3926
9717,4778.042
9718,4779.505
9719,8632.597
9720,2910.7334
9721,3297.7922
9722,5669.643
9723,3217.4631
9724,4914.828
9725,2992.4187
9726,2904.6543
9727,4480.085
9728,2365.92
9729,5352.8247
9730,5477.169
9731,5190.347
9732,6721.384
9733,8263.637
9734,5573.567
9735,6553.922
9736,4635.775
9737,5507.386
9738,2880.382
9739,3035.2058
9740,4441.4487
9741,8074.081
9742,2848.6726
9743,6803.298
9744,3853.3035
9745,4022.4817
9746,4654.8687
9747,5619.2607
9748,4339.6035
9749,4977.938
9750,7594.211
9751,5829.569
9752,2302.8013
9753,4850.283
9754,2736.2305
9755,5078.173
9756,7222.8633
9757,4915.0015
9758,5382.454
9759,2441.8926
9760,3715.0588
9761,3951.7185
9762,6712.235
9763,5195.6226
9764,3508.1492
9765,2829.8716
9766,3975.2996
9767,4843.9585
9768,4790.4136
9769,4897.4614
9770,7604.9966
9771,5370.74
9772,5178.1577
9773,4535.9688
9774,4923.26
9775,4090.0928
9776,4816.3467
9777,5108.5225
9778,8700.9
9779,6831.056
9780,4358.0093
9781,2289.4424
9782,4497.3057
9783,5985.9146
9784,5506.089
9785,3138.476
9786,5676.3965
9787,2804.7842
9788,7097.4985
9789,2748.703
9790,4570.6367
9791,6856.037
9792,4702.6216
9793,7566.238
9794,6001.9683
9795,4151.167
9796,3850.724
9797,5254.0566
9798,4027.6536
9799,2957.3835
9800,6363.455
9801,7857.521
9802,3262.661
9803,4080.1287
9804,3533.3992
9805,4876.1636
9806,3414.3293
9807,4423.5977
9808,4138.4043
9809,6946.751
9810,6450.1006
9811,6577.199
9812,3439.2324
9813,2742.907
9814,6224.958
9815,5126.3003
9816,2922.2173
9817,4249.779
9818,6046.7485
9819,2590.899
9820,7187.45
9821,5131.276
9822,5083.945
9823,3621.175
9824,3322.7012
9825,8030.128
9826,5450.5894
9827,7082.5537
9828,4752.229
9829,4909.941
9830,3731.5142
9831,2670.5466
9832,5869.2266
9833,6029.252
9834,4956.2383
9835,3112.883
9836,4023.1035
9837,3541.454
9838,4228.2144
9839,4423.5557
9840,2965.6587
9841,5795.7925
9842,3162.7795
9843,3983.495
9844,6898.5894
9845,6492.4683
9846,5114.188
9847,3236.8303
9848,2554.6775
9849,6879.206
9850,18860.537
9851,2317.2305
9852,5651.2695
9853,4564.424
9854,3198.5776
9855,4917.365
9856,6213.8887
9857,2763.1477
9858,6586.1514
9859,4432.083
9860,2506.089
9861,8748.549
9862,2860.1682
9863,3419.036
9864,5966.4194
9865,4637.022
9866,6749.2393
9867,3081.9783
9868,4284.932
9869,4992.7793
9870,6288.077
9871,10067.076
9872,8439.093
9873,3904.9414
9874,2971.718
9875,5053.6978
9876,3759.1135
9877,2777.7717
9878,3489.5046
9879,3031.5625
9880,4821.3433
9881,4656.7295
9882,4592.8257
9883,3465.4045
9884,3824.462
9885,6235.06
9886,5211.6997
9887,2759.1738
9888,2815.3643
9889,5464.6084
9890,8767.21
9891,4014.4663
9892,5748.0713
9893,2239.879
9894,5961.493
9895,3690.063
9896,2833.139
9897,3889.814
9898,2961.4292
9899,3677.4792
9900,6034.148
9901,3659.209
9902,5424.7285
9903,5948.151
9904,4508.267
9905,5256.1416
9906,5403.813
9907,6122.486
9908,5116.813
9909,2617.549
9910,7353.0156
9911,3085.847
9912,3926.9023
9913,4673.3228
9914,7585.415
9915,6813.4023
9916,3629.9043
9917,2938.7944
9918,3731.4465
9919,5231.418
9920,4010.3328
9921,6793.0723
9922,3008.646
9923,2904.7278
9924,5803.7866
9925,5263.813
9926,2385.9666
9927,5688.5645
9928,7688.1685
9929,2520.928
9930,4646.923
9931,6798.4004
9932,6835.749
9933,3861.4614
9934,4147.616
9935,3487.0156
9936,6807.7056
9937,4282.938
9938,2859.684
9939,10957.872
9940,7496.3657
9941,7285.849
9942,4752.859
9943,1618.4634
9944,6465.3022
9945,3681.4385
9946,7495.315
9947,4945.6406
9948,3921.1003
9949,6420.509
9950,3729.884
9951,5544.9375
9952,4480.4097
9953,3261.2168
9954,6269.147
9955,10093.256
9956,5089.787
9957,3242.483
9958,5494.4
9959,2345.6042
9960,2122.4565
9961,4636.6416
9962,3221.9934
9963,3955.9126
9964,4119.8643
9965,4969.0522
9966,3735.838
9967,4240.3154
9968,3606.4753
9969,5757.9873
9970,5054.122
9971,5495.1284
9972,4645.952
9973,3798.4077
9974,5327.6973
9975,6712.933
9976,5588.6055
9977,6014.8228
9978,3877.962
9979,3033.5906
9980,5449.129
9981,6212.715
9982,3829.3499
9983,3135.5703
9984,17938.062
9985,3648.1047
9986,5233.2993
9987,3279.5334
9988,5347.2676
9989,7192.841
9990,6503.234
9991,5866.9434
9992,6706.29
9993,3922.1814
9994,5652.5205
9995,5159.9
9996,2035.0197
9997,4197.2075
9998,2938.4133
9999,3150.6375
10000,6699.641
10001,12913.555
10002,4108.4795
10003,2258.8538
10004,3905.5376
10005,4346.8784
10006,3561.0688
10007,1354.4636
10008,3150.337
10009,5109.073
10010,3886.9097
10011,5598.118
10012,12410.778
10013,4592.4883
10014,2761.2253
10015,3355.4526
10016,4422.231
10017,4372.3247
10018,5604.439
10019,4463.926
10020,3422.3774
10021,2931.2554
10022,4338.6807
10023,2930.92
10024,5844.674
10025,2028.9027
10026,4845.118
10027,3687.2092
10028,4977.292
10029,4447.825
10030,4165.995
10031,3338.715
10032,2688.6099
10033,5321.572
10034,5796.456
10035,3048.8047
10036,4847.855
10037,3799.2664
10038,4896.728
10039,2402.751
10040,5635.385
10041,5564.637
10042,5208.9663
10043,4135.5273
10044,3077.1748
10045,3825.301
10046,4435.2764
10047,6147.1733
10048,4831.0337
10049,4980.883
10050,6438.2314
10051,5073.7134
10052,2778.7842
10053,4308.98
10054,2621.858
10055,3950.1394
10056,5313.3247
10057,7201.3667
10058,6488.921
10059,4450.3506
10060,2004.3412
10061,1841.2616
10062,4672.677
10063,15126.282
10064,2579.6086
10065,4223.659
10066,3705.888
10067,5607.503
10068,3867.555
10069,6680.1343
10070,5564.8335
10071,4297.5767
10072,4378.9487
10073,5984.4585
10074,3765.8037
10075,4553.9346
10076,4460.8315
10077,2700.4028
10078,4693.117
10079,4350.641
10080,3799.6833
10081,4729.2974
10082,2655.2605
10083,2884.0845
10084,6216.473
10085,6512.327
10086,2300.7546
10087,5218.9927
10088,5437.685
10089,4586.2676
10090,3844.0994
10091,3227.0938
10092,3227.106
10093,3388.026
10094,4572.447
10095,2212.7761
10096,4244.755
10097,3186.5747
10098,5145.799
10099,3640.6892
10100,3259.4814
10101,5547.3184
10102,7202.6235
10103,4438.7847
10104,5509.782
10105,4341.819
10106,4917.7544
10107,4966.4604
10108,5488.256
10109,3346.4446
10110,3219.9932
10111,3926.9622
10112,2830.1619
10113,7438.8228
10114,5278.248
10115,5389.163
10116,5967.4893
10117,6141.307
10118,2518.8364
10119,5666.859
10120,5094.416
10121,4903.4775
10122,5671.1953
10123,7824.025
10124,5254.4424
10125,3837.2996
10126,3728.2798
10127,3963.603
10128,3457.793
10129,6320.651
10130,2976.2617
10131,5077.0347
10132,5661.7476
10133,4574.052
10134,7514.3413
10135,3390.4087
10136,5448.0635
10137,2366.4177
10138,4774.274
10139,4237.1694
10140,1924.2377
10141,5061.6865
10142,4427.283
10143,5929.9043
10144,6346.38
10145,2922.9578
10146,5677.0513
10147,5045.8223
10148,7722.74
10149,2321.5876
10150,1926.876
10151,4635.474
10152,8807.978
10153,3348.485
10154,7096.2803
10155,4725.131
10156,2865.665
10157,4069.257
10158,2536.2405
10159,5918.5576
10160,5160.1807
10161,5760.7227
10162,6102.75
10163,5722.409
10164,3452.773
10165,5054.614
10166,2262.9165
10167,2225.98
10168,5705.236
10169,5415.2007
10170,4614.1445
10171,4806.9746
10172,2813.8108
10173,4486.2344
10174,4714.668
10175,5402.787
10176,5867.329
10177,2441.3452
10178,3178.32
10179,2708.8894
10180,4089.9993
10181,3422.6453
10182,2942.861
10183,3625.8726
10184,2922.467
10185,4010.1492
10186,4004.6672
10187,5297.581
10188,4156.988
10189,6003.056
10190,3934.6265
10191,1989.4453
10192,6602.284
10193,4704.618
10194,4692.853
10195,2563.4878
10196,5933.237
10197,4246.577
10198,4913.427
10199,7582.037
10200,7003.0195
10201,5489.5596
10202,5094.8
10203,4663.606
10204,6914.3135
10205,7826.0996
10206,2895.545
10207,4484.621
10208,4803.6743
10209,5205.0024
10210,5558.9927
10211,6207.6626
10212,3394.6838
10213,4585.948
10214,2999.607
10215,5433.931
10216,3240.303
10217,3071.4998
10218,6179.165
10219,2696.6672
10220,5119.8403
10221,5676.537
10222,4779.0947
10223,5671.639
10224,3967.4578
10225,4493.6567
10226,5269.4946
10227,4235.6665
10228,8115.5415
10229,4609.0156
10230,6133.03
10231,5043.6904
10232,2754.8708
10233,7421.7217
10234,2793.8735
10235,7212.351
10236,4241.035
10237,4524.91
10238,6136.9917
10239,3691.3975
10240,3623.0234
10241,5424.8115
10242,2388.8218
10243,2499.9102
10244,5972.3525
10245,5621.8823
10246,5773.039
10247,5065.889
10248,4438.992
10249,4003.6514
10250,4811.1396
10251,2792.8635
10252,9491.42
10253,4828.679
10254,6900.8203
10255,4143.8833
10256,2608.2
10257,10939.265
10258,4636.478
10259,3136.4736
10260,7245.834
10261,4029.4983
10262,4310.8755
10263,4512.815
10264,3583.2866
10265,2680.1255
10266,3791.873
10267,4303.4473
10268,3169.0283
10269,6749.9087
10270,4281.86
10271,16632.934
10272,6166.5176
10273,4119.102
10274,3755.816
10275,5621.7324
10276,3133.456
10277,5724.44
10278,3917.429
10279,5662.2446
10280,5549.9224
10281,4069.7463
10282,3460.403
10283,5772.6587
10284,5355.4907
10285,4461.959
10286,6067.067
10287,4712.5186
10288,2966.8345
10289,4515.041
10290,6961.018
10291,8467.845
10292,6183.286
10293,6933.181
10294,3567.0356
10295,5539.609
10296,2458.2588
10297,6749.529
10298,8437.339
10299,8856.322
10300,5042.3726
10301,3171.2754
10302,4026.0095
10303,5574.6304
10304,8534.08
10305,5187.2983
10306,4732.628
10307,4174.014
10308,5551.627
10309,2847.42
10310,6865.002
10311,4050.4744
10312,5459.3154
10313,6657.5215
10314,3634.0723
10315,8147.7905
10316,4531.043
10317,4012.6172
10318,3969.873
10319,6121.026
10320,9132.413
10321,5376.2812
10322,5971.686
10323,5699.8945
10324,8639.82
10325,6182.348
10326,5300.538
10327,3042.3838
10328,3187.575
10329,4700.998
10330,5580.131
10331,7449.416
10332,7340.5635
10333,3569.1562
10334,6189.4287
10335,5495.448
10336,5220.954
10337,3101.8586
10338,8374.634
10339,3243.835
10340,5006.046
10341,5252.6333
10342,5207.853
10343,5069.35
10344,3845.2805
10345,5674.675
10346,4759.728
10347,5106.925
10348,7096.4834
10349,6543.996
10350,5639.1543
10351,3388.2651
10352,5367.0073
10353,9428.82
10354,4873.899
10355,3255.2366
10356,6401.925
10357,4105.0356
10358,6464.7783
10359,8148.1245
10360,2978.3308
10361,6677.7583
10362,4850.3345
10363,5908.991
10364,4669.388
10365,3113.5425
10366,5349.441
10367,4599.744
10368,6736.511
10369,4884.6733
10370,4382.831
10371,4853.208
10372,5702.3687
10373,5679.8247
10374,4534.775
10375,7188.273
10376,4214.073
10377,5292.031
10378,5444.6035
10379,3113.9792
10380,5166.332
10381,5372.1753
10382,6100.7363
10383,7311.4253
10384,7314.718
10385,4899.8257
10386,7017.5356
10387,4014.9949
10388,3672.1787
10389,7432.4893
10390,5792.493
10391,6503.6123
10392,7533.8755
10393,6867.556
10394,5258.4585
10395,5364.5195
10396,6992.18
10397,3834.2224
10398,2923.5405
10399,4602.0396
10400,4454.789
10401,6261.1035
10402,3406.1086
10403,4993.794
10404,6545.5317
10405,4067.2354
10406,5733.9595
10407,3431.4395
10408,5931.726
10409,6247.836
10410,3800.8796
10411,5087.336
10412,3355.8015
10413,6348.5776
10414,3397.4863
10415,4044.3394
10416,4187.0225
10417,7076.76
10418,5461.242
10419,5518.387
10420,9692.202
10421,3970.0625
10422,5064.024
10423,8949.327
10424,5602.2153
10425,6716.8335
10426,5170.128
10427,5075.466
10428,5755.2197
10429,4382.5215
10430,5593.8906
10431,5864.6826
10432,4106.736
10433,2780.3806
10434,3454.7563
10435,7464.8574
10436,8142.756
10437,5322.6685
10438,5855.9907
10439,4596.801
10440,3131.3823
10441,2320.6875
10442,3360.0396
10443,5258.855
10444,6196.5054
10445,4849.1963
10446,4529.954
10447,7092.91
10448,6931.647
10449,6434.088
10450,5203.32
10451,5993.913
10452,7654.226
10453,3566.2498
10454,5265.9175
10455,4905.503
10456,6192.8657
10457,3403.1597
10458,4766.4565
10459,4638.349
10460,6670.113
10461,5894.8555
10462,7297.157
10463,6956.0664
10464,5424.2217
10465,6691.396
10466,14252.807
10467,8815.953
10468,5024.7134
10469,2971.3806
10470,5875.1865
10471,7302.7764
10472,2963.9363
10473,11462.833
10474,13008.342
10475,4723.608
10476,2600.4739
10477,7036.886
10478,3764.5215
10479,7222.622
10480,3337.6992
10481,5235.6113
10482,3931.3699
10483,6810.3555
10484,6378.8296
10485,4798.879
10486,7152.068
10487,5958.105
10488,5814.1313
10489,6131.632
10490,5647.476
10491,4373.6846
10492,7861.569
10493,4606.431
10494,5386.1313
10495,4267.405
10496,3398.9678
10497,3759.6372
10498,4931.302
10499,4215.963
10500,6442.028
10501,5815.318
10502,5334.725
10503,4346.174
10504,4103.098
10505,3867.5254
10506,4406.163
10507,5012.8887
10508,3663.6133
10509,4369.573
10510,5895.8115
10511,6125.7217
10512,6061.8784
10513,5480.0327
10514,3207.7815
10515,3189.7104
10516,7992.2744
10517,4866.4336
10518,5736.3555
10519,11583.219
10520,6688.008
10521,4953.667
10522,4474.187
10523,2930.158
10524,3944.4912
10525,3687.139
10526,3790.6072
10527,6284.078
10528,5417.0347
10529,9860.034
10530,9066.843
10531,5428.114
10532,5349.135
10533,3727.2095
10534,5077.4365
10535,4632.137
10536,11063.697
10537,6139.4976
10538,6337.4937
10539,3691.982
10540,5058.26
10541,5248.4517
10542,5217.907
10543,5750.95
10544,4350.1763
10545,6551.647
10546,5212.8184
10547,7423.1587
10548,5965.253
10549,5851.6914
10550,6755.2544
10551,6713.8936
10552,9035.118
10553,3400.8489
10554,5022.6577
10555,5082.006
10556,7769.5225
10557,6210.1377
10558,6346.186
10559,7180.215
10560,8396.164
10561,4731.585
10562,6184.0884
10563,4848.308
10564,3844.5286
10565,10814.602
10566,13356.179
10567,6227.084
10568,6825.54
10569,7012.21
10570,6782.875
10571,6678.962
10572,3305.512
10573,4578.2905
10574,5357.514
10575,7127.3477
10576,2984.6523
10577,4275.146
10578,4971.2993
10579,3837.9805
10580,4706.8804
10581,3475.0579
10582,3179.609
10583,5532.0474
10584,2848.6794
10585,4141.8125
10586,5005.0054
10587,5133.988
10588,7667.6123
10589,8318.931
10590,5849.939
10591,6193.5625
10592,5857.08
10593,7509.5767
10594,5987.462
10595,3325.1968
10596,4410.528
10597,7681.1323
10598,3813.0852
10599,6149.2085
10600,3475.6248
10601,4271.9053
10602,6301.088
10603,6165.424
10604,5251.301
10605,7318.011
10606,8112.159
10607,6083.7334
10608,4043.4714
10609,8295.105
10610,2642.1921
10611,4302.9507
10612,5505.4224
10613,4196.167
10614,5768.0024
10615,2917.6978
10616,4714.1553
10617,5678.4272
10618,8188.481
10619,8898.344
10620,3842.6145
10621,3740.6592
10622,7405.543
10623,6456.3975
10624,5585.291
10625,4760.9766
10626,5793.0234
10627,6493.961
10628,4989.556
10629,4469.951
10630,6674.3516
10631,5621.357
10632,9430.763
10633,6348.717
10634,10323.739
10635,5625.079
10636,4853.8564
10637,2689.164
10638,5336.2466
10639,5357.3047
10640,5099.015
10641,4645.704
10642,5136.653
10643,2903.668
10644,6694.473
10645,3693.9055
10646,7383.939
10647,6338.195
10648,5321.455
10649,6548.473
10650,4982.099
10651,5446.1304
10652,6032.531
10653,4945.3057
10654,5176.696
10655,4165.9673
10656,7703.003
10657,6176.307
10658,3611.5742
10659,4296.376
10660,5696.3726
10661,5446.1147
10662,3886.9465
10663,5455.5254
10664,4419.4307
10665,5316.8633
10666,5866.1206
10667,6951.0127
10668,4490.5244
10669,4227.831
10670,5975.3667
10671,4921.499
10672,3362.2488
10673,4665.8574
10674,7296.7886
10675,5585.44
10676,9242.719
10677,7630.114
10678,7287.079
10679,4187.961
10680,4324.731
10681,8573.918
10682,7036.4766
10683,6324.2754
10684,5069.3643
10685,6028.6655
10686,4176.0215
10687,2850.4478
10688,9578.451
10689,5554.8687
10690,5285.2104
10691,3969.8125
10692,3354.419
10693,7638.808
10694,5766.077
10695,4827.8228
10696,3858.8801
10697,5427.42
10698,4423.7495
10699,4531.2246
10700,5971.6973
10701,5038.406
10702,4198.337
10703,3564.974
10704,2720.143
10705,5766.864
10706,14366.382
10707,4258.8364
10708,5189.9956
10709,5529.014
10710,3366.7036
10711,4187.7373
10712,5529.2197
10713,3379.3267
10714,8647.843
10715,6311.9155
10716,2768.936
10717,6858.555
10718,3250.7927
10719,3918.5837
10720,6630.3228
10721,6584.6875
10722,8312.078
10723,3776.7798
10724,4914.978
10725,4040.4717
10726,5324.4307
10727,11938.33
10728,8767.9375
10729,5402.777
10730,3582.0527
10731,5024.6606
10732,4304.334
10733,2893.9321
10734,6159.763
10735,3949.8945
10736,6171.7607
10737,6184.914
10738,4703.6626
10739,3998.842
10740,4679.4565
10741,6501.485
10742,5836.0
10743,2963.7524
10744,4823.091
10745,6139.48
10746,7393.982
10747,5542.3413
10748,6501.8135
10749,2550.472
10750,8242.258
10751,4408.475
10752,3715.9165
10753,4395.039
10754,4739.9014
10755,4178.145
10756,6565.7476
10757,4764.761
10758,6413.623
10759,5342.1084
10760,4800.216
10761,5907.52
10762,4715.446
10763,7274.9053
10764,5214.454
10765,3158.7148
10766,8193.012
10767,3806.108
10768,3892.286
10769,5769.1084
10770,6593.4673
10771,7889.956
10772,3571.0564
10773,4459.734
10774,5544.9165
10775,5560.589
10776,5293.626
10777,6630.5127
10778,3021.7427
10779,5293.4746
10780,5328.871
10781,4529.008
10782,3719.8816
10783,6429.5786
10784,6291.269
10785,3652.6455
10786,5464.6504
10787,6762.765
10788,7749.6064
10789,4103.9395
10790,4162.3047
10791,4564.925
10792,6306.096
10793,4643.4536
10794,3005.6997
10795,7530.908
10796,6457.2656
10797,6236.6123
10798,4556.8804
10799,3059.597
10800,5998.803
10801,3870.3267
10802,8011.431
10803,4965.622
10804,4364.6577
10805,7223.18
10806,4406.8525
10807,5153.211
10808,7754.1606
10809,3762.73
10810,6485.19
10811,8688.437
10812,5737.2476
10813,3525.803
10814,4853.37
10815,2830.1145
10816,2465.7388
10817,4867.9937
10818,5647.8047
10819,5313.0815
10820,3789.5623
10821,5439.776
10822,4097.5283
10823,8590.24
10824,4399.842
10825,5369.2397
10826,5119.694
10827,5254.4673
10828,5366.9507
10829,4914.4204
10830,6242.2363
10831,7703.8916
10832,6640.5063
10833,6586.3774
10834,5333.29
10835,3123.7263
10836,4605.9346
10837,8574.974
10838,6050.8623
10839,4170.329
10840,13949.493
10841,4073.984
10842,5110.8086
10843,4114.523
10844,6837.914
10845,7896.7246
10846,6295.6147
10847,6588.6206
10848,7196.6084
10849,6173.427
10850,6319.608
10851,4797.1353
10852,2662.5686
10853,4549.6445
10854,3039.0332
10855,3351.7
10856,6939.969
10857,16070.319
10858,5145.73
10859,3414.2188
10860,4685.9644
10861,3975.0986
10862,5521.6675
10863,2439.6316
10864,5588.27
10865,5759.333
10866,4364.1206
10867,7567.4863
10868,10451.442
10869,5093.2593
10870,4204.216
10871,3566.2292
10872,4738.089
10873,4525.497
10874,7034.249
10875,4149.3535
10876,4080.2727
10877,4800.367
10878,4875.9033
10879,5434.6104
10880,5785.028
10881,2920.817
10882,6457.7095
10883,4252.5444
10884,5537.126
10885,3843.6558
10886,3845.86
10887,5115.437
10888,4046.3538
10889,6675.6567
10890,4812.3833
10891,3468.7683
10892,5142.2217
10893,5660.2896
10894,4486.388
10895,5076.4194
10896,5327.5547
10897,5706.379
10898,5779.827
10899,5678.736
10900,3418.3186
10901,3832.6902
10902,6952.5044
10903,5373.774
10904,4459.806
10905,4902.1494
10906,10344.013
10907,6642.3623
10908,4074.5513
10909,3809.9111
10910,4401.71
10911,5779.739
10912,5071.207
10913,7447.42
10914,5660.614
10915,4887.521
10916,3726.4949
10917,2491.17
10918,4799.6206
10919,13008.863
10920,2712.7842
10921,4538.834
10922,5860.148
10923,6091.148
10924,4914.1953
10925,7214.5806
10926,5244.928
10927,5804.13
10928,3954.7166
10929,5171.0303
10930,3766.472
10931,4669.936
10932,6728.921
10933,4234.0747
10934,6087.6978
10935,5674.5503
10936,3458.7134
10937,6171.1074
10938,5380.632
10939,3036.8105
10940,6614.0835
10941,5837.3696
10942,4265.3823
10943,8419.846
10944,6052.5073
10945,6766.714
10946,3667.4702
10947,3675.3994
10948,4218.698
10949,3129.4949
10950,5721.6177
10951,2773.6565
10952,5031.975
10953,3188.813
10954,5687.935
10955,3953.547
10956,4458.866
10957,4964.7646
10958,6522.124
10959,4333.167
10960,6444.824
10961,4894.1504
10962,5611.4087
10963,6216.728
10964,6486.0684
10965,3387.2244
10966,4930.831
10967,5028.3667
10968,4484.433
10969,8956.5
10970,5402.3184
10971,6311.9634
10972,7134.3804
10973,6562.1787
10974,2758.8252
10975,7518.4634
10976,5868.538
10977,5540.259
10978,6064.6313
10979,7817.6245
10980,7272.0747
10981,4509.1875
10982,4170.7783
10983,3974.8826
10984,5229.238
10985,5476.4585
10986,3488.4263
10987,5106.087
10988,6381.0693
10989,4747.1094
10990,6971.882
10991,4551.915
10992,6257.9033
10993,2797.3152
10994,4229.5654
10995,4868.4253
10996,3709.347
10997,5354.0044
10998,6591.506
10999,6043.3003
11000,5123.851
11001,3211.125
11002,5831.165
11003,5509.5933
11004,6195.6426
11005,3265.2295
11006,2502.9133
11007,4988.1
11008,6456.268
11009,3546.0652
11010,6549.5474
11011,5852.5396
11012,5405.875
11013,4186.607
11014,2573.1577
11015,5358.792
11016,5870.733
11017,5368.0005
11018,6702.434
11019,6439.8037
11020,3581.1885
11021,5886.5845
11022,2653.3005
11023,2269.6562
11024,5872.1777
11025,9492.661
11026,5235.5015
11027,4652.1606
11028,3279.574
11029,4509.1143
11030,8540.969
11031,4996.5767
11032,6328.813
11033,4235.9976
11034,3785.6963
11035,2984.5242
11036,3967.5637
11037,3458.7727
11038,3221.5017
11039,4923.34
11040,3196.8694
11041,6923.718
11042,4830.3057
11043,4849.6035
11044,3971.4185
11045,6873.133
11046,4686.796
11047,3830.4424
11048,7429.364
11049,5768.399
11050,5621.866
11051,2603.2651
11052,7166.1343
11053,5493.6143
11054,4730.209
11055,7681.015
11056,8146.485
11057,6162.7075
11058,5798.6294
11059,4837.042
11060,7062.262
11061,10824.1875
11062,3325.1904
11063,3891.02
11064,4860.9453
11065,5841.4243
11066,5625.82
11067,8262.975
11068,5980.042
11069,5849.7324
11070,3042.549
11071,5060.48
11072,5280.524
11073,3113.0554
11074,6078.2866
11075,3074.616
11076,5883.84
11077,5728.52
11078,5259.818
11079,5498.605
11080,3963.5955
11081,4290.56
11082,6040.275
11083,5259.0454
11084,7158.3735
11085,5104.2607
11086,6873.349
11087,5037.666
11088,3444.026
11089,7773.4067
11090,2863.5908
11091,6976.605
11092,5665.124
11093,4345.154
11094,5841.1123
11095,3997.6255
11096,4529.241
11097,6020.1323
11098,3004.4412
11099,2735.9656
11100,5550.1978
11101,5083.0967
11102,8130.5254
11103,4999.3843
11104,4815.4785
11105,4755.5757
11106,5490.937
11107,3104.0374
11108,8985.403
11109,5870.2344
11110,11137.607
11111,5091.4478
11112,4785.2163
11113,7930.736
11114,6328.0767
11115,3416.6624
11116,8287.869
11117,5886.8374
11118,4432.975
11119,4590.0005
11120,4066.8162
11121,3439.4
11122,4003.0632
11123,4103.1646
11124,3266.298
11125,7608.1816
11126,5205.4893
11127,16131.113
11128,5900.537
11129,5090.331
11130,7601.74
11131,9809.513
11132,5853.751
11133,7561.527
11134,6090.532
11135,8340.047
11136,8246.937
11137,5476.746
11138,5921.9062
11139,7641.7524
11140,8024.286
11141,7316.525
11142,8014.763
11143,5999.055
11144,5048.239
11145,6121.3237
11146,10539.583
11147,11344.424
11148,9649.192
11149,8313.64
11150,5060.832
11151,6687.0195
11152,4558.085
11153,8620.814
11154,10612.653
11155,9700.313
11156,6364.827
11157,5422.6904
11158,5011.708
11159,6474.7876
11160,10079.037
11161,7339.1074
11162,5618.998
11163,5454.1104
11164,7691.4766
11165,4560.464
11166,8055.9883
11167,4846.921
11168,7319.582
11169,7866.092
11170,6080.473
11171,8011.9814
11172,6549.0605
11173,5516.298
11174,6375.8125
11175,7425.0776
11176,11058.011
11177,6911.9595
11178,8357.414
11179,7778.4497
11180,10130.184
11181,7411.6904
11182,9763.486
11183,5201.4443
11184,5387.282
11185,7064.6475
11186,7148.944
11187,9508.754
11188,8080.8066
11189,5603.5405
11190,7397.8267
11191,6610.3877
11192,10581.998
11193,4763.1206
11194,12667.353
11195,5154.961
11196,6572.4707
11197,8149.803
11198,6435.1865
11199,6521.975
11200,7661.932
11201,7648.3003
11202,6122.807
11203,6000.692
11204,8377.382
11205,7598.0
11206,7588.8813
11207,5118.683
11208,7860.5044
11209,10756.48
11210,7124.5205
11211,5209.721
11212,7824.256
11213,6430.7993
11214,6830.2617
11215,7474.162
11216,4786.887
11217,7973.62
11218,7191.675
11219,7746.1255
11220,7444.373
11221,5445.767
11222,6867.4575
11223,6033.7393
11224,8012.0884
11225,8113.854
11226,5554.4077
11227,5866.837
11228,6805.2905
11229,6615.7554
11230,6426.8013
11231,8854.464
11232,7367.2104
11233,7678.3486
11234,6474.837
11235,5446.531
11236,6797.4473
11237,8918.362
11238,7969.3164
11239,8849.356
11240,8850.141
11241,6641.4814
11242,9136.996
11243,6558.8247
11244,7830.594
11245,9571.611
11246,7267.2695
11247,9845.928
11248,9110.115
11249,8431.844
11250,6908.9146
11251,8121.527
11252,8162.756
11253,6582.5776
11254,4938.9937
11255,6548.717
11256,7915.6216
11257,7353.738
11258,5860.5557
11259,7989.805
11260,6803.0513
11261,6964.232
11262,7057.172
11263,5643.8896
11264,7524.1377
11265,7689.4814
11266,7226.2397
11267,6287.7593
11268,5938.004
11269,7690.8164
11270,4203.538
11271,6793.8887
11272,5415.097
11273,8648.651
11274,7126.6816
11275,6630.734
11276,9382.19
11277,5877.417
11278,5984.322
11279,10598.593
11280,7061.0835
11281,7638.983
11282,8454.247
11283,6255.5757
11284,6787.9688
11285,5836.913
11286,7970.7915
11287,10015.686
11288,6554.303
11289,3640.4324
11290,5876.8735
11291,8330.157
11292,9168.256
11293,6588.4443
11294,7250.3486
11295,5481.073
11296,5367.2017
11297,3792.137
11298,5565.938
11299,6958.814
11300,7207.324
11301,7158.0938
11302,7251.3374
11303,8427.116
11304,8592.51
11305,7825.943
11306,6123.496
11307,9440.186
11308,9505.58
11309,6273.346
11310,8172.673
11311,5529.505
11312,7141.999
11313,4749.827
11314,7036.3223
11315,5641.457
11316,8655.442
11317,7571.833
11318,9256.49
11319,8495.123
11320,7007.884
11321,8124.882
11322,15883.719
11323,11802.215
11324,6967.4746
11325,3631.2273
11326,6894.8135
11327,9898.855
11328,6424.172
11329,11137.405
11330,14468.134
11331,4360.0303
11332,5823.922
11333,8358.067
11334,6149.883
11335,9443.977
11336,6854.0493
11337,8099.001
11338,4464.88
11339,7229.8457
11340,7808.779
11341,7472.722
11342,8134.1475
11343,6887.59
11344,6850.0234
11345,7227.9287
11346,5716.9043
11347,6221.6694
11348,8049.46
11349,6019.4487
11350,6740.5283
11351,7538.627
11352,5750.4897
11353,6067.773
11354,7288.7056
11355,6616.2793
11356,8337.692
11357,6978.422
11358,7346.9727
11359,6587.879
11360,5007.9707
11361,7721.216
11362,7006.34
11363,5787.7544
11364,5244.438
11365,7622.418
11366,7854.8306
11367,8269.913
11368,8091.882
11369,6784.0137
11370,5430.8843
11371,5358.8325
11372,10619.862
11373,6159.493
11374,8034.2344
11375,14826.015
11376,7668.4023
11377,7029.366
11378,5570.4365
11379,5101.559
11380,7591.56
11381,4986.4683
11382,6157.132
11383,9327.221
11384,6304.412
11385,14027.968
11386,12580.783
11387,5780.323
11388,7866.4443
11389,5558.982
11390,7852.4263
11391,6308.2437
11392,12803.17
11393,7879.27
11394,8513.341
11395,5493.991
11396,7706.0156
11397,6018.5933
11398,9393.562
11399,7373.3965
11400,6726.8545
11401,7038.994
11402,6043.41
11403,8550.953
11404,9027.96
11405,6559.469
11406,10252.755
11407,7745.3203
11408,9633.918
11409,5287.454
11410,6018.1514
11411,6522.566
11412,10481.51
11413,7568.1724
11414,8642.747
11415,7189.2603
11416,9048.02
11417,5505.0596
11418,8629.592
11419,7286.919
11420,4914.472
11421,14445.356
11422,15619.816
11423,8030.4497
11424,8129.6104
11425,9936.133
11426,10594.025
11427,10423.51
11428,6541.544
11429,7904.6367
11430,6518.965
11431,8937.649
11432,4994.342
11433,6258.5063
11434,6010.665
11435,6017.233
11436,7686.284
11437,5174.351
11438,5631.5806
11439,6720.159
11440,4938.989
11441,5229.911
11442,5909.9663
11443,6789.879
11444,9172.874
11445,9730.131
11446,7690.2295
11447,7037.504
11448,7241.032
11449,10648.586
11450,7755.818
11451,5880.0244
11452,5271.0635
11453,8678.522
11454,5595.038
11455,7311.9204
11456,4028.2493
11457,5806.1396
11458,8797.39
11459,6648.796
11460,6514.744
11461,8885.292
11462,9802.9
11463,9592.302
11464,6633.663
11465,10145.432
11466,4157.591
11467,5902.1133
11468,6694.492
11469,5223.42
11470,7323.877
11471,5641.263
11472,6488.401
11473,8415.742
11474,10797.132
11475,8978.096
11476,6332.527
11477,5913.051
11478,9123.298
11479,7782.0566
11480,6960.487
11481,5825.961
11482,6795.7876
11483,9171.02
11484,5528.6924
11485,7333.4746
11486,8209.775
11487,8539.218
11488,13184.118
11489,7301.808
11490,12273.795
11491,7280.4097
11492,6144.7407
11493,4008.9404
11494,7184.825
11495,7002.8926
11496,5595.94
11497,7674.0874
11498,5855.1304
11499,4998.922
11500,7076.3345
11501,5242.8423
11502,8161.993
11503,7093.7627
11504,7981.518
11505,8173.3047
11506,6544.483
11507,7848.982
11508,7298.0063
11509,5888.8027
11510,6149.062
11511,6688.7925
11512,11429.079
11513,7006.38
11514,5333.0156
11515,7542.0933
11516,9215.467
11517,7530.061
11518,6972.0283
11519,8459.538
11520,7019.6377
11521,6316.2095
11522,6872.4443
11523,8646.7295
11524,6741.5957
11525,7348.76
11526,7045.96
11527,6029.528
11528,4703.8823
11529,6015.0293
11530,8593.657
11531,9033.757
11532,10810.527
11533,12662.774
11534,8900.059
11535,6157.067
11536,5941.012
11537,11248.793
11538,10228.366
11539,8188.6763
11540,8626.284
11541,9123.211
11542,6327.0327
11543,4535.943
11544,10789.607
11545,6181.293
11546,6901.123
11547,6509.986
11548,3987.0117
11549,10763.644
11550,6658.792
11551,5848.0645
11552,5688.6514
11553,5783.235
11554,6569.105
11555,8196.717
11556,7202.074
11557,5717.073
11558,4934.1904
11559,4656.1475
11560,4277.251
11561,7896.1597
11562,15858.002
11563,5766.7485
11564,6084.981
11565,6809.686
11566,5203.0864
11567,5539.4927
11568,6235.3276
11569,5001.6265
11570,7468.0625
11571,8083.9443
11572,4706.8804
11573,8450.667
11574,5564.494
11575,5916.8813
11576,8448.685
11577,8433.976
11578,10011.416
11579,6473.4165
11580,6686.5156
11581,5275.555
11582,6203.253
11583,12974.775
11584,9718.538
11585,7348.031
11586,5150.2866
11587,5754.583
11588,6265.447
11589,5178.6416
11590,9707.218
11591,5662.061
11592,6275.722
11593,7839.076
11594,6038.0513
11595,6637.853
11596,7122.8486
11597,8046.044
11598,7946.167
11599,4871.603
11600,6186.212
11601,7533.818
11602,9310.439
11603,8459.135
11604,7854.007
11605,4851.75
11606,7983.231
11607,5887.056
11608,6484.0703
11609,7588.476
11610,7500.593
11611,7066.3926
11612,7892.568
11613,7044.542
11614,7228.8457
11615,6215.6963
11616,7113.371
11617,7752.2676
11618,6220.7856
11619,9032.18
11620,6824.98
11621,6060.6875
11622,9989.136
11623,5934.171
11624,4871.491
11625,8345.911
11626,8361.975
11627,10497.718
11628,5497.299
11629,7089.3457
11630,6527.2275
11631,7399.5557
11632,6808.4067
11633,7994.1196
11634,3705.301
11635,6741.0107
11636,6688.5186
11637,6018.1514
11638,4897.625
11639,7837.79
11640,7783.036
11641,5779.3916
11642,8443.183
11643,8124.6416
11644,9500.622
11645,5418.1353
11646,6668.23
11647,6711.851
11648,8117.438
11649,7923.9536
11650,5297.1113
11651,7318.4233
11652,8464.114
11653,7668.9365
11654,5900.965
11655,4131.021
11656,7027.1206
11657,7032.974
11658,9804.19
11659,7540.4824
11660,6117.0747
11661,9063.376
11662,6945.3794
11663,6561.534
11664,7928.6636
11665,6020.471
11666,8180.698
11667,11250.531
11668,8077.9863
11669,5190.4907
11670,6352.8423
11671,5072.726
11672,3779.252
11673,8652.678
11674,6404.722
11675,9395.855
11676,5008.8643
11677,7524.848
11678,6881.6865
11679,10844.586
11680,5273.422
11681,6411.207
11682,6742.4897
11683,8316.559
11684,6002.312
11685,7962.9497
11686,8532.59
11687,9331.768
11688,7349.7554
11689,8220.079
11690,6911.6895
11691,5014.1704
11692,6070.853
11693,10646.22
11694,9749.975
11695,7095.062
11696,14540.038
11697,6721.1724
11698,6352.6846
11699,6657.5723
11700,8436.195
11701,9518.245
11702,7788.4126
11703,8054.9204
11704,8798.816
11705,7298.3477
11706,7620.4844
11707,6337.3545
11708,5847.9526
11709,6035.1724
11710,5117.0376
11711,5784.5312
11712,8699.896
11713,15772.704
11714,7463.427
11715,6420.1597
11716,7503.9487
11717,4810.1807
11718,7134.6597
11719,4580.514
11720,9539.53
11721,6942.8228
11722,7211.34
11723,11264.005
11724,12023.574
11725,6681.2495
11726,7981.5483
11727,4559.9023
11728,6403.238
11729,5971.9478
11730,8511.449
11731,5664.1943
11732,4889.167
11733,5801.6665
11734,5887.865
11735,7510.1353
11736,7159.2476
11737,4341.512
11738,7955.7603
11739,7236.379
11740,7958.447
11741,5261.524
11742,5251.536
11743,8102.9033
11744,4738.4863
11745,9711.949
11746,5964.8545
11747,5766.5283
11748,7638.91
11749,6621.6455
11750,5334.73
11751,6846.7837
11752,7138.0425
11753,9515.612
11754,10440.344
11755,7086.574
11756,4707.59
11757,6307.6724
11758,7490.5337
11759,6255.898
11760,5981.611
11761,6552.2217
11762,11484.742
11763,8555.114
11764,7203.558
11765,7253.98
11766,4971.1855
11767,9265.614
11768,6127.948
11769,12025.088
11770,7312.7017
11771,6232.361
11772,5780.61
11773,4562.3
11774,7684.5176
11775,15284.322
11776,4767.5664
11777,6082.828
11778,10015.848
11779,8027.2104
11780,7255.1216
11781,8377.038
11782,6865.9253
11783,5684.6323
11784,5277.266
11785,8699.531
11786,6138.2617
11787,6866.2524
11788,7697.2007
11789,5541.7124
11790,8179.7383
11791,6999.567
11792,4272.6875
11793,9278.712
11794,8740.426
11795,4862.457
11796,8102.7407
11797,7176.4146
11798,5537.6963
11799,9723.053
11800,7093.6816
11801,8765.897
11802,5569.257
11803,5776.1895
11804,6896.149
11805,4798.5356
11806,8194.161
11807,4658.4443
11808,6507.565
11809,5527.037
11810,6850.1475
11811,6284.2397
11812,7181.9546
11813,8103.6914
11814,8397.27
11815,7302.045
11816,8144.931
11817,6782.668
11818,7579.492
11819,8831.775
11820,7968.055
11821,4079.611
11822,6708.7725
11823,7491.1694
11824,5007.9424
11825,10603.598
11826,6741.1714
11827,8609.344
11828,9562.541
11829,7421.9834
11830,4855.2686
11831,11105.012
11832,9991.556
11833,6874.201
11834,8142.663
11835,9390.032
11836,6690.4897
11837,6046.8467
11838,7365.348
11839,6564.952
11840,5893.45
11841,7454.7896
11842,5779.97
11843,6471.04
11844,7853.452
11845,7058.269
11846,8657.696
11847,6795.1074
11848,6982.51
11849,4222.9863
11850,8403.262
11851,7329.3
11852,6394.254
11853,7164.774
11854,7609.2847
11855,9192.59
11856,6423.596
11857,5430.1074
11858,7033.6987
11859,7516.8643
11860,7864.201
11861,5435.9893
11862,4897.8774
11863,7748.3647
11864,6567.8896
11865,6449.418
11866,8186.068
11867,7305.995
11868,6823.1187
11869,5422.168
11870,4504.5317
11871,7545.4966
11872,7440.235
11873,6813.2466
11874,9344.29
11875,7858.8174
11876,5877.019
11877,8769.142
11878,4127.4365
11879,4030.2979
11880,7465.242
11881,10874.239
11882,8332.279
11883,7720.0522
11884,5344.9624
11885,7878.9766
11886,9844.632
11887,6304.6587
11888,8037.5913
11889,6230.9224
11890,4772.544
11891,5468.326
11892,6272.6997
11893,6319.988
11894,5150.105
11895,6305.645
11896,5169.3784
11897,7585.039
11898,7570.8364
11899,6170.7896
11900,6671.984
11901,8616.844
11902,5679.949
11903,5403.3335
11904,9178.992
11905,8359.543
11906,6905.548
11907,4426.0967
11908,12042.373
11909,6846.666
11910,6346.2344
11911,9148.35
11912,8386.031
11913,8323.954
11914,7201.463
11915,7399.1953
11916,10478.182
11917,13531.672
11918,5302.9956
11919,5439.8486
11920,5914.6807
11921,7111.336
11922,7503.176
11923,9026.04
11924,9056.99
11925,6334.5625
11926,5146.54
11927,6629.526
11928,8827.346
11929,5359.4
11930,7382.693
11931,4628.873
11932,7631.1035
11933,7968.1157
11934,7919.277
11935,9188.268
11936,6923.2886
11937,4723.896
11938,7258.5547
11939,8112.384
11940,8859.921
11941,7647.8774
11942,8045.906
11943,7104.8813
11944,5274.936
11945,9929.966
11946,5034.6157
11947,10158.135
11948,6730.66
11949,5039.05
11950,7117.4907
11951,6620.7236
11952,7225.2544
11953,8325.367
11954,4328.1646
11955,4864.6006
11956,7221.2173
11957,9779.134
11958,9693.876
11959,5850.815
11960,7099.151
11961,7327.217
11962,6895.9053
11963,6288.353
11964,10432.162
11965,8741.418
11966,11265.22
11967,4982.356
11968,6610.987
11969,8731.368
11970,9015.448
11971,5737.527
11972,10307.515
11973,6791.686
11974,5641.8013
11975,6024.274
11976,5062.8457
11977,5796.9204
11978,6667.0156
11979,5396.6426
11980,5816.372
11981,10492.543
11982,7627.516
11983,17244.035
11984,6748.9946
11985,4897.709
11986,7608.0366
11987,9709.495
11988,6131.1465
11989,7447.1567
11990,6134.516
11991,8247.73
11992,8177.843
11993,5286.012
11994,5928.5474
11995,7453.915
11996,7880.585
11997,7228.0874
11998,7918.0684
11999,5809.2197
12000,5007.799
12001,5952.885
12002,10335.62
12003,11421.255
12004,9722.497
12005,8067.9224
12006,5103.7886
12007,6452.7095
12008,4520.449
12009,8530.043
12010,10200.231
12011,9498.275
12012,6372.0127
12013,5400.8706
12014,5047.141
12015,6229.9775
12016,10024.621
12017,7168.3423
12018,5497.939
12019,5369.296
12020,7579.9478
12021,4576.95
12022,7716.445
12023,4753.122
12024,7213.032
12025,7621.255
12026,6062.4507
12027,7683.323
12028,6441.1616
12029,5462.3677
12030,6388.9985
12031,7206.1694
12032,10728.581
12033,6659.973
12034,8314.194
12035,7674.8853
12036,9666.704
12037,7233.6323
12038,9714.961
12039,5187.328
12040,5350.569
12041,7113.839
12042,6918.496
12043,9146.918
12044,7851.1157
12045,5610.317
12046,7193.1562
12047,6559.0312
12048,10401.175
12049,4674.892
12050,12571.823
12051,5161.0913
12052,6495.1875
12053,8186.1694
12054,6261.2827
12055,6427.629
12056,7654.584
12057,7428.8394
12058,5873.8306
12059,5792.996
12060,8031.8286
12061,7317.2646
12062,7498.919
12063,5020.799
12064,7757.9927
12065,10300.842
12066,7034.269
12067,5328.495
12068,7443.713
12069,6394.26
12070,6532.883
12071,7112.4346
12072,4783.1763
12073,7763.389
12074,7105.9453
12075,7523.0327
12076,7404.759
12077,5241.932
12078,6736.7427
12079,5887.1123
12080,7674.351
12081,8004.5264
12082,5455.6816
12083,5819.863
12084,6578.6797
12085,6359.517
12086,6308.19
12087,8707.135
12088,7279.1597
12089,7538.979
12090,6288.293
12091,5242.6675
12092,6605.2827
12093,8898.709
12094,7921.7397
12095,8390.408
12096,8565.835
12097,6426.844
12098,8950.4795
12099,6511.5073
12100,7803.6636
12101,9267.241
12102,7045.718
12103,9721.208
12104,8741.418
12105,8170.5845
12106,6654.925
12107,8018.6475
12108,7855.4976
12109,6503.904
12110,4904.0435
12111,6490.524
12112,7781.574
12113,7210.9204
12114,5830.6475
12115,7926.1685
12116,6723.75
12117,6730.243
12118,6829.545
12119,5673.2407
12120,7450.9297
12121,7527.5547
12122,7110.949
12123,6084.18
12124,5841.586
12125,7466.3457
12126,4123.855
12127,6724.34
12128,5285.402
12129,8436.059
12130,7005.812
12131,6518.2744
12132,8957.175
12133,5814.0923
12134,5721.3774
12135,10532.81
12136,6851.598
12137,7343.1265
12138,8367.169
12139,6036.433
12140,6579.9854
12141,5689.4707
12142,7861.104
12143,9982.573
12144,6485.19
12145,3542.4644
12146,5660.884
12147,8125.8813
12148,8840.321
12149,6390.833
12150,7189.9736
12151,5446.4785
12152,5618.928
12153,3784.9163
12154,5509.441
12155,6778.7744
12156,6864.0396
12157,7074.8433
12158,7199.025
12159,8099.959
12160,8464.672
12161,7630.1357
12162,5868.376
12163,9318.07
12164,9194.843
12165,6155.411
12166,8165.1074
12167,5445.4917
12168,7048.4536
12169,4582.0522
12170,6940.499
12171,5565.375
12172,8494.912
12173,7390.8584
12174,8958.217
12175,8395.531
12176,6785.664
12177,7866.5645
12178,15785.135
12179,11398.413
12180,6880.8594
12181,3469.3506
12182,6663.773
12183,9810.673
12184,6367.76
12185,11173.26
12186,14289.338
12187,4254.163
12188,5723.266
12189,8182.805
12190,6105.2886
12191,9404.866
12192,6768.418
12193,7991.8555
12194,4312.134
12195,6962.97
12196,7473.107
12197,7400.2544
12198,7766.618
12199,6553.147
12200,6663.3535
12201,7088.7104
12202,5516.824
12203,6141.184
12204,7778.257
12205,5875.2817
12206,6560.552
12207,7407.436
12208,5712.914
12209,5987.222
12210,7118.9297
12211,6540.77
12212,7813.137
12213,6783.988
12214,7244.756
12215,6511.6006
12216,4818.364
12217,7677.009
12218,6974.389
12219,5559.512
12220,5134.0176
12221,7567.7393
12222,7543.719
12223,8132.6816
12224,7990.781
12225,6567.5264
12226,5408.495
12227,5325.2227
12228,10307.485
12229,5988.65
12230,7941.454
12231,14748.166
12232,7329.4185
12233,6966.8696
12234,5288.9727
12235,5087.389
12236,7270.8955
12237,4909.1963
12238,6064.643
12239,9200.273
12240,6127.925
12241,14079.773
12242,12534.326
12243,5464.624
12244,7684.965
12245,5438.743
12246,7741.14
12247,6303.1196
12248,12340.654
12249,7614.6064
12250,8396.156
12251,5409.6406
12252,7596.804
12253,5680.4585
12254,9265.04
12255,7041.848
12256,6671.5254
12257,6722.897
12258,5944.215
12259,8452.046
12260,8931.871
12261,6259.1865
12262,10166.383
12263,7465.9473
12264,9758.114
12265,5179.5854
12266,5823.022
12267,6352.6846
12268,10227.84
12269,7345.235
12270,8308.17
12271,6857.018
12272,8712.443
12273,5242.9575
12274,8568.041
12275,7193.177
12276,4789.6094
12277,14332.455
12278,15429.747
12279,7787.5586
12280,7930.267
12281,9734.3545
12282,10507.555
12283,10309.127
12284,6512.1284
12285,7840.115
12286,6346.1074
12287,8622.262
12288,4947.1743
12289,6161.5264
12290,5867.4243
12291,5898.472
12292,7631.409
12293,5062.43
12294,5591.181
12295,6412.846
12296,4865.018
12297,5111.4717
12298,5734.4463
12299,6706.028
12300,8818.603
12301,9273.961
12302,7610.678
12303,6733.4985
12304,7031.586
12305,10526.262
12306,7660.0835
12307,5833.151
12308,5071.8457
12309,8391.248
12310,5513.6465
12311,7098.25
12312,3993.4368
12313,5786.877
12314,8702.262
12315,6483.161
12316,6316.149
12317,8479.839
12318,9495.224
12319,9569.876
12320,6598.3936
12321,10025.979
12322,4123.6504
12323,5672.483
12324,6534.8086
12325,5150.528
12326,7299.5796
12327,5574.6406
12328,6460.124
12329,8298.049
12330,10683.571
12331,8682.381
12332,6250.864
12333,5833.7964
12334,9303.081
12335,7503.233
12336,6910.6743
12337,5574.8643
12338,6636.0107
12339,9214.711
12340,5285.326
12341,7195.4277
12342,7958.0674
12343,8414.153
12344,13017.439
12345,7110.8
12346,12185.963
12347,6990.78
12348,5983.996
12349,3995.6392
12350,7178.989
12351,6844.7725
12352,5339.2656
12353,7585.654
12354,5593.731
12355,4943.297
12356,6814.4556
12357,5182.7383
12358,8053.722
12359,6757.929
12360,7856.7114
12361,7997.0557
12362,6284.126
12363,7696.0483
12364,7150.601
12365,5709.5693
12366,5892.6743
12367,6564.6895
12368,11320.105
12369,6900.5703
12370,5255.36
12371,7504.2925
12372,9024.473
12373,7398.984
12374,6851.768
12375,8339.649
12376,6973.0854
12377,6113.353
12378,6685.3804
12379,8298.841
12380,6809.732
12381,7214.739
12382,6782.8105
12383,5850.681
12384,4608.8706
12385,5808.034
12386,8229.83
12387,8977.103
12388,10529.987
12389,12500.563
12390,8543.168
12391,6086.6934
12392,5852.378
12393,11104.09
12394,10048.284
12395,7874.364
12396,8611.363
12397,8952.494
12398,6232.23
12399,4505.8594
12400,10642.291
12401,5962.2324
12402,6825.5464
12403,6404.545
12404,3924.105
12405,10614.374
12406,6332.11
12407,5762.7837
12408,5610.14
12409,5648.209
12410,6484.5957
12411,7981.815
12412,7005.1504
12413,5604.674
12414,4812.2275
12415,4640.7036
12416,4269.852
12417,7677.8286
12418,15269.126
12419,5743.44
12420,5849.537
12421,6773.9272
12422,5164.716
12423,5475.7847
12424,5999.7075
12425,4997.563
12426,7157.3633
12427,7765.0107
12428,4633.273
12429,8127.393
12430,5492.734
12431,5814.0537
12432,8131.1924
12433,8299.466
12434,9958.847
12435,6372.0435
12436,6630.6836
12437,5114.5635
12438,6145.016
12439,13039.022
12440,9399.36
12441,7106.284
12442,5048.932
12443,5505.795
12444,6123.397
12445,5144.297
12446,9932.145
12447,5602.841
12448,6108.6377
12449,7551.494
12450,5799.326
12451,6535.17
12452,7278.139
12453,7821.1
12454,7488.1978
12455,4805.7227
12456,6010.407
12457,7270.292
12458,9188.399
12459,8289.095
12460,7584.9087
12461,4775.8774
12462,7561.563
12463,5767.4526
12464,6450.23
12465,7453.0547
12466,7418.282
12467,7010.063
12468,7633.04
12469,6947.321
12470,7001.7974
12471,5973.526
12472,7101.0674
12473,7418.367
12474,6100.224
12475,8675.948
12476,6571.5615
12477,6000.36
12478,9697.048
12479,5824.0996
12480,4779.838
12481,8334.584
12482,7972.4795
12483,10425.08
12484,5403.442
12485,6995.509
12486,6410.3936
12487,7375.0073
12488,6557.261
12489,7795.8076
12490,3586.9324
12491,6578.7173
12492,6490.2827
12493,5943.733
12494,4809.9556
12495,7619.554
12496,7731.4004
12497,5670.022
12498,8389.151
12499,7830.7886
12500,9289.63
12501,5201.107
12502,6564.639
12503,6538.2876
12504,7810.1045
12505,7861.164
12506,5259.111
12507,7173.513
12508,8235.798
12509,7506.8267
12510,5768.3604
12511,4018.4204
12512,6814.741
12513,6981.8306
12514,9558.684
12515,7338.7715
12516,6114.4614
12517,8771.793
12518,6989.953
12519,6353.575
12520,7746.436
12521,5935.8184
12522,8122.1543
12523,10721.359
12524,7960.3677
12525,5083.494
12526,6194.9214
12527,4960.0073
12528,3754.6482
12529,8434.756
12530,6160.0103
12531,9248.592
12532,4835.201
12533,7218.5454
12534,6768.4243
12535,10699.55
12536,5033.564
12537,6218.6616
12538,6504.1953
12539,8223.059
12540,5740.751
12541,8081.6157
12542,8384.36
12543,9200.344
12544,7047.6133
12545,7979.859
12546,6668.51
12547,4952.207
12548,5808.8374
12549,10363.704
12550,9763.291
12551,7058.033
12552,14454.094
12553,6649.3667
12554,6178.87
12555,6621.374
12556,8253.216
12557,9151.5
12558,7602.1826
12559,7822.0103
12560,8472.862
12561,7173.479
12562,7511.382
12563,6160.6094
12564,5809.9067
12565,5782.4736
12566,5047.8394
12567,5743.0347
12568,8400.064
12569,14902.98
12570,7312.4717
12571,6326.9966
12572,7463.149
12573,4634.077
12574,6905.515
12575,4527.4097
12576,9402.238
12577,6662.8833
12578,7137.1167
12579,11110.7
12580,11476.245
12581,6647.2236
12582,7835.122
12583,4424.771
12584,6349.7705
12585,5865.0186
12586,8120.3496
12587,5586.6177
12588,4664.3667
12589,5895.665
12590,5785.1055
12591,7415.8555
12592,7057.7773
12593,4266.0576
12594,7545.475
12595,7180.7764
12596,7863.346
12597,5163.977
12598,5101.1406
12599,7995.6523
12600,4657.409
12601,9570.68
12602,5817.3374
12603,5579.9873
12604,7474.5327
12605,6362.951
12606,5107.6797
12607,6542.8604
12608,6906.595
12609,9227.533
12610,10327.708
12611,6820.6006
12612,4699.214
12613,6223.189
12614,7277.8545
12615,6190.1255
12616,5788.3066
12617,6522.031
12618,11097.674
12619,8398.967
12620,7221.734
12621,7166.729
12622,4912.7
12623,9142.976
12624,6034.62
12625,11996.976
12626,7047.526
12627,5921.5845
12628,5731.089
12629,4418.478
12630,7633.5566
12631,14945.098
12632,4733.364
12633,5770.1104
12634,9739.844
12635,7764.359
12636,7104.4004
12637,8141.1333
12638,6720.909
12639,5380.488
12640,5186.507
12641,8536.44
12642,6072.7236
12643,6854.376
12644,7439.135
12645,5473.7744
12646,7909.9688
12647,6812.85
12648,4114.68
12649,9080.803
12650,8629.921
12651,4790.2676
12652,7862.641
12653,6851.6245
12654,5315.895
12655,9403.7
12656,6807.66
12657,8644.099
12658,5551.055
12659,5573.928
12660,7019.591
12661,4681.492
12662,8062.3687
12663,4633.114
12664,6364.159
12665,5517.4766
12666,6556.717
12667,6250.8223
12668,7105.5117
12669,7979.9883
12670,8039.2935
12671,7116.221
12672,7962.782
12673,6683.9077
12674,7573.3354
12675,8585.219
12676,7926.214
12677,3916.11
12678,6474.355
12679,7405.2954
12680,4950.639
12681,10018.303
12682,6473.472
12683,8621.077
12684,9506.532
12685,7368.8687
12686,4783.1855
12687,10773.145
12688,10017.749
12689,6672.9893
12690,8074.674
12691,9079.495
12692,6356.8853
12693,6041.9346
12694,7186.2783
12695,6458.079
12696,5817.654
12697,7316.588
12698,5732.428
12699,6315.065
12700,7592.422
12701,7009.916
12702,8362.405
12703,6716.6475
12704,6959.3447
12705,4166.3804
12706,8406.981
12707,7185.319
12708,6313.4087
12709,7067.889
12710,7312.011
12711,9124.725
12712,6309.4834
12713,5360.08
12714,6706.3926
12715,7280.979
12716,7789.6978
12717,5378.1274
12718,4842.115
12719,7675.237
12720,6412.3076
12721,6320.3857
12722,7950.6855
12723,7069.7974
12724,6775.0645
12725,5248.937
12726,4481.9526
12727,7239.492
12728,7143.975
12729,6743.5317
12730,9208.235
12731,7763.1816
12732,5863.279
12733,8565.148
12734,4045.3079
12735,3979.105
12736,7172.7676
12737,10781.501
12738,8171.3247
12739,7518.119
12740,5239.433
12741,7687.4575
12742,9812.413
12743,6168.677
12744,7854.059
12745,6142.9653
12746,4783.829
12747,5387.1436
12748,6221.4976
12749,6264.945
12750,5113.1587
12751,6018.255
12752,5124.77
12753,7342.23
12754,7529.673
12755,6009.9883
12756,6610.5137
12757,8298.967
12758,5740.4004
12759,5346.819
12760,8753.015
12761,8185.1157
12762,6569.625
12763,4382.5303
12764,11754.203
12765,6550.61
12766,6147.027
12767,8824.98
12768,8324.875
12769,8195.92
12770,6999.667
12771,7327.5874
12772,9784.414
12773,13279.511
12774,5243.878
12775,5321.3535
12776,5635.0195
12777,7049.126
12778,7136.783
12779,8797.247
12780,8809.027
12781,6160.762
12782,5110.297
12783,6530.6523
12784,8881.462
12785,5364.4736
12786,7102.74
12787,4587.431
12788,7327.72
12789,7782.7095
12790,7758.2295
12791,9122.984
12792,6853.6636
12793,4481.4907
12794,7054.8564
12795,7975.0195
12796,8710.582
12797,7472.373
12798,7701.2617
12799,6865.951
12800,5203.7417
12801,9843.102
12802,4948.453
12803,10108.709
12804,6478.043
12805,4817.325
12806,7125.594
12807,6578.04
12808,7138.662
12809,8117.647
12810,4263.4253
12811,4867.5015
12812,6956.8364
12813,9896.052
12814,9490.488
12815,5579.9927
12816,7024.755
12817,7268.656
12818,6711.006
12819,6120.1445
12820,10194.6875
12821,8626.325
12822,10999.978
12823,4794.9214
12824,6424.6313
12825,9099.53
12826,8853.568
12827,5639.079
12828,9939.621
12829,6693.5923
12830,5468.7383
12831,5812.9277
12832,4936.168
12833,5693.7705
12834,6570.4897
12835,5266.1934
12836,5777.942
12837,10198.539
12838,7527.088
12839,17052.197
12840,6440.719
12841,5000.4053
12842,7765.322
12843,10141.707
12844,6290.063
12845,7621.3057
12846,6147.3496
12847,8453.457
12848,8396.02
12849,5395.67
12850,6081.453
12851,7545.3022
12852,8082.6567
12853,7366.5005
12854,8042.039
12855,5949.337
12856,5128.017
12857,6033.791
12858,10588.54
12859,11665.649
12860,9968.444
12861,8198.977
12862,5216.076
12863,6461.585
12864,4632.4995
12865,8742.81
12866,10327.648
12867,9756.3
12868,6483.3345
12869,5537.5063
12870,5181.6606
12871,6353.9634
12872,10411.536
12873,7265.7656
12874,5512.737
12875,5484.2007
12876,7775.5347
12877,4686.8315
12878,7804.862
12879,4818.828
12880,7392.4307
12881,7786.4814
12882,6213.2363
12883,7703.7153
12884,6574.3267
12885,5590.4023
12886,6538.4062
12887,7308.8384
12888,10840.108
12889,6733.813
12890,8718.179
12891,7841.2075
12892,9895.655
12893,7194.3228
12894,9903.3125
12895,5308.6387
12896,5484.038
12897,7290.715
12898,6997.7715
12899,9251.724
12900,8007.3594
12901,5744.4536
12902,7292.586
12903,6721.07
12904,10636.659
12905,4782.428
12906,12884.484
12907,5287.2275
12908,6655.6484
12909,8377.382
12910,6368.9565
12911,6579.3574
12912,7846.8857
12913,7513.9614
12914,5932.054
12915,5880.72
12916,8134.5356
12917,7408.5244
12918,7652.635
12919,5113.1636
12920,7784.2314
12921,10468.163
12922,7193.8633
12923,5461.029
12924,7516.3623
12925,6415.8867
12926,6607.74
12927,7185.058
12928,4891.7046
12929,7858.5703
12930,7272.116
12931,7637.4097
12932,7582.9487
12933,5365.8145
12934,6828.301
12935,6001.316
12936,7815.9395
12937,8182.1885
12938,5565.6885
12939,5937.211
12940,6709.6045
12941,6437.599
12942,6450.6235
12943,8924.659
12944,7448.0234
12945,7720.9434
12946,6401.4424
12947,5366.567
12948,6704.4224
12949,9112.845
12950,8126.455
12951,8487.072
12952,8672.838
12953,6524.6753
12954,9063.661
12955,6662.5654
12956,7974.061
12957,9373.425
12958,7141.4746
12959,10021.743
12960,8826.731
12961,8283.522
12962,6731.18
12963,8194.114
12964,7932.1655
12965,6666.907
12966,5011.364
12967,6662.057
12968,7968.83
12969,7357.9546
12970,5974.2495
12971,8102.092
12972,6907.149
12973,6880.63
12974,6930.49
12975,5804.3066
12976,7641.4316
12977,7631.606
12978,7269.8413
12979,6180.279
12980,6007.392
12981,7557.8857
12982,4236.349
12983,6886.1577
12984,5393.179
12985,8552.666
12986,7193.918
12987,6690.458
12988,9097.577
12989,5957.2866
12990,5779.441
12991,10811.156
12992,6952.869
12993,7368.7773
12994,8553.327
12995,5792.018
12996,6660.659
12997,5812.645
12998,8062.092
12999,10233.235
13000,6614.052
13001,3606.3137
13002,5783.0806
13003,8214.852
13004,8926.753
13005,6532.5215
13006,7364.1753
13007,5526.9844
13008,5739.3823
13009,3885.5083
13010,5645.1333
13011,6856.449
13012,6940.7837
13013,7249.083
13014,7367.0063
13015,8179.0127
13016,8563.76
13017,7725.4517
13018,5950.6875
13019,9547.549
13020,9319.804
13021,6277.7217
13022,8387.815
13023,5561.6284
13024,7198.771
13025,4632.8574
13026,7117.3955
13027,5678.8604
13028,8712.103
13029,7500.099
13030,9149.257
13031,8632.433
13032,6863.4175
13033,7973.4756
13034,16202.2705
13035,11529.014
13036,7062.707
13037,3532.3408
13038,6753.3926
13039,10041.032
13040,6506.8076
13041,11445.933
13042,14625.782
13043,4370.5527
13044,5855.488
13045,8307.711
13046,6125.12
13047,9653.408
13048,6916.2134
13049,8192.535
13050,4390.6143
13051,7117.3413
13052,7546.044
13053,7559.9907
13054,7898.449
13055,6574.063
13056,6746.5938
13057,7261.4077
13058,5639.138
13059,6284.486
13060,7937.2515
13061,5965.594
13062,6674.6123
13063,7596.1304
13064,5881.6963
13065,6125.2603
13066,7311.4395
13067,6735.5347
13068,7972.365
13069,6803.22
13070,7436.219
13071,6605.232
13072,4828.592
13073,7777.76
13074,7002.0107
13075,5576.1245
13076,5210.7104
13077,7757.401
13078,7618.079
13079,8284.953
13080,8198.555
13081,6643.4204
13082,5520.13
13083,5446.7437
13084,10437.248
13085,6062.659
13086,8111.6875
13087,15137.9
13088,7402.351
13089,7144.997
13090,5322.45
13091,5192.3975
13092,7426.806
13093,5014.438
13094,6219.7056
13095,9390.158
13096,6167.0
13097,14423.371
13098,12853.774
13099,5513.7095
13100,7881.4497
13101,5540.581
13102,7925.8735
13103,6463.773
13104,12475.492
13105,7694.507
13106,8618.044
13107,5547.525
13108,7778.0938
13109,5690.1494
13110,9478.773
13111,7111.261
13112,6814.202
13113,6749.928
13114,6084.186
13115,8635.948
13116,9135.68
13117,6312.59
13118,10367.016
13119,7548.2896
13120,9986.277
13121,5266.269
13122,5921.607
13123,6441.5425
13124,10468.603
13125,7427.947
13126,8390.063
13127,7011.1797
13128,8797.121
13129,5287.6914
13130,8794.471
13131,7346.643
13132,4766.852
13133,14682.456
13134,15824.22
13135,7883.7954
13136,8099.387
13137,9934.863
13138,10731.723
13139,10529.585
13140,6672.5117
13141,8007.3823
13142,6416.101
13143,8721.896
13144,5055.313
13145,6324.3657
13146,5999.593
13147,6018.8403
13148,7798.2095
13149,5174.7754
13150,5728.886
13151,6459.1816
13152,4955.6567
13153,5230.9336
13154,5856.7446
13155,6839.1143
13156,8917.902
13157,9392.595
13158,7805.264
13159,6800.502
13160,7110.766
13161,10756.327
13162,7855.932
13163,5976.8145
13164,5180.015
13165,8462.661
13166,5629.175
13167,7262.2734
13168,4078.611
13169,5934.3745
13170,8936.021
13171,6545.2383
13172,6364.3047
13173,8566.569
13174,9488.37
13175,9805.556
13176,6732.625
13177,10230.562
13178,4225.2188
13179,5752.6016
13180,6618.722
13181,5270.9023
13182,7485.627
13183,5719.1514
13184,6625.297
13185,8469.314
13186,10965.902
13187,8689.861
13188,6374.2314
13189,5982.9575
13190,10609.708
13191,7587.7236
13192,7093.3096
13193,5615.146
13194,6725.905
13195,9449.5625
13196,5407.4634
13197,7352.7
13198,8039.4624
13199,8587.815
13200,13282.234
13201,7199.313
13202,12507.993
13203,7072.0024
13204,6057.0986
13205,4097.4893
13206,7365.0815
13207,6984.342
13208,5400.546
13209,7739.9663
13210,5655.4272
13211,5052.4976
13212,6928.7915
13213,5291.334
13214,8266.459
13215,6790.06
13216,8064.245
13217,8167.6
13218,6346.0713
13219,7892.8164
13220,7339.4854
13221,5838.1826
13222,5945.2354
13223,6735.387
13224,11613.528
13225,6913.905
13226,5384.7954
13227,7707.295
13228,9192.59
13229,7601.3926
13230,6993.1875
13231,8538.663
13232,6978.4287
13233,6245.375
13234,6835.9707
13235,8375.84
13236,6961.5425
13237,7379.3696
13238,6857.6196
13239,5932.767
13240,4733.016
13241,5597.483
13242,8314.679
13243,9181.942
13244,10638.547
13245,12788.928
13246,8574.14
13247,6225.5874
13248,5980.293
13249,11387.981
13250,10288.068
13251,8048.938
13252,8789.096
13253,9137.266
13254,6388.426
13255,4616.8394
13256,10923.396
13257,6100.009
13258,7119.1675
13259,6541.5127
13260,4008.8296
13261,10833.441
13262,6336.9497
13263,5826.3447
13264,5734.069
13265,5768.6685
13266,6622.947
13267,8146.5547
13268,7100.0444
13269,5730.925
13270,4903.211
13271,4758.988
13272,4357.989
13273,7759.251
13274,15327.956
13275,5884.895
13276,5886.2646
13277,6942.737
13278,5286.814
13279,5594.003
13280,6058.023
13281,5127.117
13282,7277.452
13283,7823.898
13284,4747.39
13285,8227.829
13286,5628.015
13287,5918.5464
13288,8217.422
13289,8397.325
13290,10222.027
13291,6524.109
13292,6799.6846
13293,5193.185
13294,6276.0693
13295,13383.595
13296,9603.873
13297,7161.2554
13298,5178.0293
13299,5559.3105
13300,6228.159
13301,5245.8286
13302,10134.185
13303,5725.363
13304,6251.4004
13305,7621.56
13306,5850.988
13307,6640.62
13308,7452.678
13309,7904.041
13310,7554.902
13311,4916.854
13312,6133.059
13313,7363.6484
13314,9361.9795
13315,8426.096
13316,7655.2847
13317,4904.118
13318,7622.309
13319,5916.9604
13320,6597.418
13321,7606.883
13322,7576.9263
13323,7182.708
13324,7726.284
13325,6952.644
13326,7134.1694
13327,6040.7817
13328,7247.6313
13329,7484.449
13330,6234.5605
13331,8741.743
13332,6641.2534
13333,6128.685
13334,9797.0205
13335,5955.866
13336,4861.3906
13337,8547.007
13338,8080.475
13339,10709.423
13340,5536.524
13341,7162.451
13342,6579.728
13343,7562.9766
13344,6618.5137
13345,7962.061
13346,3660.0818
13347,6735.4
13348,6628.6978
13349,6064.932
13350,4939.1113
13351,7733.9077
13352,7730.169
13353,5791.283
13354,8602.966
13355,7903.8076
13356,9419.562
13357,5250.7446
13358,6716.3916
13359,6689.4307
13360,7872.359
13361,8016.3076
13362,5371.3193
13363,7342.4263
13364,8418.384
13365,7621.7856
13366,5882.841
13367,4107.6016
13368,6960.075
13369,7153.7803
13370,9692.378
13371,7416.598
13372,6270.307
13373,8868.536
13374,7171.146
13375,6494.4375
13376,7958.348
13377,6082.0103
13378,8329.815
13379,10872.776
13380,8163.2544
13381,5213.4746
13382,6321.2417
13383,5061.228
13384,3851.9878
13385,8608.843
13386,6164.824
13387,9431.113
13388,4933.8
13389,7295.097
13390,6920.1724
13391,10982.303
13392,5065.169
13393,6295.5127
13394,6654.493
13395,8425.573
13396,5801.1797
13397,8248.038
13398,8517.637
13399,9251.468
13400,7111.051
13401,8062.13
13402,6672.4927
13403,5014.362
13404,5810.173
13405,10482.84
13406,9988.517
13407,7219.089
13408,14760.07
13409,6799.7886
13410,6318.053
13411,6780.165
13412,8338.305
13413,9279.5
13414,7690.655
13415,7793.555
13416,8566.309
13417,7362.9673
13418,7450.0483
13419,6246.668
13420,5929.825
13421,5833.9854
13422,5174.356
13423,5884.4795
13424,8532.736
13425,15323.483
13426,7472.302
13427,6455.7075
13428,7653.3647
13429,4723.6616
13430,6969.588
13431,4571.6006
13432,9606.108
13433,6724.7056
13434,7307.779
13435,11342.076
13436,11766.945
13437,6822.8975
13438,8003.053
13439,4519.1426
13440,6511.6133
13441,6014.978
13442,8181.931
13443,5707.228
13444,4661.885
13445,6059.046
13446,5851.6133
13447,7598.4927
13448,7211.347
13449,4357.5024
13450,7623.2686
13451,7342.181
13452,7948.6836
13453,5241.347
13454,5179.5557
13455,8175.3706
13456,4765.079
13457,9781.644
13458,5920.3027
13459,5644.6973
13460,7665.638
13461,6483.2476
13462,5190.4263
13463,6564.639
13464,7059.717
13465,9428.047
13466,10520.109
13467,6890.6387
13468,4814.9546
13469,6379.158
13470,7393.312
13471,6329.562
13472,5877.2827
13473,6688.786
13474,11401.251
13475,8791.787
13476,7365.243
13477,7338.0996
13478,5042.478
13479,9348.4795
13480,6170.0713
13481,12274.368
13482,7154.0737
13483,5956.605
13484,5834.0967
13485,4524.1416
13486,7664.037
13487,15241.38
13488,4834.3574
13489,5827.2227
13490,9931.889
13491,7945.909
13492,7275.3423
13493,8088.6025
13494,6847.881
13495,5452.763
13496,5300.725
13497,8740.559
13498,6222.9277
13499,7003.3267
13500,7466.3315
13501,5602.4824
13502,8011.0874
13503,6897.9316
13504,4197.6763
13505,9269.91
13506,8814.886
13507,4916.8115
13508,7980.437
13509,6922.1
13510,5370.4844
13511,9608.308
13512,6877.5654
13513,8801.377
13514,5564.0903
13515,5641.0317
13516,7187.4434
13517,4508.8647
13518,8247.393
13519,4751.209
13520,6526.368
13521,5637.3794
13522,6630.8164
13523,6407.484
13524,7257.807
13525,8074.5044
13526,8100.114
13527,7279.5347
13528,8166.369
13529,6854.265
13530,7766.359
13531,8782.241
13532,8135.684
13533,3962.7034
13534,6626.5864
13535,7575.2427
13536,5085.6816
13537,10131.517
13538,6611.529
13539,8840.802
13540,9748.821
13541,7525.042
13542,4898.195
13543,11067.845
13544,10257.283
13545,6761.1333
13546,8280.474
13547,9198.281
13548,6503.78
13549,6195.932
13550,7347.8066
13551,6611.9517
13552,5971.333
13553,7426.395
13554,5861.2827
13555,6441.9233
13556,7683.6895
13557,7182.557
13558,8540.74
13559,6870.7925
13560,7136.7217
13561,4272.916
13562,8610.115
13563,7344.78
13564,6448.729
13565,7241.958
13566,7411.9453
13567,9127.162
13568,6438.1396
13569,5492.0947
13570,6763.8813
13571,7355.744
13572,7797.5996
13573,5493.4043
13574,4945.4287
13575,7864.261
13576,6563.2993
13577,6444.7197
13578,8134.404
13579,7149.6943
13580,6941.9224
13581,5350.4053
13582,4585.861
13583,7311.1465
13584,7217.3335
13585,6894.8926
13586,9442.914
13587,7968.3438
13588,6007.6846
13589,8761.709
13590,4150.506
13591,4077.1135
13592,7325.7285
13593,11075.574
13594,8352.664
13595,7690.655
13596,5370.7505
13597,7854.509
13598,10062.507
13599,6301.845
13600,8019.168
13601,6294.258
13602,4905.765
13603,5531.7944
13604,6374.724
13605,6483.6436
13606,5225.463
13607,6069.8457
13608,5253.2144
13609,7511.9546
13610,7721.584
13611,6104.9155
13612,6775.504
13613,8408.586
13614,5965.259
13615,5485.425
13616,8858.231
13617,8394.387
13618,6637.4985
13619,4490.4727
13620,12064.824
13621,6557.311
13622,6249.2544
13623,8957.191
13624,8537.051
13625,8405.467
13626,7138.4575
13627,7508.051
13628,9991.327
13629,13654.209
13630,5377.5376
13631,5432.164
13632,5610.263
13633,7235.4194
13634,7219.5435
13635,8997.169
13636,9011.185
13637,6304.743
13638,5227.582
13639,6677.236
13640,9093.829
13641,5497.1626
13642,7266.867
13643,4700.42
13644,7342.104
13645,7938.917
13646,7936.275
13647,9141.877
13648,7017.9844
13649,4527.794
13650,7139.663
13651,8152.804
13652,8837.235
13653,7643.859
13654,7788.294
13655,7018.172
13656,5333.626
13657,10094.758
13658,5052.43
13659,10340.688
13660,6689.7944
13661,4868.9224
13662,7130.8154
13663,6716.2505
13664,7316.832
13665,8339.713
13666,4376.1094
13667,4952.6416
13668,7117.5923
13669,10135.16
13670,9727.422
13671,5629.9907
13672,7203.799
13673,7453.915
13674,6661.7646
13675,6253.142
13676,10323.443
13677,8832.593
13678,11304.785
13679,4868.848
13680,6567.2007
13681,9317.733
13682,9087.543
13683,5777.964
13684,10059.101
13685,6870.406
13686,5587.737
13687,5931.46
13688,5051.596
13689,5806.0454
13690,6732.3105
13691,5342.771
13692,5920.246
13693,10494.574
13694,7707.074
13695,17488.146
13696,6455.615
13697,5630.2646
13698,8518.555
13699,11006.715
13700,6853.9053
13701,8355.4375
13702,6885.0415
13703,9013.9
13704,9003.375
13705,6373.484
13706,6760.54
13707,8015.543
13708,8869.933
13709,7697.3403
13710,9031.697
13711,6535.4067
13712,5763.6304
13713,6706.1045
13714,11460.221
13715,12586.761
13716,11444.317
13717,8920.957
13718,5965.361
13719,6870.5435
13720,5294.1514
13721,9438.861
13722,10991.095
13723,10837.73
13724,7168.438
13725,6358.462
13726,5970.9
13727,6951.822
13728,11229.337
13729,8064.814
13730,6071.4087
13731,6065.256
13732,8638.856
13733,5209.1846
13734,8482.978
13735,5300.6543
13736,7971.111
13737,8451.635
13738,6624.033
13739,8301.777
13740,7119.887
13741,6021.539
13742,7347.379
13743,7709.184
13744,11556.096
13745,7461.811
13746,9430.502
13747,8546.86
13748,10642.007
13749,7765.1143
13750,10805.714
13751,5919.3877
13752,5924.8784
13753,8361.121
13754,7509.942
13755,9967.94
13756,8898.989
13757,6496.222
13758,8031.101
13759,7520.407
13760,12096.418
13761,5343.4995
13762,13870.318
13763,5769.7524
13764,7465.691
13765,9464.364
13766,7079.055
13767,7561.224
13768,8473.638
13769,8032.3037
13770,6265.1895
13771,6213.746
13772,8961.507
13773,7780.3496
13774,8670.654
13775,5456.868
13776,8801.813
13777,11315.356
13778,7788.918
13779,5835.9
13780,8132.7744
13781,7200.9204
13782,7259.898
13783,7922.004
13784,5402.1587
13785,8442.949
13786,7867.69
13787,8498.534
13788,8103.4517
13789,5977.7153
13790,7333.684
13791,6666.3286
13792,8453.376
13793,9061.587
13794,6125.1553
13795,6510.3833
13796,7326.518
13797,6795.1396
13798,6997.3574
13799,9964.139
13800,8315.464
13801,8336.27
13802,6784.2017
13803,5978.5537
13804,7509.111
13805,9830.052
13806,9352.546
13807,9158.694
13808,9311.159
13809,7247.673
13810,9542.46
13811,7354.8394
13812,8864.892
13813,10124.417
13814,7787.848
13815,10970.421
13816,9510.378
13817,8991.464
13818,7284.5845
13819,8871.8955
13820,8522.781
13821,7443.386
13822,5567.5786
13823,7401.066
13824,8842.876
13825,8067.4067
13826,6509.458
13827,8950.685
13828,7924.1807
13829,7533.2505
13830,7538.548
13831,6375.9526
13832,8312.213
13833,8307.687
13834,8006.481
13835,6491.0005
13836,6661.5996
13837,8165.3257
13838,4853.3145
13839,7464.594
13840,5966.846
13841,9363.444
13842,8130.7427
13843,7472.1807
13844,10048.15
13845,6679.695
13846,6160.0806
13847,11850.39
13848,7542.7266
13849,7728.2227
13850,9659.174
13851,6054.1934
13852,7220.57
13853,6492.2393
13854,8717.397
13855,11176.745
13856,7070.627
13857,3957.0598
13858,6342.053
13859,9009.448
13860,9463.371
13861,7488.591
13862,8240.292
13863,5911.3306
13864,5984.8926
13865,4266.452
13866,6282.2803
13867,7277.2856
13868,7448.7056
13869,8128.114
13870,8132.4644
13871,8603.441
13872,8916.627
13873,8257.743
13874,6402.682
13875,10658.839
13876,10201.263
13877,7023.348
13878,9460.339
13879,5956.19
13880,7794.179
13881,5049.698
13882,7726.402
13883,6102.9243
13884,9560.16
13885,8091.172
13886,10220.341
13887,9295.844
13888,7328.6006
13889,8692.29
13890,17480.576
13891,12518.759
13892,7791.459
13893,3839.0974
13894,7137.416
13895,11218.975
13896,7439.539
13897,12380.454
13898,15752.169
13899,4869.266
13900,6458.3315
13901,9162.181
13902,6740.522
13903,10563.807
13904,7689.0044
13905,8865.805
13906,4770.3955
13907,8026.1616
13908,8151.871
13909,8156.1797
13910,8634.911
13911,7100.634
13912,7198.4272
13913,8128.8584
13914,6331.1255
13915,7016.01
13916,8869.873
13917,6463.6436
13918,7359.464
13919,8460.475
13920,6587.125
13921,6752.3945
13922,8206.088
13923,7559.6733
13924,8766.968
13925,7204.1626
13926,8383.1045
13927,7162.69
13928,5088.36
13929,8497.376
13930,7796.2017
13931,5925.867
13932,5813.8315
13933,8551.867
13934,8217.971
13935,9080.239
13936,8956.133
13937,7267.817
13938,6018.358
13939,5826.2
13940,11338.821
13941,6634.2324
13942,8585.833
13943,16616.318
13944,7915.569
13945,7722.2764
13946,5639.047
13947,5761.624
13948,8087.654
13949,5339.882
13950,6958.701
13951,10176.579
13952,6502.0303
13953,16110.249
13954,14834.529
13955,6047.5327
13956,8627.642
13957,5922.6294
13958,8620.872
13959,7406.991
13960,13289.419
13961,8236.804
13962,9360.033
13963,6347.9355
13964,8460.136
13965,5944.6626
13966,10346.657
13967,7663.467
13968,7184.5923
13969,7093.898
13970,6445.9
13971,9370.984
13972,9865.537
13973,6760.366
13974,11568.921
13975,8297.503
13976,10770.925
13977,5820.773
13978,6583.8774
13979,7003.0327
13980,11508.821
13981,8032.6865
13982,9141.886
13983,7852.958
13984,9608.857
13985,5707.391
13986,9793.293
13987,7955.9194
13988,5220.491
13989,15827.979
13990,17284.523
13991,8733.292
13992,8754.918
13993,10886.401
13994,11858.066
13995,11411.423
13996,7221.6787
13997,8847.82
13998,6901.261
13999,9540.477
14000,5549.9487
14001,7098.304
14002,6419.364
14003,6670.5073
14004,8502.6455
14005,5531.6045
14006,6315.631
14007,6869.9536
14008,5485.21
14009,5815.9727
14010,6398.7075
14011,7521.899
14012,9691.889
14013,10068.517
14014,8507.983
14015,7369.087
14016,7680.2017
14017,11631.83
14018,8801.41
14019,6570.7783
14020,5891.292
14021,8840.456
14022,6122.807
14023,7680.634
14024,4445.679
14025,6808.6147
14026,10159.763
14027,7056.216
14028,6744.381
14029,9204.064
14030,10275.035
14031,10818.006
14032,7194.7344
14033,11294.697
14034,4668.7383
14035,6466.943
14036,7349.741
14037,5868.2246
14038,8588.356
14039,6349.056
14040,7169.703
14041,9178.624
14042,12334.418
14043,9191.23
14044,7103.7905
14045,6412.1978
14046,10981.036
14047,8173.803
14048,7785.865
14049,6059.7627
14050,7398.751
14051,10437.885
14052,5950.109
14053,8092.353
14054,8637.736
14055,9316.826
14056,14450.799
14057,7665.221
14058,13729.138
14059,7811.5947
14060,6449.0977
14061,4677.7695
14062,8463.138
14063,7784.6104
14064,5861.2324
14065,8318.018
14066,6200.8687
14067,5473.905
14068,7522.258
14069,5722.0596
14070,9241.123
14071,7277.834
14072,8975.707
14073,8734.092
14074,7009.756
14075,8675.526
14076,8224.118
14077,6313.041
14078,6340.783
14079,7376.541
14080,13740.049
14081,7520.737
14082,5856.069
14083,8396.965
14084,9981.812
14085,8123.673
14086,7828.5034
14087,9287.389
14088,7839.7715
14089,6317.547
14090,7435.8433
14091,8866.287
14092,7721.216
14093,8140.481
14094,7409.0967
14095,6328.916
14096,5026.1323
14097,5916.797
14098,8869.441
14099,9821.57
14100,11400.643
14101,13825.611
14102,9109.091
14103,6741.242
14104,6504.71
14105,12323.682
14106,11316.835
14107,8958.704
14108,9742.306
14109,9861.153
14110,6891.027
14111,5128.6772
14112,12211.291
14113,6799.86
14114,7803.5
14115,6975.1543
14116,4485.588
14117,11902.732
14118,6608.15
14119,6374.2744
14120,6232.182
14121,6366.588
14122,7172.2134
14123,9180.909
14124,7770.4116
14125,6161.679
14126,5160.791
14127,5432.573
14128,4817.362
14129,8398.454
14130,16397.992
14131,6480.311
14132,6313.5894
14133,7585.574
14134,5706.107
14135,6125.2134
14136,6634.5996
14137,5861.8584
14138,8225.13
14139,8314.726
14140,5243.468
14141,9045.818
14142,6289.523
14143,6277.4224
14144,8834.581
14145,9224.806
14146,11168.455
14147,7202.1016
14148,7805.2344
14149,5660.587
14150,6758.374
14151,14488.957
14152,10673.691
14153,7670.5967
14154,5668.6753
14155,6040.096
14156,6693.8667
14157,5843.4976
14158,10829.733
14159,6255.3013
14160,6954.07
14161,8062.6685
14162,6249.3555
14163,7264.2134
14164,8493.673
14165,8569.104
14166,8267.555
14167,5477.049
14168,6856.658
14169,8094.4526
14170,10497.037
14171,8852.801
14172,8297.898
14173,5548.747
14174,8503.554
14175,6524.395
14176,7068.4487
14177,8329.792
14178,8211.506
14179,7849.109
14180,8340.047
14181,7642.1313
14182,7766.9736
14183,6440.725
14184,8011.5303
14185,8094.6377
14186,6939.347
14187,9408.697
14188,7281.8335
14189,6754.565
14190,10506.783
14191,6366.035
14192,5066.7974
14193,9793.536
14194,8897.937
14195,12569.294
14196,6096.949
14197,7762.3228
14198,7406.1997
14199,8590.388
14200,7037.349
14201,8541.693
14202,4180.382
14203,7633.9136
14204,7146.6396
14205,6835.723
14206,5574.912
14207,8485.964
14208,8629.74
14209,6347.379
14210,9935.972
14211,8277.473
14212,10219.834
14213,5574.173
14214,7531.67
14215,7278.8267
14216,8431.61
14217,8747.581
14218,5864.7275
14219,8044.778
14220,9424.37
14221,8171.59
14222,6416.4927
14223,4469.58
14224,7636.9653
14225,7908.0757
14226,10550.565
14227,8137.8955
14228,7122.1357
14229,9550.464
14230,8238.1
14231,7179.1055
14232,8947.15
14233,6561.872
14234,9310.626
14235,11839.928
14236,9114.479
14237,5745.1006
14238,7053.1475
14239,5687.279
14240,4404.0327
14241,9426.959
14242,6452.808
14243,10371.852
14244,5538.0664
14245,8009.781
14246,7746.7686
14247,12576.093
14248,5377.7173
14249,6963.8867
14250,7242.863
14251,9390.176
14252,6290.8726
14253,8682.877
14254,9017.134
14255,10619.538
14256,7677.6675
14257,8708.571
14258,7163.995
14259,5648.893
14260,6280.6387
14261,11321.466
14262,10747.887
14263,7734.498
14264,15602.292
14265,7489.712
14266,6816.23
14267,7685.683
14268,8937.947
14269,10085.683
14270,8390.456
14271,8449.958
14272,9193.01
14273,8287.806
14274,7799.3774
14275,6883.249
14276,6628.78
14277,6292.823
14278,5763.8833
14279,6354.9873
14280,8963.174
14281,17399.855
14282,8219.53
14283,7031.9346
14284,8620.058
14285,5058.3613
14286,7382.207
14287,4453.2256
14288,10909.31
14289,7291.0977
14290,7920.2812
14291,12291.953
14292,12470.508
14293,7435.8433
14294,8998.773
14295,4930.596
14296,7474.5684
14297,6426.6357
14298,8757.448
14299,6249.1885
14300,4843.6255
14301,6906.865
14302,6255.683
14303,8381.114
14304,7858.24
14305,4711.6914
14306,8069.477
14307,8003.2285
14308,8256.735
14309,5799.686
14310,5483.222
14311,8762.904
14312,5304.827
14313,10628.436
14314,6621.027
14315,6337.119
14316,8260.579
14317,7105.8843
14318,5609.707
14319,7188.863
14320,8329.601
14321,10568.2
14322,11807.924
14323,7397.749
14324,5395.3916
14325,7186.5317
14326,8352.115
14327,6794.861
14328,6370.5728
14329,7201.9985
14330,12823.077
14331,9375.901
14332,7856.3667
14333,8065.6294
14334,5725.1333
14335,10121.019
14336,7003.2866
14337,13658.638
14338,7871.638
14339,6349.7524
14340,6339.985
14341,4913.117
14342,8589.716
14343,15825.442
14344,5302.2876
14345,6199.6147
14346,10975.173
14347,8871.776
14348,8008.7725
14349,8720.582
14350,7384.439
14351,5647.541
14352,5886.0684
14353,9685.65
14354,6927.695
14355,7723.2485
14356,7999.8555
14357,6277.7876
14358,8799.278
14359,7327.042
14360,4496.2163
14361,9954.487
14362,9593.684
14363,5534.702
14364,8686.456
14365,7260.3413
14366,5712.707
14367,10813.734
14368,7439.2695
14369,9490.868
14370,6172.6084
14371,6188.307
14372,7610.025
14373,4909.88
14374,9050.755
14375,5353.5396
14376,7143.205
14377,6234.0967
14378,7191.215
14379,7151.6787
14380,7819.1978
14381,8655.9375
14382,8410.855
14383,7965.312
14384,8873.715
14385,7634.955
14386,8833.907
14387,9637.695
14388,8868.029
14389,4138.491
14390,7409.7188
14391,8172.556
14392,5720.39
14393,10896.155
14394,7211.615
14395,10021.705
14396,11206.302
14397,8207.074
14398,5513.7466
14399,12190.438
14400,10954.873
14401,7255.6685
14402,9530.018
14403,9804.031
14404,7278.9375
14405,7047.64
14406,8056.8184
14407,7402.69
14408,6705.5674
14409,8289.0
14410,6195.867
14411,7128.4697
14412,8125.192
14413,7952.225
14414,9258.839
14415,7428.7046
14416,8087.1445
14417,4583.3286
14418,9361.042
14419,7915.848
14420,6933.611
14421,8083.0576
14422,8282.883
14423,10237.277
14424,7134.224
14425,6039.7334
14426,7276.1543
14427,7847.193
14428,8760.99
14429,5918.338
14430,5542.569
14431,8702.76
14432,7188.122
14433,7261.934
14434,8721.797
14435,7732.366
14436,7701.886
14437,5684.589
14438,4984.4854
14439,7947.4478
14440,7722.3203
14441,7952.794
14442,10533.312
14443,8785.709
14444,6685.514
14445,9582.124
14446,4471.354
14447,4554.4297
14448,8042.8984
14449,13048.627
14450,9050.211
14451,8502.775
14452,6022.1997
14453,8754.4
14454,11424.262
14455,6811.174
14456,8799.337
14457,6830.5547
14458,5324.207
14459,6222.3877
14460,7036.8525
14461,7334.7827
14462,5638.826
14463,6653.459
14464,5688.939
14465,8481.061
14466,8677.487
14467,6436.3896
14468,7440.987
14469,9073.089
14470,6215.0327
14471,6374.7607
14472,9492.344
14473,9067.258
14474,7200.4946
14475,4802.2446
14476,13581.127
14477,6802.143
14478,6626.6875
14479,9778.648
14480,9738.6455
14481,9185.385
14482,7782.5835
14483,8439.938
14484,11554.784
14485,15737.798
14486,6047.625
14487,5990.598
14488,6038.1206
14489,7906.665
14490,7955.176
14491,9781.167
14492,9908.963
14493,7127.9526
14494,5670.487
14495,7780.3047
14496,9804.219
14497,6088.47
14498,7942.045
14499,5350.0225
14500,7599.689
14501,8906.291
14502,8699.863
14503,10251.22
14504,7620.063
14505,4990.5605
14506,7723.5728
14507,8893.296
14508,9731.449
14509,8379.315
14510,8508.138
14511,8186.8804
14512,5837.0747
14513,10917.49
14514,5515.819
14515,11439.908
14516,7224.9097
14517,5307.287
14518,7944.439
14519,7206.252
14520,7908.2563
14521,9122.958
14522,4957.245
14523,5369.726
14524,7730.0728
14525,11229.145
14526,10966.958
14527,6099.235
14528,8293.776
14529,8603.482
14530,7353.703
14531,6793.6167
14532,11307.027
14533,9631.833
14534,13015.403
14535,5488.8477
14536,7202.04
14537,9816.598
14538,10377.324
14539,6349.8735
14540,10951.217
14541,7738.1357
14542,6122.8477
14543,7020.9033
14544,5532.538
14545,6331.2524
14546,7549.0527
14547,5907.475
14548,6419.0146
14549,11441.49
14550,8404.48
14551,19005.426
14552,6948.401
14553,6835.0127
14554,10284.242
14555,13883.964
14556,8426.924
14557,10073.685
14558,8311.848
14559,10752.193
14560,11146.746
14561,7527.3823
14562,8565.753
14563,10121.26
14564,10476.963
14565,9764.25
14566,10834.299
14567,7909.049
14568,7082.2764
14569,8211.232
14570,14099.7295
14571,15157.331
14572,13524.847
14573,10843.645
14574,7342.825
14575,8439.729
14576,6457.081
14577,11237.169
14578,13550.411
14579,12620.202
14580,8905.17
14581,7465.064
14582,7110.074
14583,8339.912
14584,13100.488
14585,9873.228
14586,7395.082
14587,7563.8135
14588,9765.34
14589,6369.4546
14590,10279.339
14591,6443.533
14592,9773.25
14593,10538.396
14594,8076.7075
14595,10248.6
14596,8505.581
14597,7031.344
14598,9089.139
14599,9577.812
14600,14310.041
14601,9149.649
14602,10960.078
14603,9889.806
14604,13153.686
14605,9344.53
14606,13336.004
14607,7315.6875
14608,7088.839
14609,10093.862
14610,9462.631
14611,12216.347
14612,10582.382
14613,7937.176
14614,9774.63
14615,9016.352
14616,14981.231
14617,6610.2866
14618,16559.223
14619,7082.04
14620,8911.823
14621,11239.881
14622,8702.727
14623,8793.389
14624,10351.553
14625,9856.687
14626,7697.7075
14627,7674.285
14628,10873.129
14629,9762.406
14630,10363.012
14631,6654.779
14632,10579.192
14633,13701.419
14634,9319.013
14635,7115.76
14636,9872.729
14637,8655.0625
14638,8944.378
14639,9457.578
14640,6574.151
14641,10311.212
14642,9413.257
14643,10151.133
14644,9958.039
14645,7273.3647
14646,9039.695
14647,8353.007
14648,10113.916
14649,11082.485
14650,7615.449
14651,7999.367
14652,8888.063
14653,8156.3276
14654,8315.503
14655,11838.313
14656,10236.701
14657,9788.97
14658,8388.768
14659,7258.4023
14660,9095.964
14661,11694.624
14662,10457.6045
14663,11277.163
14664,11386.429
14665,8996.688
14666,11978.271
14667,8915.479
14668,10891.022
14669,12261.089
14670,9626.607
14671,13027.761
14672,11561.332
14673,10874.819
14674,8845.153
14675,10629.155
14676,10611.742
14677,9183.239
14678,6808.6274
14679,8462.879
14680,10509.98
14681,9801.647
14682,8081.847
14683,10849.903
14684,9099.304
14685,8914.476
14686,9260.968
14687,7669.441
14688,9934.816
14689,10236.193
14690,9638.605
14691,8287.822
14692,7867.8774
14693,9875.667
14694,5889.1904
14695,8983.9375
14696,7337.8193
14697,11202.893
14698,9704.098
14699,8820.453
14700,11994.607
14701,7929.7676
14702,7369.4805
14703,13537.468
14704,9266.242
14705,9688.755
14706,11774.074
14707,7576.572
14708,8683.474
14709,7754.4717
14710,10518.835
14711,13868.136
14712,8443.746
14713,4789.1343
14714,7689.3345
14715,10948.387
14716,11724.208
14717,8863.894
14718,9752.765
14719,7104.8677
14720,7508.81
14721,5011.8657
14722,7635.8
14723,8957.704
14724,8963.704
14725,9704.348
14726,9843.722
14727,10887.138
14728,11034.685
14729,10068.306
14730,7959.0693
14731,12742.613
14732,12530.561
14733,8488.449
14734,11102.777
14735,7206.651
14736,9410.43
14737,6389.5103
14738,9154.747
14739,7507.8506
14740,11245.628
14741,9846.21
14742,11735.541
14743,10848.455
14744,8894.39
14745,10513.098
14746,19866.662
14747,16127.99
14748,8760.907
14749,4822.4746
14750,8972.326
14751,13177.506
14752,8964.396
14753,13324.091
14754,16552.559
14755,5661.505
14756,7699.117
14757,11189.021
14758,8055.981
14759,12388.521
14760,9359.311
14761,10686.567
14762,5831.643
14763,9636.565
14764,9861.924
14765,9796.899
14766,10434.64
14767,8899.897
14768,8792.634
14769,9647.794
14770,7591.343
14771,8387.6875
14772,10621.169
14773,8226.165
14774,8954.022
14775,10411.0205
14776,7916.558
14777,7978.1997
14778,9644.316
14779,9086.842
14780,10793.673
14781,9053.302
14782,9428.038
14783,8611.076
14784,6480.509
14785,10447.845
14786,9320.391
14787,7287.183
14788,6948.4805
14789,10661.33
14790,10113.839
14791,11047.532
14792,10520.44
14793,8896.104
14794,7352.027
14795,7101.8257
14796,14267.291
14797,8065.5063
14798,10638.963
14799,18908.23
14800,9506.224
14801,9372.129
14802,6864.419
14803,6995.4956
14804,10101.673
14805,6588.457
14806,8190.9023
14807,12082.766
14808,8136.4136
14809,17278.408
14810,17223.375
14811,7276.723
14812,10101.538
14813,7153.835
14814,10348.621
14815,8774.4375
14816,15515.558
14817,10210.968
14818,11280.81
14819,7396.7754
14820,10155.675
14821,7502.546
14822,12253.314
14823,9582.262
14824,8674.426
14825,8981.128
14826,7529.3857
14827,11290.54
14828,11850.073
14829,8260.666
14830,14156.349
14831,9952.902
14832,12506.6455
14833,7063.2524
14834,7869.7915
14835,8430.195
14836,13669.767
14837,9660.814
14838,11437.824
14839,9301.546
14840,11639.11
14841,6988.1934
14842,11328.2705
14843,9519.435
14844,6327.3887
14845,19294.371
14846,19981.186
14847,10614.617
14848,10624.087
14849,13162.22
14850,14353.18
14851,13693.973
14852,8680.318
14853,10709.586
14854,8395.724
14855,11576.935
14856,6593.1973
14857,8182.2744
14858,7795.109
14859,8216.614
14860,10342.543
14861,6688.946
14862,7846.624
14863,8356.617
14864,6739.4097
14865,7016.4316
14866,7596.1016
14867,9148.637
14868,11688.859
14869,12664.84
14870,9998.868
14871,8843.172
14872,9262.619
14873,13983.807
14874,10373.583
14875,8138.3306
14876,6745.886
14877,11114.559
14878,7328.475
14879,9735.106
14880,5353.4683
14881,7955.282
14882,11647.85
14883,8504.008
14884,8214.381
14885,11129.94
14886,12525.304
14887,12933.979
14888,8769.944
14889,13099.401
14890,5651.2373
14891,7800.0693
14892,8874.68
14893,7059.104
14894,10034.713
14895,7679.3887
14896,8578.729
14897,11031.055
14898,13541.148
14899,11316.414
14900,8709.817
14901,7914.0215
14902,15225.035
14903,9886.919
14904,9077.677
14905,7400.1626
14906,8894.424
14907,12013.819
14908,7118.896
14909,9871.918
14910,10444.876
14911,11145.938
14912,17653.797
14913,9367.321
14914,16006.915
14915,9407.737
14916,7881.1865
14917,5557.8843
14918,9861.548
14919,9692.184
14920,7097.5933
14921,10072.936
14922,7466.581
14923,6650.1978
14924,9135.313
14925,6848.8276
14926,10868.671
14927,9121.645
14928,10814.88
14929,10981.193
14930,8484.014
14931,10255.787
14932,9771.675
14933,7534.9033
14934,7652.846
14935,8716.217
14936,15267.16
14937,8967.74
14938,6932.884
14939,10294.085
14940,11851.158
14941,9958.913
14942,9430.538
14943,11148.702
14944,9392.639
14945,7250.2725
14946,8975.689
14947,11158.926
14948,9245.875
14949,9918.313
14950,9153.429
14951,7674.3
14952,6171.0366
14953,7637.1035
14954,11084.694
14955,11971.818
14956,13877.98
14957,16401.559
14958,11152.5625
14959,8168.3945
14960,7820.063
14961,14672.503
14962,13398.717
14963,11018.836
14964,11817.635
14965,11726.981
14966,8214.569
14967,6221.302
14968,14331.402
14969,8100.5464
14970,9352.733
14971,8279.629
14972,5455.6763
14973,14120.278
14974,8556.795
14975,7545.101
14976,7459.3843
14977,7528.8687
14978,8581.731
14979,11091.621
14980,9561.355
14981,7428.095
14982,6303.673
14983,6389.2056
14984,5843.676
14985,10324.3
14986,18241.828
14987,7762.3154
14988,7760.4277
14989,8824.946
14990,6878.9497
14991,7687.347
14992,7924.8228
14993,7117.4907
14994,9804.078
14995,10252.677
14996,6312.2524
14997,11067.8125
14998,7720.0376
14999,7691.132
15000,10770.195
15001,11587.749
15002,12993.141
15003,8512.5205
15004,9219.467
15005,7174.177
15006,8236.002
15007,16427.139
15008,12861.059
15009,9446.814
15010,6665.0127
15011,7326.7417
15012,8181.0806
15013,7087.223
15014,13200.677
15015,7315.883
15016,8302.918
15017,10240.119
15018,7776.3286
15019,8984.734
15020,10240.93
15021,10347.94
15022,10259.944
15023,6690.2856
15024,8085.594
15025,9654.688
15026,12792.905
15027,11127.711
15028,10007.674
15029,6635.2197
15030,10143.758
15031,7804.423
15032,8618.783
15033,10421.432
15034,9854.055
15035,9545.838
15036,10070.447
15037,9034.179
15038,9585.323
15039,8024.7305
15040,9718.204
15041,10178.618
15042,8611.692
15043,11389.948
15044,8921.118
15045,8164.586
15046,12829.781
15047,7855.6475
15048,6611.428
15049,11357.155
15050,11055.69
15051,14256.79
15052,7280.6807
15053,9315.031
15054,8818.796
15055,10273.497
15056,8587.995
15057,10292.475
15058,5139.495
15059,8827.935
15060,8785.156
15061,8245.623
15062,6637.359
15063,10089.377
15064,10476.094
15065,7521.9707
15066,11515.673
15067,10572.696
15068,12412.341
15069,6843.4473
15070,8988.24
15071,8803.123
15072,10165.442
15073,10629.033
15074,7204.8223
15075,9882.555
15076,11131.427
15077,10175.667
15078,7860.264
15079,5437.0107
15080,9256.844
15081,9567.339
15082,12704.666
15083,9931.131
15084,8517.6045
15085,11544.616
15086,9850.493
15087,8991.438
15088,10383.562
15089,8011.523
15090,10946.048
15091,14805.991
15092,10555.055
15093,6822.26
15094,8734.067
15095,6828.3984
15096,5189.392
15097,11746.93
15098,7967.531
15099,12411.595
15100,6980.412
15101,10023.847
15102,9332.079
15103,14156.956
15104,6554.916
15105,8562.804
15106,8874.4
15107,11225.953
15108,7566.13
15109,10381.7295
15110,11010.001
15111,12543.63
15112,9153.761
15113,10604.387
15114,8793.976
15115,6767.8564
15116,7826.01
15117,13692.288
15118,12806.04
15119,9430.897
15120,17372.164
15121,8928.158
15122,8399.544
15123,9002.611
15124,10876.863
15125,12378.494
15126,10071.187
15127,10218.898
15128,11344.023
15129,9868.529
15130,10051.419
15131,8551.361
15132,7884.3745
15133,7913.1157
15134,7039.6787
15135,7649.409
15136,11655.462
15137,19406.133
15138,9716.74
15139,8412.886
15140,10073.232
15141,6222.4053
15142,9356.23
15143,5376.276
15144,12949.89
15145,8802.61
15146,9523.839
15147,14722.8125
15148,13917.241
15149,8779.025
15150,10891.656
15151,5943.5684
15152,8828.895
15153,7777.8564
15154,10925.98
15155,7847.919
15156,6109.92
15157,8146.314
15158,7630.6304
15159,10071.023
15160,9610.085
15161,5594.7393
15162,9884.024
15163,9756.012
15164,10455.451
15165,7024.46
15166,7145.8696
15167,10526.693
15168,6309.682
15169,12734.437
15170,7832.552
15171,7989.028
15172,10150.562
15173,8625.001
15174,6761.056
15175,9269.76
15176,9555.758
15177,12760.637
15178,13993.226
15179,8957.56
15180,6394.412
15181,8608.621
15182,9884.431
15183,8277.441
15184,8183.6323
15185,8621.274
15186,14835.024
15187,11767.54
15188,9472.854
15189,9660.362
15190,6744.297
15191,12156.153
15192,8397.701
15193,16496.848
15194,9480.048
15195,8064.9375
15196,7807.483
15197,5884.4346
15198,10291.11
15199,19888.37
15200,6559.9946
15201,7893.0723
15202,12891.061
15203,10237.209
15204,9698.306
15205,10605.884
15206,9440.4375
15207,7221.699
15208,7334.125
15209,11573.368
15210,8313.988
15211,9427.085
15212,9872.879
15213,7466.9087
15214,10883.671
15215,8955.253
15216,5508.6157
15217,12253.011
15218,11800.65
15219,6613.3267
15220,10461.3955
15221,8723.61
15222,7184.8525
15223,12947.556
15224,8973.345
15225,11559.965
15226,7372.721
15227,7362.932
15228,9324.677
15229,6013.595
15230,10748.194
15231,6359.7354
15232,8461.692
15233,7560.2144
15234,8674.145
15235,8661.496
15236,9425.161
15237,10591.206
15238,10748.778
15239,9819.163
15240,10391.001
15241,8832.323
15242,10489.4
15243,11445.201
15244,10369.587
15245,5067.469
15246,8863.26
15247,9783.089
15248,6722.7363
15249,13151.102
15250,9009.561
15251,11778.454
15252,13130.359
15253,9434.389
15254,6603.5503
15255,14151.719
15256,13201.066
15257,8718.894
15258,11059.835
15259,12026.361
15260,8722.462
15261,8386.936
15262,9761.559
15263,8853.89
15264,7966.5654
15265,10060.425
15266,7549.7515
15267,8459.708
15268,10186.426
15269,9634.139
15270,11216.567
15271,8931.301
15272,9693.09
15273,5654.1704
15274,11336.982
15275,9792.3125
15276,8555.367
15277,9846.36
15278,9829.789
15279,12292.141
15280,8686.489
15281,7285.7725
15282,8997.074
15283,9536.183
15284,10319.762
15285,7099.8276
15286,6571.5117
15287,10574.31
15288,8828.701
15289,8669.786
15290,10889.371
15291,9230.579
15292,9150.531
15293,6976.279
15294,6078.9824
15295,9585.652
15296,9359.203
15297,9323.138
15298,12169.482
15299,10331.027
15300,8070.539
15301,11513.904
15302,5363.691
15303,5401.066
15304,9819.248
15305,14550.429
15306,11270.099
15307,10461.336
15308,7475.253
15309,10821.638
15310,13391.025
15311,8257.948
15312,10797.266
15313,8193.552
15314,6734.7383
15315,7716.732
15316,8513.057
15317,8970.213
15318,6929.38
15319,7958.341
15320,6794.4136
15321,9911.676
15322,10158.28
15323,8230.858
15324,9140.9795
15325,11115.375
15326,7752.135
15327,7224.4688
15328,11832.669
15329,11158.648
15330,8897.775
15331,5876.795
15332,15160.569
15333,8778.564
15334,8551.843
15335,11936.588
15336,11592.712
15337,11034.148
15338,9390.83
15339,10067.221
15340,14085.401
15341,17096.146
15342,7216.8105
15343,7517.101
15344,7391.338
15345,9434.974
15346,9587.947
15347,11507.625
15348,11907.195
15349,8450.015
15350,6894.182
15351,8987.528
15352,12157.823
15353,7308.7617
15354,9564.985
15355,6441.856
15356,9849.027
15357,10258.135
15358,10329.648
15359,12287.241
15360,9028.071
15361,5986.5884
15362,9292.076
15363,10591.136
15364,11702.893
15365,9933.793
15366,10214.951
15367,9501.619
15368,7184.716
15369,13025.959
15370,6931.2705
15371,13883.117
15372,8729.236
15373,6391.717
15374,9426.087
15375,8967.278
15376,9809.4
15377,10879.623
15378,5793.6206
15379,6826.354
15380,9601.583
15381,13288.531
15382,13074.501
15383,7352.146
15384,9687.72
15385,9854.336
15386,8719.775
15387,8337.653
15388,13797.948
15389,11732.475
15390,15085.539
15391,6418.451
15392,8856.998
15393,11076.99
15394,11793.753
15395,7979.0293
15396,13276.003
15397,9234.568
15398,7326.581
15399,8188.637
15400,6633.6567
15401,7592.393
15402,9349.54
15403,7187.382
15404,7821.7637
15405,13823.753
15406,9997.294
15407,20828.652
15408,8602.375
15409,6190.1196
15410,3939.9785
15411,3483.033
15412,3305.039
15413,4569.482
15414,4587.348
15415,5326.2188
15416,5478.6426
15417,6159.763
15418,4028.2837
15419,6096.3154
15420,4463.5513
15421,3950.2148
15422,5868.88
15423,5948.6445
15424,3468.5432
15425,6786.3047
15426,5725.805
15427,12928.293
15428,6560.5703
15429,7390.1606
15430,2507.5598
15431,4433.965
15432,2785.425
15433,7184.8457
15434,8253.814
15435,5811.4365
15436,7525.839
15437,3479.9475
15438,4370.5195
15439,6735.0273
15440,8567.183
15441,7626.3813
15442,5668.259
15443,5823.961
15444,5416.497
15445,3376.0305
15446,5513.9463
15447,5235.022
15448,4284.5356
15449,8363.985
15450,2590.4849
15451,4714.02
15452,3578.0708
15453,3806.2676
15454,4849.5664
15455,6411.152
15456,9191.537
15457,7626.9707
15458,6509.9175
15459,5740.789
15460,10553.282
15461,6431.48
15462,5522.6206
15463,3370.8108
15464,2586.7532
15465,5930.7925
15466,3730.4285
15467,5641.8335
15468,4931.692
15469,4370.0693
15470,8854.329
15471,4151.1826
15472,4939.7476
15473,3787.8347
15474,6124.594
15475,3608.0308
15476,3701.5986
15477,6227.9277
15478,7531.325
15479,7401.6167
15480,5010.0635
15481,5456.8945
15482,4315.986
15483,5669.335
15484,9519.543
15485,7672.7114
15486,3306.7769
15487,3179.1812
15488,5824.483
15489,9311.771
15490,3850.2024
15491,2386.695
15492,5701.7812
15493,4458.424
15494,4026.4397
15495,5159.6885
15496,3212.6294
15497,6523.294
15498,3746.6694
15499,7640.229
15500,2975.5847
15501,3348.7341
15502,6949.057
15503,5767.2876
15504,7582.6807
15505,5147.404
15506,5773.3525
15507,6682.951
15508,6463.9272
15509,7318.849
15510,3688.3948
15511,4967.512
15512,4072.7483
15513,4382.3877
15514,6297.4766
15515,3235.0554
15516,6901.2812
15517,4648.905
15518,6359.159
15519,6180.9155
15520,6695.846
15521,6086.4727
15522,4487.7153
15523,4472.3438
15524,3358.9243
15525,6774.095
15526,7644.9233
15527,4888.118
15528,6352.866
15529,7335.783
15530,4006.597
15531,4003.9263
15532,6180.6855
15533,3705.386
15534,2844.462
15535,3997.5073
15536,5220.68
15537,4671.1924
15538,3598.547
15539,5438.1777
15540,4401.6133
15541,4677.6265
15542,7929.6016
15543,3749.9912
15544,6217.689
15545,7217.182
15546,3472.8176
15547,5971.162
15548,3853.4321
15549,6271.276
15550,2381.393
15551,3322.8281
15552,5421.1284
15553,8363.897
15554,3617.8188
15555,3818.1812
15556,7032.552
15557,4415.137
15558,5426.224
15559,9242.852
15560,7745.3867
15561,5964.502
15562,5276.5063
15563,3390.289
15564,5186.987
15565,2570.9102
15566,4858.6416
15567,6471.663
15568,2769.1367
15569,3295.6223
15570,2406.803
15571,4458.1045
15572,4642.4395
15573,5970.9453
15574,6876.4834
15575,6241.165
15576,2893.8354
15577,2349.5215
15578,3440.2432
15579,4059.4521
15580,6453.5654
15581,5303.7144
15582,4914.2515
15583,6590.4556
15584,5362.7803
15585,5395.2017
15586,5052.348
15587,6389.541
15588,10502.976
15589,3190.8486
15590,5455.8794
15591,6239.4683
15592,7876.8354
15593,3589.7837
15594,5028.141
15595,5924.2964
15596,6695.6675
15597,7788.769
15598,7433.595
15599,6255.3906
15600,4201.7344
15601,8631.922
15602,14894.767
15603,7795.466
15604,4726.966
15605,3719.314
15606,5677.485
15607,3634.7275
15608,2411.7483
15609,16471.3
15610,17857.7
15611,2860.1792
15612,2141.2112
15613,9415.044
15614,4041.4702
15615,6323.3887
15616,3111.7253
15617,4375.5415
15618,6074.8438
15619,5530.185
15620,5739.0757
15621,3230.6978
15622,7995.5073
15623,3000.5657
15624,4596.152
15625,4193.986
15626,4987.9526
15627,4628.5947
15628,6556.204
15629,6022.688
15630,5949.178
15631,4320.8467
15632,3464.2344
15633,3182.8289
15634,2924.394
15635,4243.2163
15636,6485.1465
15637,3892.7092
15638,3473.2349
15639,3323.611
15640,3845.9187
15641,3568.901
15642,4657.804
15643,5183.9053
15644,2275.4163
15645,4091.244
15646,7151.3037
15647,3046.4673
15648,5723.386
15649,5450.5063
15650,2923.2268
15651,1910.6514
15652,8478.69
15653,6106.4824
15654,4598.3315
15655,9410.636
15656,5692.098
15657,3767.0432
15658,4576.71
15659,2999.9246
15660,3729.5425
15661,3147.5251
15662,2638.3948
15663,4171.956
15664,5519.672
15665,8913.668
15666,6844.237
15667,3110.2769
15668,4402.533
15669,3323.6936
15670,4140.165
15671,4134.5806
15672,8015.0693
15673,3602.3425
15674,4884.613
15675,3335.468
15676,4124.528
15677,4403.793
15678,6204.4424
15679,6988.84
15680,3707.4543
15681,7342.9443
15682,7469.8716
15683,8329.656
15684,3998.9412
15685,4919.035
15686,6890.6455
15687,6767.779
15688,10984.64
15689,1994.3678
15690,6568.485
15691,4708.0435
15692,8201.973
15693,5159.014
15694,6328.288
15695,5028.472
15696,4933.9834
15697,4858.572
15698,4516.4966
15699,3465.2524
15700,5136.501
15701,6107.793
15702,12554.521
15703,7975.613
15704,7691.6816
15705,8117.438
15706,7259.337
15707,4242.5244
15708,3038.5085
15709,4899.9146
15710,4916.01
15711,8875.695
15712,2984.9543
15713,3366.2605
15714,5831.5654
15715,3321.8423
15716,5040.1895
15717,3140.0784
15718,2978.7458
15719,4632.734
15720,2379.5818
15721,5500.3623
15722,5563.4907
15723,5380.1543
15724,6908.954
15725,8529.604
15726,5725.3735
15727,6731.7837
15728,4811.011
15729,5657.391
15730,2958.858
15731,3044.8198
15732,4611.333
15733,8310.39
15734,2926.2764
15735,7022.2695
15736,3963.361
15737,4187.266
15738,4853.7314
15739,5729.908
15740,4516.837
15741,5166.1055
15742,7811.088
15743,5978.257
15744,2372.302
15745,5007.617
15746,2806.0488
15747,5214.897
15748,7416.6196
15749,5111.7446
15750,5602.937
15751,2488.3918
15752,3816.255
15753,4059.3591
15754,6924.748
15755,5401.138
15756,3554.2642
15757,2843.625
15758,5070.206
15759,5027.0625
15760,4995.066
15761,5082.5874
15762,7704.8545
15763,5472.9966
15764,5344.83
15765,4651.6685
15766,5070.4575
15767,4201.502
15768,4961.6733
15769,5301.625
15770,9072.578
15771,7076.76
15772,4482.4785
15773,2383.2534
15774,4681.5366
15775,6146.4937
15776,5655.0767
15777,3234.355
15778,5838.511
15779,2876.3318
15780,7325.938
15781,2823.58
15782,4703.7524
15783,7077.2593
15784,4839.58
15785,7782.3164
15786,6229.4067
15787,4207.3613
15788,3962.8772
15789,5473.341
15790,4179.907
15791,3037.9492
15792,6555.91
15793,7974.1294
15794,3324.7876
15795,4093.0513
15796,3647.8193
15797,5026.645
15798,3467.7559
15799,4558.724
15800,4187.358
15801,7216.872
15802,6634.308
15803,6805.8164
15804,3666.0396
15805,2804.1729
15806,6402.737
15807,5272.7075
15808,3091.342
15809,4425.0327
15810,6275.309
15811,2697.4224
15812,7459.121
15813,5295.51
15814,5276.1187
15815,3730.4463
15816,3413.2124
15817,8248.832
15818,5617.0796
15819,7298.1943
15820,4873.4434
15821,4930.7373
15822,3826.6987
15823,2738.6646
15824,6040.154
15825,6223.3135
15826,5091.234
15827,3202.5742
15828,4075.9353
15829,3557.2458
15830,4403.8687
15831,4489.2095
15832,3046.4497
15833,5937.211
15834,3248.9358
15835,4041.7786
15836,7083.648
15837,6677.8857
15838,5247.8657
15839,3369.438
15840,2619.8525
15841,7127.198
15842,19378.168
15843,2376.35
15844,5864.8843
15845,4759.424
15846,3291.7417
15847,5035.1436
15848,6321.6216
15849,2876.3481
15850,6786.68
15851,4607.8066
15852,2570.0198
15853,8983.227
15854,2933.1213
15855,3590.39
15856,6181.511
15857,4802.46
15858,7037.5576
15859,3170.779
15860,4400.971
15861,5077.5576
15862,6546.1187
15863,10497.107
15864,8761.852
15865,4064.4272
15866,2998.3567
15867,5198.0317
15868,3949.9622
15869,2848.6318
15870,3594.804
15871,3226.047
15872,5028.4194
15873,4838.0337
15874,4715.347
15875,3592.0754
15876,3981.1362
15877,6459.8345
15878,5409.197
15879,2829.545
15880,2906.6987
15881,5620.676
15882,8882.326
15883,4215.6533
15884,5914.5454
15885,2254.8982
15886,6208.6514
15887,3848.7812
15888,2949.6067
15889,3989.0354
15890,3051.904
15891,3689.1267
15892,6139.474
15893,3708.7454
15894,5598.6523
15895,6118.44
15896,4623.2603
15897,5445.632
15898,5548.779
15899,6335.3
15900,5301.2812
15901,2692.9727
15902,7630.9434
15903,3238.1152
15904,4099.5454
15905,4758.788
15906,7788.8955
15907,6962.4653
15908,3722.4978
15909,3028.5823
15910,3840.1265
15911,5445.715
15912,4161.606
15913,6991.7603
15914,3080.8757
15915,3015.856
15916,6052.7095
15917,5332.934
15918,2455.467
15919,5772.9893
15920,7789.1187
15921,2597.9531
15922,4781.37
15923,7012.19
15924,7030.9688
15925,4012.399
15926,4175.4277
15927,3594.636
15928,7072.738
15929,4299.6763
15930,2932.6455
15931,11239.655
15932,7702.9736
15933,7507.6787
15934,4926.6704
15935,1697.9717
15936,6649.944
15937,3782.0652
15938,7709.368
15939,5084.925
15940,4062.4622
15941,6615.623
15942,3897.1975
15943,5716.2446
15944,4674.714
15945,3384.9858
15946,6518.0195
15947,10400.55
15948,5232.351
15949,3292.3071
15950,5641.796
15951,2367.4678
15952,2209.424
15953,4648.4346
15954,3349.4563
15955,4063.6675
15956,4300.845
15957,5163.2725
15958,3844.646
15959,4421.4717
15960,3742.8115
15961,5912.4526
15962,5265.9424
15963,5560.1274
15964,4821.196
15965,3844.7742
15966,5598.161
15967,6894.7085
15968,5721.4375
15969,6242.177
15970,4023.1035
15971,3069.4785
15972,5645.5747
15973,6447.548
15974,3951.2173
15975,3264.479
15976,18648.014
15977,3879.2642
15978,5382.7617
15979,3413.89
15980,5549.393
15981,7398.257
15982,6665.216
15983,6042.3496
15984,6897.813
15985,4036.4153
15986,5842.606
15987,5298.324
15988,2074.2886
15989,4348.5293
15990,3013.38
15991,3162.9514
15992,6994.155
15993,13512.649
15994,4220.3887
15995,2327.0308
15996,3979.902
15997,4468.0327
15998,3694.353
15999,1440.5809
16000,3251.1804
16001,5302.197
16002,4005.6455
16003,5750.5938
16004,12947.481
16005,4766.079
16006,2839.7659
16007,3451.2944
16008,4541.987
16009,4491.4194
16010,5816.283
16011,4583.6826
16012,3564.5627
16013,3062.111
16014,4502.6885
16015,3042.1748
16016,6015.626
16017,2090.9023
16018,4985.446
16019,3793.443
16020,5162.3613
16021,4567.1504
16022,4341.819
16023,3440.7092
16024,2766.933
16025,5466.5166
16026,5951.9536
16027,3222.9158
16028,4871.417
16029,3852.6604
16030,5036.58
16031,2494.172
16032,5845.2534
16033,5630.458
16034,5359.032
16035,4291.858
16036,3193.9612
16037,3922.8774
16038,4564.45
16039,6399.434
16040,4972.67
16041,5116.55
16042,6636.9097
16043,5411.6274
16044,2872.0571
16045,4431.521
16046,2738.8918
16047,4070.8062
16048,5433.802
16049,7385.038
16050,6594.0337
16051,4593.1675
16052,2099.246
16053,1883.0701
16054,4727.9487
16055,15558.233
16056,2587.78
16057,4375.934
16058,3825.892
16059,5825.8833
16060,4032.7898
16061,6781.2515
16062,5714.1187
16063,4492.7393
16064,4445.8403
16065,6156.8613
16066,3788.6985
16067,4670.0923
16068,4591.082
16069,2779.0574
16070,4860.5557
16071,4515.101
16072,3905.5896
16073,4858.1133
16074,2735.3953
16075,2903.4229
16076,6394.01
16077,6670.0493
16078,2386.8818
16079,5307.6567
16080,5600.26
16081,4788.8193
16082,3889.5728
16083,3282.4817
16084,3359.7769
16085,3539.6606
16086,4696.991
16087,2254.9165
16088,4418.6426
16089,3267.8628
16090,5340.31
16091,3778.8555
16092,3359.0557
16093,5711.6284
16094,7422.5005
16095,4552.0063
16096,5624.1616
16097,4519.6816
16098,5119.2056
16099,5101.7344
16100,5722.715
16101,3439.6558
16102,3313.781
16103,4033.9287
16104,2956.5173
16105,7719.993
16106,5494.856
16107,5609.921
16108,6129.0825
16109,6403.659
16110,2556.488
16111,5714.484
16112,5265.405
16113,5043.522
16114,5903.504
16115,8048.009
16116,5423.57
16117,3994.4998
16118,3835.6965
16119,3990.181
16120,3558.505
16121,6490.2085
16122,3062.0205
16123,5276.481
16124,5823.4443
16125,4747.63
16126,7734.1216
16127,3482.7637
16128,5671.2334
16129,2471.3782
16130,4926.2056
16131,4366.602
16132,1982.3179
16133,5253.7656
16134,4493.5107
16135,6000.045
16136,6516.6274
16137,2997.53
16138,5831.12
16139,5234.662
16140,7824.144
16141,2392.5247
16142,1964.0593
16143,4811.383
16144,9156.599
16145,3444.9624
16146,7324.68
16147,4903.744
16148,2983.0781
16149,4182.6753
16150,2544.2698
16151,6057.867
16152,5355.2354
16153,5970.9795
16154,6218.9404
16155,5887.2866
16156,3540.8494
16157,5192.2886
16158,2324.5667
16159,2258.565
16160,5923.4546
16161,5656.906
16162,4755.0903
16163,4929.585
16164,2920.612
16165,4600.6655
16166,4907.8013
16167,5615.028
16168,6108.1074
16169,2451.435
16170,3553.7148
16171,2787.7922
16172,4194.3257
16173,3509.9534
16174,3017.9397
16175,3732.0767
16176,2933.8894
16177,4133.91
16178,4168.722
16179,5464.181
16180,4276.753
16181,6174.4985
16182,4069.3193
16183,2035.6614
16184,6766.443
16185,4784.8374
16186,4887.4233
16187,2573.5076
16188,6186.7017
16189,4420.0503
16190,5129.4307
16191,7798.567
16192,7095.556
16193,5639.079
16194,5240.3076
16195,4782.5605
16196,7211.753
16197,8189.192
16198,3014.1877
16199,4604.933
16200,4985.256
16201,5427.363
16202,5776.2666
16203,6641.7163
16204,3481.279
16205,4725.586
16206,3007.237
16207,5632.2627
16208,3468.3247
16209,3090.1746
16210,6378.051
16211,2807.1533
16212,5288.4023
16213,5883.7217
16214,4771.925
16215,5727.739
16216,4013.8652
16217,4679.9697
16218,5419.9907
16219,4514.9805
16220,8333.24
16221,4628.5376
16222,6364.851
16223,5245.864
16224,2839.029
16225,7716.342
16226,2928.9717
16227,7396.3027
16228,4401.353
16229,4654.145
16230,6274.6987
16231,3869.8652
16232,3650.0889
16233,5592.221
16234,2490.9036
16235,2622.432
16236,6164.583
16237,5766.8584
16238,5941.1655
16239,5202.0693
16240,4563.7056
16241,4029.748
16242,4873.1973
16243,2864.1072
16244,9833.568
16245,4976.177
16246,7208.823
16247,4270.0635
16248,2736.2983
16249,11372.232
16250,4834.5557
16251,3255.51
16252,7452.7637
16253,4146.857
16254,4383.1235
16255,4677.5327
16256,3722.8494
16257,2762.0024
16258,3888.597
16259,4418.8994
16260,3249.8687
16261,6942.6772
16262,4412.657
16263,17085.91
16264,6356.703
16265,4253.441
16266,3898.023
16267,5966.5845
16268,3252.1047
16269,5951.193
16270,4016.914
16271,5886.534
16272,5769.763
16273,4249.2515
16274,3597.6926
16275,6043.5654
16276,5567.632
16277,4645.004
16278,6352.145
16279,4942.2876
16280,3079.1628
16281,4718.9736
16282,7249.3667
16283,8850.276
16284,6436.0273
16285,7258.541
16286,3718.9236
16287,5799.5806
16288,2562.3887
16289,7016.88
16290,8833.274
16291,9223.169
16292,5270.118
16293,3289.1145
16294,4208.734
16295,5836.245
16296,8913.404
16297,5421.589
16298,4946.386
16299,4362.5474
16300,5788.3066
16301,2955.2542
16302,7187.1626
16303,4233.4287
16304,5675.568
16305,6982.1035
16306,3778.0374
16307,8415.807
16308,4710.532
16309,4183.697
16310,4120.1826
16311,6404.0806
16312,9560.963
16313,5619.1055
16314,6208.231
16315,5950.9546
16316,8968.348
16317,6396.602
16318,5507.066
16319,3157.5852
16320,3313.8567
16321,4893.1606
16322,5842.004
16323,7798.998
16324,7608.7983
16325,3704.2974
16326,6468.9727
16327,5713.4536
16328,5418.621
16329,3219.3113
16330,8706.346
16331,3366.6619
16332,5204.64
16333,5467.3403
16334,5443.072
16335,5302.9453
16336,3990.8738
16337,5940.984
16338,4983.107
16339,5340.865
16340,7416.9873
16341,6818.6294
16342,5879.2505
16343,3527.2732
16344,5503.296
16345,9871.278
16346,5066.967
16347,3403.1726
16348,6647.8955
16349,4209.284
16350,6768.1597
16351,8545.369
16352,3091.112
16353,6991.1333
16354,5042.4688
16355,6107.7173
16356,4919.875
16357,3231.4375
16358,5605.177
16359,4807.502
16360,6974.243
16361,5069.6113
16362,4530.2393
16363,5072.4116
16364,5969.9775
16365,5883.273
16366,4699.8994
16367,7473.421
16368,4373.6265
16369,5442.1943
16370,5694.0093
16371,3231.8906
16372,5399.6753
16373,5584.9766
16374,6377.6006
16375,7679.572
16376,7669.6533
16377,5128.9414
16378,7358.0527
16379,4173.365
16380,3806.3948
16381,7753.68
16382,6063.3413
16383,6771.5303
16384,7933.119
16385,7188.664
16386,5485.7124
16387,5585.52
16388,7265.911
16389,3985.464
16390,3038.8506
16391,4805.5576
16392,4630.5024
16393,6571.875
16394,3540.4678
16395,5190.763
16396,6835.3647
16397,4227.6655
16398,6002.0713
16399,3566.7974
16400,6176.089
16401,6539.9717
16402,3950.8064
16403,5216.987
16404,3466.3005
16405,6614.8975
16406,3548.0005
16407,4184.5547
16408,4366.3315
16409,7407.761
16410,5686.6333
16411,5746.136
16412,10180.365
16413,4100.7817
16414,5293.9897
16415,9286.459
16416,5864.258
16417,7009.495
16418,5374.133
16419,5255.2495
16420,5977.7095
16421,4562.1387
16422,5847.144
16423,6189.01
16424,4274.8115
16425,2888.7341
16426,3596.1553
16427,7834.9575
16428,8653.527
16429,5571.499
16430,6141.3423
16431,4744.5107
16432,3225.3086
16433,2356.4033
16434,3450.31
16435,5506.0103
16436,6487.72
16437,4972.6606
16438,4701.7695
16439,7457.905
16440,7278.66
16441,6736.4663
16442,5459.685
16443,6146.517
16444,8000.435
16445,3668.4185
16446,5505.2593
16447,5136.055
16448,6483.909
16449,3526.4019
16450,4943.872
16451,4848.165
16452,6851.474
16453,6161.4966
16454,7560.0845
16455,7265.731
16456,5611.1465
16457,6940.0024
16458,14861.336
16459,9257.559
16460,5223.146
16461,3084.3518
16462,6147.2734
16463,7623.225
16464,3075.2556
16465,11952.32
16466,13765.588
16467,4919.608
16468,2682.7605
16469,7355.1763
16470,3861.502
16471,7531.016
16472,3456.8564
16473,5443.3574
16474,4117.7036
16475,7111.709
16476,6702.6196
16477,4989.2993
16478,7501.2437
16479,6207.248
16480,6087.3784
16481,6375.2837
16482,5913.2256
16483,4485.045
16484,8231.486
16485,4794.3813
16486,5576.704
16487,4429.264
16488,3485.5159
16489,3920.8499
16490,5116.408
16491,4375.8716
16492,6730.9814
16493,6181.5405
16494,5502.398
16495,4518.6343
16496,4229.372
16497,4014.7612
16498,4518.3496
16499,5190.847
16500,3809.2097
16501,4535.3066
16502,6168.6
16503,6376.001
16504,6226.704
16505,5698.9106
16506,3317.5513
16507,3315.093
16508,8353.772
16509,5086.5645
16510,5972.056
16511,12077.776
16512,7027.4893
16513,5149.2944
16514,4696.516
16515,3041.2983
16516,4101.7085
16517,3849.8096
16518,3917.1338
16519,6533.419
16520,5644.7456
16521,10406.066
16522,9324.686
16523,5671.179
16524,5500.0107
16525,3880.3708
16526,5278.9077
16527,4821.7983
16528,11637.8
16529,6414.8833
16530,6608.099
16531,3843.1572
16532,5258.97
16533,5465.985
16534,5431.672
16535,5969.6074
16536,4499.0264
16537,6856.743
16538,5496.5757
16539,7772.0127
16540,6201.9453
16541,6148.7275
16542,7011.454
16543,7029.42
16544,9321.058
16545,3541.1365
16546,5268.56
16547,5320.851
16548,8152.299
16549,6440.713
16550,6633.239
16551,7460.8784
16552,8790.738
16553,4953.965
16554,6428.297
16555,5040.6895
16556,3980.5664
16557,11243.076
16558,13759.169
16559,6508.7505
16560,7146.3125
16561,7305.563
16562,7040.122
16563,6943.9688
16564,3418.625
16565,4751.939
16566,5609.3057
16567,7412.009
16568,3097.8694
16569,4443.9834
16570,5204.943
16571,3990.5046
16572,4885.4053
16573,3617.8604
16574,3300.2188
16575,5812.8613
16576,2946.1492
16577,4344.5986
16578,5181.977
16579,5348.7773
16580,7968.678
16581,8725.066
16582,6082.0566
16583,6426.654
16584,6132.345
16585,7807.535
16586,6225.035
16587,3438.9832
16588,4605.4473
16589,8033.491
16590,3964.3972
16591,6449.43
16592,3638.988
16593,4446.82
16594,6570.139
16595,6376.652
16596,5514.204
16597,7661.925
16598,8493.389
16599,6314.4683
16600,4202.404
16601,8624.713
16602,2742.4229
16603,4505.103
16604,5754.451
16605,4401.6133
16606,6004.161
16607,3026.3008
16608,4901.2144
16609,5903.7407
16610,8443.892
16611,9293.432
16612,3945.5789
16613,3877.126
16614,8645.698
16615,6759.824
16616,5823.783
16617,4984.7373
16618,5982.33
16619,6735.663
16620,5233.1694
16621,4639.491
16622,6952.637
16623,5844.4062
16624,9801.395
16625,6647.084
16626,10764.526
16627,5889.331
16628,5081.9814
16629,2799.2827
16630,5554.731
16631,5599.635
16632,5315.4336
16633,4830.0474
16634,5378.066
16635,3013.811
16636,7021.312
16637,3840.4893
16638,7677.345
16639,6604.621
16640,5532.9185
16641,6856.2266
16642,5207.461
16643,5594.2163
16644,6272.245
16645,5174.3364
16646,5419.9907
16647,4331.279
16648,7932.3623
16649,6388.901
16650,3746.012
16651,4443.3857
16652,5922.398
16653,5672.088
16654,3993.8481
16655,5671.996
16656,4531.955
16657,5636.8525
16658,6141.811
16659,7308.706
16660,4688.6294
16661,4371.758
16662,6256.1904
16663,5152.8027
16664,3513.8228
16665,4871.733
16666,7639.7046
16667,5804.966
16668,9677.072
16669,7929.9873
16670,7629.539
16671,4352.5713
16672,4496.341
16673,8914.102
16674,7315.6665
16675,6621.8667
16676,5261.6343
16677,6248.5806
16678,4334.4155
16679,2958.5671
16680,9959.046
16681,5826.0776
16682,5494.9243
16683,4120.387
16684,3464.0493
16685,7919.209
16686,6005.0605
16687,4994.0083
16688,4012.0085
16689,5599.1973
16690,4599.2876
16691,4651.1846
16692,6241.814
16693,5275.2026
16694,4369.6396
16695,3710.9502
16696,2823.3242
16697,6027.717
16698,15045.437
16699,4420.371
16700,5433.9155
16701,5765.104
16702,3500.5037
16703,4372.1206
16704,5733.615
16705,3517.7031
16706,9054.753
16707,6608.553
16708,2873.9797
16709,7168.78
16710,3374.1018
16711,4079.6072
16712,6930.2256
16713,6880.039
16714,8666.983
16715,3920.0344
16716,5054.763
16717,4158.9233
16718,5574.6675
16719,12448.049
16720,9155.385
16721,5673.262
16722,3685.43
16723,5260.8115
16724,4481.2046
16725,3003.7046
16726,6401.8574
16727,4119.263
16728,6462.1763
16729,6516.1177
16730,4882.5073
16731,4116.9688
16732,4871.0547
16733,6795.561
16734,6099.9795
16735,3076.1797
16736,5014.754
16737,6428.015
16738,7635.5957
16739,5770.072
16740,6766.7524
16741,2658.685
16742,8644.651
16743,4597.998
16744,3861.977
16745,4561.7383
16746,4927.982
16747,4321.1104
16748,6809.2383
16749,4894.323
16750,6633.353
16751,5566.6704
16752,4982.28
16753,6174.7344
16754,4928.748
16755,7649.263
16756,5450.324
16757,3278.5325
16758,8578.041
16759,3962.5105
16760,4070.8606
16761,5983.8364
16762,6891.7036
16763,8248.541
16764,3706.51
16765,4636.699
16766,5765.258
16767,5788.257
16768,5557.5825
16769,6963.136
16770,3116.1873
16771,5527.406
16772,5579.317
16773,4677.015
16774,3867.7136
16775,6650.889
16776,6496.854
16777,3797.5925
16778,5630.2
16779,7073.001
16780,8113.8
16781,4302.15
16782,4338.887
16783,4754.342
16784,6643.788
16785,4802.3364
16786,3119.7148
16787,7873.6055
16788,6760.6045
16789,6530.0796
16790,4747.5303
16791,3184.6238
16792,6280.7285
16793,4017.1287
16794,8387.928
16795,5163.957
16796,4521.92
16797,7562.6377
16798,4604.4365
16799,5340.509
16800,8075.8833
16801,3905.452
16802,6742.509
16803,9097.256
16804,5905.757
16805,3628.2148
16806,5072.91
16807,2953.3362
16808,2566.7131
16809,5034.5576
16810,5870.6714
16811,5523.901
16812,4026.9583
16813,5702.4883
16814,4260.3643
16815,8957.0205
16816,4606.6333
16817,5612.11
16818,5355.271
16819,5388.248
16820,5645.2197
16821,5110.1113
16822,6498.7197
16823,7922.979
16824,6913.43
16825,6895.912
16826,5581.925
16827,3203.2678
16828,4814.284
16829,8977.95
16830,6298.744
16831,4334.246
16832,14761.5205
16833,4248.672
16834,5351.0073
16835,4282.995
16836,7159.268
16837,8267.831
16838,6518.362
16839,6863.332
16840,7534.817
16841,6418.7393
16842,6517.889
16843,5014.132
16844,2746.8167
16845,4755.448
16846,3154.3125
16847,3466.393
16848,7231.687
16849,16785.666
16850,5349.91
16851,3548.4236
16852,4860.3843
16853,4142.2075
16854,5779.0825
16855,2539.364
16856,5807.9067
16857,6030.0054
16858,4537.293
16859,7867.742
16860,11079.1455
16861,5285.6743
16862,4362.102
16863,3733.8499
16864,4872.8438
16865,4705.072
16866,7364.8286
16867,4337.054
16868,4249.3975
16869,5005.631
16870,5105.064
16871,5640.7305
16872,6075.2437
16873,3036.7236
16874,6720.8516
16875,4413.8403
16876,5823.8164
16877,4017.531
16878,4002.7844
16879,5318.4155
16880,4207.1567
16881,6940.532
16882,5030.07
16883,3660.5044
16884,5329.8066
16885,5829.669
16886,4697.2466
16887,5279.7886
16888,5562.8857
16889,5851.663
16890,5999.038
16891,5945.621
16892,3547.9802
16893,3978.065
16894,7228.77
16895,5626.3296
16896,4590.548
16897,5096.6665
16898,10773.175
16899,6884.7983
16900,4248.6436
16901,3952.993
16902,4589.9307
16903,6009.0713
16904,5222.897
16905,7729.8667
16906,5873.539
16907,5092.9775
16908,3874.1646
16909,2576.9238
16910,4921.823
16911,13620.185
16912,2805.6057
16913,4744.149
16914,6092.6704
16915,6356.157
16916,5124.037
16917,7465.0854
16918,5482.1763
16919,6156.3623
16920,4092.6023
16921,5367.156
16922,3926.2654
16923,4847.0596
16924,6967.0293
16925,4402.336
16926,6360.7607
16927,5941.239
16928,3617.4014
16929,6415.9663
16930,5592.109
16931,3165.6562
16932,6924.92
16933,6090.8574
16934,4464.241
16935,8728.079
16936,6304.869
16937,7000.4814
16938,3760.853
16939,3828.8713
16940,4384.516
16941,3280.7505
16942,5948.6445
16943,2876.912
16944,5238.004
16945,3309.7717
16946,5955.253
16947,4103.505
16948,4635.7974
16949,5161.1997
16950,6788.221
16951,4497.5205
16952,6699.3276
16953,5094.5376
16954,5841.157
16955,6463.397
16956,6763.0166
16957,3544.1104
16958,5126.775
16959,5227.891
16960,4676.19
16961,9377.404
16962,5656.215
16963,6570.3896
16964,7337.2734
16965,6842.377
16966,2832.7483
16967,7854.546
16968,6119.263
16969,5800.637
16970,6312.9326
16971,8176.244
16972,7627.109
16973,4693.8154
16974,4328.9736
16975,4143.5156
16976,5437.0366
16977,5724.1777
16978,3620.7466
16979,5337.056
16980,6680.9565
16981,4927.159
16982,7321.628
16983,4732.5376
16984,6514.1167
16985,2956.7783
16986,4402.848
16987,5061.6045
16988,3855.1492
16989,5557.0684
16990,6819.176
16991,6197.1616
16992,5355.6235
16993,3332.9297
16994,6050.6196
16995,5766.446
16996,6398.1035
16997,3394.807
16998,2582.1116
16999,5177.2886
17000,6832.1313
17001,3680.571
17002,6869.3115
17003,6127.592
17004,5627.21
17005,4362.6055
17006,2661.2214
17007,5587.7793
17008,6146.64
17009,5595.78
17010,6951.8945
17011,6634.125
17012,3717.0261
17013,6120.1562
17014,2758.6
17015,2329.7644
17016,6131.6846
17017,9898.524
17018,5443.243
17019,4828.6104
17020,3403.9746
17021,4680.139
17022,8890.641
17023,5222.593
17024,6626.245
17025,4381.9155
17026,4232.726
17027,3103.1401
17028,4118.053
17029,3589.9685
17030,3343.7002
17031,5110.2285
17032,3306.2656
17033,7210.9893
17034,5028.079
17035,5053.4663
17036,4122.0537
17037,7196.1416
17038,4847.138
17039,3919.3203
17040,7802.056
17041,5978.822
17042,5896.3457
17043,2692.3484
17044,7472.116
17045,5717.499
17046,4947.217
17047,8041.9854
17048,8265.063
17049,6407.2334
17050,6071.1484
17051,5020.502
17052,7368.433
17053,11306.024
17054,3461.3506
17055,4067.0374
17056,5089.4033
17057,6090.8516
17058,5897.5156
17059,8659.712
17060,6206.845
17061,6124.9976
17062,3146.6665
17063,5275.213
17064,5642.2856
17065,3245.135
17066,6375.0464
17067,3200.5188
17068,6098.3394
17069,5971.5947
17070,5451.692
17071,5627.8057
17072,4142.006
17073,4500.0522
17074,6324.1484
17075,5491.047
17076,7482.1577
17077,5290.461
17078,7196.368
17079,5260.1943
17080,3580.6965
17081,8081.8315
17082,2977.7642
17083,7241.198
17084,5931.3696
17085,4549.3755
17086,6014.4443
17087,4156.96
17088,4694.469
17089,6269.9185
17090,3132.7507
17091,2845.0496
17092,5821.1787
17093,5264.5464
17094,8453.594
17095,5230.046
17096,4957.3257
17097,4882.1255
17098,5669.07
17099,3221.7815
17100,9391.815
17101,6103.157
17102,11613.794
17103,5331.037
17104,4980.7354
17105,8392.425
17106,6598.2803
17107,3546.2612
17108,8677.355
17109,6120.763
17110,4605.056
17111,4784.7734
17112,4243.767
17113,3575.887
17114,4154.899
17115,4288.7764
17116,3390.1953
17117,7965.7295
17118,5412.0405
17119,16771.104
17120,6093.589
17121,4207.7627
17122,5902.282
17123,8519.425
17124,4676.19
17125,6274.459
17126,4885.489
17127,6749.3486
17128,6604.81
17129,3984.0842
17130,4693.7705
17131,6313.818
17132,6794.556
17133,5968.5083
17134,6896.221
17135,4556.507
17136,3960.6135
17137,4761.113
17138,8770.772
17139,9462.045
17140,7518.822
17141,6957.6523
17142,3772.585
17143,5695.509
17144,3596.145
17145,8126.1064
17146,8796.35
17147,8691.603
17148,5109.049
17149,3819.4634
17150,3945.6128
17151,5407.4478
17152,8888.31
17153,5774.592
17154,4763.2524
17155,4186.4473
17156,6239.641
17157,3672.946
17158,6944.432
17159,4011.7253
17160,6012.7007
17161,6384.996
17162,5231.298
17163,7247.7144
17164,5599.635
17165,4498.7173
17166,5221.726
17167,6050.8735
17168,9768.591
17169,5568.646
17170,7044.6426
17171,6318.4507
17172,8511.814
17173,6267.347
17174,7638.269
17175,3937.7205
17176,4459.9165
17177,5542.2886
17178,6136.6343
17179,8148.956
17180,7161.6313
17181,4621.6685
17182,6364.3896
17183,5682.6265
17184,8080.09
17185,4046.2227
17186,10808.796
17187,4026.7625
17188,5659.701
17189,6397.8594
17190,5214.315
17191,4904.249
17192,5993.084
17193,6549.1226
17194,5211.5654
17195,4962.6245
17196,7228.37
17197,6402.798
17198,5781.6963
17199,4323.3037
17200,6704.1157
17201,9592.191
17202,5992.8784
17203,4768.3574
17204,6585.435
17205,5408.82
17206,6155.6343
17207,7009.3276
17208,4059.7192
17209,6643.3823
17210,5979.928
17211,6070.627
17212,6700.8296
17213,4443.538
17214,5454.4536
17215,4696.9463
17216,6619.2964
17217,6365.319
17218,4420.3037
17219,5014.333
17220,5655.255
17221,5562.647
17222,5329.832
17223,7691.088
17224,5751.3125
17225,6293.6094
17226,5402.8027
17227,4444.161
17228,5375.553
17229,7573.1475
17230,6665.845
17231,7407.867
17232,7595.7466
17233,5261.4736
17234,7904.9233
17235,5459.06
17236,5979.278
17237,8225.185
17238,5816.333
17239,8317.192
17240,7873.703
17241,7157.855
17242,5921.138
17243,6860.505
17244,6858.7056
17245,5100.382
17246,3934.4802
17247,5051.3022
17248,6599.168
17249,6039.065
17250,4491.4365
17251,6696.651
17252,6101.772
17253,5637.568
17254,6006.218
17255,4674.763
17256,7084.3506
17257,6536.4233
17258,5674.761
17259,5003.5063
17260,4919.364
17261,6485.295
17262,3377.7668
17263,5714.7397
17264,4155.862
17265,7304.859
17266,6135.9146
17267,5677.4087
17268,8718.1875
17269,4870.7246
17270,5108.391
17271,9799.067
17272,6009.6387
17273,6635.2573
17274,6858.012
17275,5172.5054
17276,5792.648
17277,4987.3486
17278,6492.041
17279,8335.864
17280,5456.681
17281,2767.0002
17282,4942.349
17283,7613.2266
17284,8007.7334
17285,5242.347
17286,5839.7646
17287,4680.5903
17288,4409.4634
17289,3161.5095
17290,4552.2495
17291,5939.647
17292,6093.536
17293,5960.8164
17294,6063.249
17295,7173.2734
17296,7326.63
17297,6592.405
17298,5197.878
17299,7897.033
17300,8041.633
17301,4904.8247
17302,6100.585
17303,5048.8843
17304,6360.336
17305,3609.7178
17306,5737.74
17307,4722.9727
17308,8178.342
17309,6473.4414
17310,7061.4946
17311,7369.86
17312,5883.475
17313,6671.252
17314,15727.37
17315,9550.946
17316,5611.0767
17317,2881.8499
17318,5860.1196
17319,8017.34
17320,5262.2617
17321,11669.911
17322,14074.954
17323,4010.7766
17324,4552.5967
17325,7092.6533
17326,5061.595
17327,8370.241
17328,5412.8403
17329,6850.5264
17330,4053.2185
17331,6072.3296
17332,6667.925
17333,6299.429
17334,6928.58
17335,5880.524
17336,5791.256
17337,6179.642
17338,4811.227
17339,5209.3735
17340,7042.3584
17341,4645.3276
17342,5537.58
17343,6061.416
17344,4684.266
17345,4379.563
17346,6214.9556
17347,5572.812
17348,7055.8794
17349,6506.826
17350,5750.3745
17351,5588.462
17352,4013.4517
17353,6100.172
17354,5776.25
17355,4974.046
17356,4475.7324
17357,5875.338
17358,6188.2656
17359,7134.9453
17360,7529.2563
17361,5790.891
17362,4379.1953
17363,4561.982
17364,8643.885
17365,4907.4873
17366,6555.191
17367,12572.711
17368,6560.5015
17369,5766.011
17370,4529.1416
17371,4149.817
17372,5950.6533
17373,4065.5208
17374,5405.746
17375,7860.017
17376,5528.181
17377,11268.304
17378,10071.014
17379,5038.733
17380,6755.873
17381,4559.524
17382,6592.782
17383,5218.375
17384,11008.279
17385,6567.276
17386,7286.426
17387,4231.991
17388,6528.28
17389,5194.404
17390,7616.8584
17391,5847.434
17392,5617.5835
17393,6242.659
17394,5397.9194
17395,7578.8413
17396,7603.241
17397,5693.9824
17398,8292.97
17399,6679.2744
17400,8432.776
17401,4389.8896
17402,4858.8965
17403,5429.5376
17404,7983.9087
17405,6433.155
17406,6629.292
17407,6569.5
17408,8212.571
17409,4735.2153
17410,6776.357
17411,6125.798
17412,4093.4185
17413,12130.8125
17414,14659.299
17415,6463.138
17416,6841.698
17417,7216.1357
17418,8849.871
17419,8775.023
17420,5084.7354
17421,6603.21
17422,5541.1206
17423,7577.1143
17424,4199.635
17425,4843.5796
17426,4913.005
17427,4918.585
17428,6364.7725
17429,4244.034
17430,4329.424
17431,5719.2114
17432,3851.411
17433,4188.808
17434,4880.175
17435,5208.8467
17436,7869.6714
17437,8234.7295
17438,7165.2183
17439,6032.6978
17440,6164.295
17441,9130.758
17442,6778.82
17443,4527.112
17444,4308.38
17445,7350.0146
17446,4661.209
17447,6113.8022
17448,3579.8086
17449,4790.3403
17450,6829.343
17451,5559.247
17452,5681.7427
17453,7630.7617
17454,8449.926
17455,7930.3047
17456,5660.2896
17457,8717.514
17458,3525.9478
17459,4621.9326
17460,5690.887
17461,4140.2324
17462,6042.5913
17463,4406.7305
17464,5799.072
17465,7246.456
17466,9077.91
17467,7876.362
17468,5023.328
17469,4586.6045
17470,10761.734
17471,6648.948
17472,6166.1943
17473,5016.9497
17474,5838.9736
17475,7342.8394
17476,4866.011
17477,6096.3037
17478,7050.612
17479,7195.956
17480,11103.37
17481,6168.553
17482,10873.264
17483,5819.1855
17484,5248.712
17485,3254.5225
17486,5756.027
17487,5399.8145
17488,4951.4136
17489,6439.9453
17490,5039.656
17491,3902.7258
17492,6116.2695
17493,4356.11
17494,6907.557
17495,6199.0767
17496,6655.166
17497,6580.4497
17498,5140.7603
17499,6668.535
17500,6233.597
17501,4880.0444
17502,5210.8496
17503,5667.621
17504,8394.61
17505,6201.839
17506,4344.586
17507,5767.106
17508,7615.892
17509,6358.1523
17510,5438.66
17511,7148.6577
17512,5841.7476
17513,5693.673
17514,5762.256
17515,7260.916
17516,5007.608
17517,6176.8726
17518,5858.6387
17519,5057.3
17520,4073.708
17521,4869.0015
17522,7136.504
17523,7958.5684
17524,9386.952
17525,9890.484
17526,7589.3667
17527,5184.8203
17528,5323.8364
17529,10585.511
17530,8637.662
17531,6375.995
17532,7001.9575
17533,7899.2256
17534,5148.8525
17535,3761.6748
17536,9206.575
17537,5283.27
17538,6224.4355
17539,5457.863
17540,3429.561
17541,9596.4375
17542,5731.9526
17543,4718.717
17544,4802.1714
17545,5101.7295
17546,5453.0806
17547,6428.2417
17548,5811.4644
17549,5181.4634
17550,4107.143
17551,3916.648
17552,3621.3994
17553,6650.7305
17554,15355.2295
17555,4857.5664
17556,5206.254
17557,6140.9146
17558,4331.1753
17559,4329.932
17560,5400.015
17561,4085.2969
17562,7015.9097
17563,6799.7817
17564,3710.4404
17565,7145.522
17566,4311.9897
17567,4833.4443
17568,7111.899
17569,7085.1753
17570,9015.225
17571,5374.528
17572,5486.2046
17573,4098.4546
17574,5496.6646
17575,12363.45
17576,7977.941
17577,6256.1187
17578,4202.1353
17579,5065.377
17580,5312.129
17581,4188.6646
17582,8282.922
17583,4470.8936
17584,5339.164
17585,6544.839
17586,4770.0
17587,5356.191
17588,5480.9897
17589,6821.2183
17590,6248.6465
17591,4038.8572
17592,5293.611
17593,6319.361
17594,7599.319
17595,6939.731
17596,6763.1455
17597,3814.5222
17598,7462.231
17599,4856.686
17600,5535.098
17601,5985.292
17602,6314.3237
17603,5608.2515
17604,6818.9937
17605,5863.4297
17606,5928.683
17607,5264.3403
17608,6022.7456
17609,6172.938
17610,4829.6284
17611,7787.5215
17612,5509.236
17613,4865.496
17614,8553.768
17615,4846.8193
17616,3940.9822
17617,6357.752
17618,6790.177
17619,8170.717
17620,4655.499
17621,5910.7046
17622,5613.6196
17623,6068.5605
17624,5632.1177
17625,6619.41
17626,2959.9224
17627,5403.684
17628,5700.2695
17629,5153.4565
17630,4133.189
17631,6620.117
17632,6494.2456
17633,4885.158
17634,6512.874
17635,6689.89
17636,7908.6187
17637,4435.6655
17638,5253.41
17639,5483.327
17640,7018.0713
17641,6360.469
17642,4049.8098
17643,7940.962
17644,6633.1377
17645,6323.075
17646,4493.725
17647,3594.2212
17648,5863.055
17649,5352.9473
17650,8299.553
17651,6122.9995
17652,4972.1675
17653,7491.8555
17654,5443.051
17655,5243.2676
17656,7127.28
17657,4751.5127
17658,7682.81
17659,9166.822
17660,6531.693
17661,4300.394
17662,4880.5146
17663,3980.1375
17664,3021.3994
17665,6849.6055
17666,5392.099
17667,7839.3975
17668,3950.1733
17669,6089.76
17670,5465.599
17671,8798.498
17672,4468.7915
17673,5108.542
17674,5296.616
17675,6950.416
17676,5078.3857
17677,6763.507
17678,7243.7954
17679,7648.884
17680,6293.3213
17681,7055.9937
17682,6062.405
17683,4224.626
17684,5019.171
17685,9104.009
17686,8265.561
17687,6097.5537
17688,15480.704
17689,4858.5767
17690,5118.4243
17691,5035.8354
17692,7178.5645
17693,7909.3506
17694,6562.304
17695,6887.084
17696,7650.1973
17697,6276.8237
17698,6515.981
17699,4958.7163
17700,4610.515
17701,4774.5107
17702,4190.187
17703,4516.751
17704,6987.027
17705,14799.088
17706,6309.038
17707,5430.3457
17708,5642.501
17709,3948.9036
17710,6106.511
17711,3732.511
17712,7908.966
17713,5978.5024
17714,6095.0884
17715,9359.096
17716,11258.785
17717,5897.3076
17718,6436.3403
17719,3784.9778
17720,5253.771
17721,5614.905
17722,7149.121
17723,4420.6997
17724,4101.951
17725,4960.3813
17726,4982.3984
17727,6316.571
17728,5972.1187
17729,3911.6858
17730,6794.3877
17731,5865.796
17732,6370.901
17733,4307.279
17734,4063.3767
17735,6852.4805
17736,4056.2664
17737,8213.73
17738,5077.5527
17739,4415.0107
17740,6252.7183
17741,5604.4546
17742,4356.9785
17743,5639.7837
17744,5451.0264
17745,7825.4053
17746,8259.02
17747,6069.614
17748,4114.1465
17749,5135.036
17750,6798.362
17751,5665.27
17752,4641.3325
17753,6014.02
17754,10505.971
17755,6547.5674
17756,6075.383
17757,5973.7256
17758,4259.893
17759,7835.787
17760,5085.138
17761,9872.615
17762,5738.6597
17763,5006.07
17764,4818.148
17765,3869.7102
17766,6400.972
17767,13734.639
17768,3673.9553
17769,4784.664
17770,8215.102
17771,6241.9033
17772,5655.0605
17773,7070.5796
17774,5392.1045
17775,5236.285
17776,4127.9917
17777,7241.903
17778,4919.655
17779,5818.869
17780,6449.547
17781,4795.6167
17782,6970.3794
17783,5998.414
17784,3563.1245
17785,7554.6567
17786,7440.171
17787,3882.9739
17788,6881.5747
17789,6103.908
17790,4775.8867
17791,8516.272
17792,6175.429
17793,8029.638
17794,4702.3438
17795,4683.2163
17796,6005.6733
17797,3727.099
17798,7103.018
17799,3529.3835
17800,5609.6104
17801,4491.9893
17802,5842.0986
17803,5059.925
17804,6090.445
17805,6389.827
17806,6907.129
17807,5796.0303
17808,6649.5317
17809,5400.8345
17810,6339.8696
17811,7675.0464
17812,7114.0225
17813,3414.7854
17814,5805.8296
17815,6229.9834
17816,4310.7437
17817,9117.635
17818,5431.107
17819,7192.3604
17820,8002.198
17821,7002.505
17822,3773.571
17823,9010.979
17824,8449.386
17825,5732.871
17826,6786.855
17827,7953.4385
17828,6153.0103
17829,5057.8545
17830,6160.1216
17831,5217.0415
17832,5068.0107
17833,6102.843
17834,4876.2427
17835,5330.361
17836,6529.2075
17837,5874.867
17838,7191.8115
17839,5689.6714
17840,5731.8
17841,3462.0903
17842,6650.2866
17843,6067.0093
17844,5345.799
17845,5837.353
17846,6523.6484
17847,7664.2344
17848,5465.6304
17849,4284.54
17850,5907.7007
17851,6411.2314
17852,6621.576
17853,4634.6123
17854,3795.7273
17855,5949.683
17856,6924.081
17857,5258.303
17858,6727.451
17859,6202.874
17860,5715.868
17861,4546.2393
17862,3447.497
17863,5840.489
17864,6308.99
17865,5602.6587
17866,7687.905
17867,6980.0327
17868,4756.5234
17869,7432.376
17870,3414.3132
17871,3154.0356
17872,6155.7046
17873,9370.323
17874,6948.686
17875,6470.4536
17876,4097.141
17877,6388.1943
17878,7923.9917
17879,5225.797
17880,6481.504
17881,5149.545
17882,4441.83
17883,4365.278
17884,5237.584
17885,5142.6387
17886,4265.1094
17887,5243.1123
17888,4117.4087
17889,6967.734
17890,5682.361
17891,4837.24
17892,5514.42
17893,7365.5522
17894,4792.228
17895,4317.9624
17896,7691.014
17897,6765.0684
17898,5777.1484
17899,3518.3071
17900,9124.847
17901,5620.74
17902,4921.579
17903,7555.7305
17904,6883.2817
17905,7562.277
17906,5992.078
17907,6172.3257
17908,8208.343
17909,11511.357
17910,4034.2634
17911,4359.606
17912,5050.493
17913,6361.301
17914,6348.2383
17915,6999.4336
17916,7750.6265
17917,5491.314
17918,4129.764
17919,5152.6504
17920,7796.135
17921,4191.35
17922,6246.644
17923,3571.6494
17924,6270.624
17925,6215.726
17926,6718.442
17927,7527.031
17928,5908.061
17929,4202.66
17930,6006.206
17931,6356.3516
17932,7605.7437
17933,6467.5225
17934,6864.8774
17935,5445.071
17936,4450.5376
17937,8802.645
17938,3860.5737
17939,8538.109
17940,5760.091
17941,4264.5073
17942,5900.4077
17943,5176.8145
17944,5878.69
17945,7149.6055
17946,3323.3638
17947,3765.3367
17948,5960.322
17949,7673.2383
17950,8418.0625
17951,4941.3496
17952,5404.6943
17953,5541.8394
17954,5754.9453
17955,5080.2754
17956,8847.474
17957,7441.484
17958,10555.205
17959,4303.451
17960,5645.979
17961,9608.105
17962,7215.9224
17963,4364.716
17964,8828.895
17965,5832.4775
17966,4627.593
17967,4719.7837
17968,4157.0435
17969,4874.094
17970,5133.1704
17971,4472.9966
17972,4488.6997
17973,8643.323
17974,6493.2114
17975,17171.365
17976,5747.435
17977,3762.066
17978,5587.8115
17979,7914.58
17980,4619.1387
17981,5879.4414
17982,4656.485
17983,6532.9263
17984,6363.4487
17985,3589.8315
17986,4513.8394
17987,5671.06
17988,6367.9907
17989,5723.703
17990,6348.717
17991,4092.5828
17992,3787.7554
17993,4242.1113
17994,8077.0156
17995,8806.793
17996,7415.742
17997,6219.7114
17998,3692.2988
17999,4991.8506
18000,3404.91
18001,7638.5093
18002,7725.1123
18003,8326.773
18004,4715.7695
18005,3636.878
18006,3831.9333
18007,4818.019
18008,8803.635
18009,5153.1074
18010,4293.4546
18011,3857.2644
18012,5952.0615
18013,3512.4922
18014,6050.1235
18015,3635.8374
18016,5703.3696
18017,5879.6206
18018,4859.8696
18019,6345.4233
18020,5300.371
18021,4313.261
18022,4985.9355
18023,5542.4155
18024,8684.145
18025,4917.07
18026,6679.1216
18027,6133.34
18028,7713.5312
18029,5599.523
18030,7119.541
18031,3794.1453
18032,4202.7563
18033,5325.7666
18034,5377.9585
18035,7097.174
18036,6415.0728
18037,4404.1167
18038,5710.615
18039,5427.1973
18040,7531.361
18041,3784.1077
18042,10128.928
18043,3852.403
18044,5383.568
18045,6132.6494
18046,4748.332
18047,4544.2144
18048,5663.6436
18049,5754.3745
18050,4576.0728
18051,4506.762
18052,6343.844
18053,5727.3184
18054,5544.52
18055,4078.3037
18056,6296.99
18057,8499.102
18058,5614.064
18059,4546.972
18060,5729.3726
18061,5118.229
18062,5322.44
18063,6105.201
18064,3843.498
18065,5962.591
18066,5606.171
18067,5465.3906
18068,6210.363
18069,4067.1072
18070,4957.8457
18071,4290.2124
18072,5880.1426
18073,6054.0024
18074,4072.3093
18075,4601.35
18076,5099.438
18077,4927.07
18078,5066.218
18079,7279.729
18080,5478.465
18081,5958.2583
18082,4935.998
18083,4067.6775
18084,4844.7207
18085,7105.7285
18086,6330.546
18087,6423.118
18088,6727.2393
18089,4766.0747
18090,6959.398
18091,5164.2676
18092,5520.988
18093,7225.2476
18094,5260.109
18095,7784.922
18096,6851.0625
18097,6389.669
18098,5163.7896
18099,6421.446
18100,6196.127
18101,4858.716
18102,3745.2117
18103,4910.1143
18104,6143.235
18105,5479.944
18106,4288.539
18107,6330.25
18108,5918.129
18109,5168.826
18110,5323.12
18111,4530.8877
18112,6664.6377
18113,5887.006
18114,5297.925
18115,4576.029
18116,4582.7207
18117,5797.457
18118,3232.4302
18119,5301.453
18120,3782.397
18121,6585.184
18122,5805.8296
18123,5371.9854
18124,7687.1787
18125,4612.015
18126,4440.1567
18127,9488.949
18128,5340.3916
18129,5891.4155
18130,6477.3076
18131,4553.218
18132,5169.975
18133,4640.513
18134,6175.8003
18135,7864.1187
18136,5109.278
18137,2403.2852
18138,4450.9067
18139,6683.4487
18140,7056.3843
18141,4806.1265
18142,5444.7695
18143,4261.868
18144,4501.439
18145,2995.3804
18146,4293.68
18147,5256.172
18148,5321.313
18149,5639.332
18150,5735.836
18151,6386.4824
18152,6693.1836
18153,5883.778
18154,4632.3535
18155,7461.27
18156,7123.6777
18157,4556.6587
18158,5801.2017
18159,4571.4434
18160,5771.156
18161,3227.2507
18162,5431.7183
18163,4325.011
18164,7659.93
18165,5748.104
18166,6546.7183
18167,7126.763
18168,5138.8774
18169,5998.048
18170,15065.036
18171,8665.371
18172,5434.735
18173,2623.9685
18174,5229.7764
18175,7758.9917
18176,4883.919
18177,12413.726
18178,14150.571
18179,3766.515
18180,4084.533
18181,6415.4463
18182,4702.716
18183,8122.1855
18184,5071.1685
18185,6399.5864
18186,4062.4622
18187,5447.824
18188,5825.839
18189,5873.7017
18190,6181.635
18191,5056.851
18192,5138.24
18193,5833.518
18194,4316.249
18195,4921.8984
18196,6340.166
18197,4227.8877
18198,4981.149
18199,5606.813
18200,4419.979
18201,4217.3506
18202,5792.4766
18203,5273.4116
18204,6037.366
18205,5686.606
18206,5606.8286
18207,5147.031
18208,3649.7441
18209,5737.3403
18210,5472.0884
18211,4461.955
18212,4182.44
18213,5603.9683
18214,5413.1143
18215,6703.4634
18216,7087.406
18217,5169.388
18218,4147.7114
18219,4228.045
18220,7697.208
18221,4434.9717
18222,6244.6304
18223,12182.93
18224,5731.5317
18225,5533.024
18226,3938.0923
18227,3916.465
18228,5494.7617
18229,3864.354
18230,4953.596
18231,7372.419
18232,4854.435
18233,11730.718
18234,9776.028
18235,4372.0454
18236,6298.612
18237,4305.381
18238,6151.966
18239,5060.837
18240,9787.336
18241,5795.196
18242,7048.736
18243,4073.5525
18244,6099.404
18245,4535.0474
18246,7134.3125
18247,5151.5396
18248,5284.8574
18249,5494.8247
18250,5515.1826
18251,6890.159
18252,7089.4136
18253,4995.19
18254,7826.697
18255,5866.831
18256,8057.0947
18257,4079.0273
18258,4361.507
18259,4867.9287
18260,7191.462
18261,5754.144
18262,5687.854
18263,5792.565
18264,7193.911
18265,4135.2275
18266,6658.366
18267,5750.1167
18268,3669.2268
18269,11533.336
18270,13843.121
18271,5732.8496
18272,6153.0396
18273,6663.4297
18274,8372.006
18275,8255.05
18276,4841.5747
18277,6246.644
18278,4948.807
18279,6740.342
18280,3945.2363
18281,4681.269
18282,4489.8135
18283,4618.4556
18284,5994.685
18285,4007.4722
18286,4129.185
18287,5001.7505
18288,3630.68
18289,3797.9983
18290,4378.7524
18291,4934.3037
18292,6950.151
18293,7310.6724
18294,6773.578
18295,5305.7383
18296,5505.144
18297,8428.925
18298,6404.4106
18299,4314.261
18300,3963.6257
18301,6653.148
18302,4362.414
18303,5595.5503
18304,3270.9443
18305,4634.0728
18306,6705.427
18307,5119.03
18308,5005.387
18309,6660.4497
18310,7424.497
18311,7546.1445
18312,5251.015
18313,8167.8647
18314,3335.5251
18315,4053.4775
18316,5132.5386
18317,3787.3398
18318,5845.4824
18319,4182.4756
18320,5483.4683
18321,6672.544
18322,8760.874
18323,7025.619
18324,4795.342
18325,4391.3135
18326,10425.776
18327,5899.2373
18328,5971.0366
18329,4362.206
18330,5273.311
18331,7144.854
18332,4319.289
18333,5648.1226
18334,6248.807
18335,6728.3623
18336,10328.624
18337,5504.456
18338,10529.153
18339,5133.1753
18340,4689.492
18341,3148.345
18342,5570.585
18343,4936.8315
18344,4433.7744
18345,5957.207
18346,4491.595
18347,3691.327
18348,5477.1274
18349,4089.6248
18350,6566.806
18351,5398.604
18352,6327.5337
18353,6054.557
18354,4534.714
18355,6245.816
18356,5884.4517
18357,4422.8677
18358,4552.3926
18359,5302.2676
18360,8039.815
18361,5635.0464
18362,4112.8555
18363,5512.3633
18364,7023.522
18365,6085.9736
18366,5065.43
18367,6678.0957
18368,5527.9014
18369,5724.484
18370,5278.067
18371,6470.7744
18372,4892.965
18373,5730.1704
18374,5347.2065
18375,4594.074
18376,3846.6746
18377,4365.2485
18378,6394.211
18379,7376.055
18380,8388.472
18381,9441.41
18382,6624.318
18383,4796.6094
18384,4897.522
18385,9936.37
18386,8107.967
18387,5667.0806
18388,6629.071
18389,7292.899
18390,4894.2065
18391,3559.5608
18392,8748.982
18393,4759.065
18394,5862.887
18395,5097.921
18396,3139.5962
18397,8965.482
18398,5092.9243
18399,4430.963
18400,4503.376
18401,4765.652
18402,5112.247
18403,5905.1543
18404,5265.7915
18405,4691.9893
18406,3717.239
18407,3788.8718
18408,3428.5176
18409,5893.0845
18410,15157.303
18411,4635.859
18412,4572.861
18413,5957.9688
18414,4092.5164
18415,3991.5935
18416,4722.409
18417,3953.6716
18418,6203.9097
18419,5924.127
18420,3509.3037
18421,6328.0464
18422,4116.2817
18423,4577.2817
18424,6263.7793
18425,6376.488
18426,8735.725
18427,5023.098
18428,5300.604
18429,3722.2883
18430,5004.7476
18431,12118.185
18432,7546.6772
18433,5462.873
18434,3975.1213
18435,4398.1636
18436,5032.508
18437,3960.2773
18438,7904.124
18439,4324.9043
18440,4846.57
18441,5827.106
18442,4243.6616
18443,5088.782
18444,5393.087
18445,6114.024
18446,5367.9287
18447,3800.0928
18448,4896.4243
18449,5631.613
18450,6950.025
18451,6621.6836
18452,5984.2646
18453,3580.717
18454,6475.671
18455,4531.549
18456,5135.379
18457,5586.687
18458,5940.1455
18459,5344.58
18460,6009.5244
18461,5491.7383
18462,5445.398
18463,4692.5576
18464,5701.999
18465,5449.0977
18466,4437.0874
18467,6789.84
18468,4881.208
18469,4543.5166
18470,7606.636
18471,4570.3315
18472,3649.8938
18473,6163.4424
18474,5935.5806
18475,7862.491
18476,4384.3364
18477,5520.7246
18478,5311.6274
18479,5870.604
18480,4979.557
18481,5942.2876
18482,2739.178
18483,5013.477
18484,5085.662
18485,4723.8735
18486,3910.824
18487,5958.759
18488,5943.8633
18489,4553.287
18490,6300.222
18491,6113.458
18492,7118.5566
18493,3892.323
18494,4942.283
18495,5238.3486
18496,6144.7173
18497,6035.4604
18498,3862.5002
18499,8025.986
18500,5974.7114
18501,5744.673
18502,4165.391
18503,3359.5876
18504,5296.247
18505,5055.25
18506,7458.125
18507,5435.139
18508,4823.919
18509,6676.8477
18510,5305.809
18511,4743.0405
18512,6708.561
18513,4500.3184
18514,7264.116
18515,7963.0103
18516,6264.9688
18517,4064.908
18518,4448.848
18519,3679.2722
18520,2907.3545
18521,6277.542
18522,4777.65
18523,7348.802
18524,3564.5422
18525,5398.8564
18526,5094.615
18527,8484.718
18528,3882.8923
18529,4605.7676
18530,4901.0225
18531,6584.4365
18532,4476.283
18533,6502.006
18534,6859.955
18535,7310.3027
18536,5547.043
18537,6284.2456
18538,5281.2144
18539,3997.6445
18540,4422.21
18541,8100.3765
18542,7817.2217
18543,5657.224
18544,15820.342
18545,4660.7065
18546,4720.126
18547,4856.366
18548,6429.554
18549,7194.515
18550,5925.5
18551,6092.3564
18552,6625.07
18553,5943.937
18554,5902.997
18555,4485.7207
18556,4244.609
18557,4219.918
18558,3934.2324
18559,4289.181
18560,6357.5825
18561,14093.182
18562,5904.6357
18563,5037.128
18564,5441.4155
18565,3523.2915
18566,5318.4663
18567,3487.518
18568,7503.5405
18569,5256.7886
18570,5685.185
18571,8767.536
18572,11222.517
18573,5722.5293
18574,5969.835
18575,3397.4343
18576,5076.032
18577,5237.0796
18578,6394.9673
18579,4066.219
18580,3599.3953
18581,4855.6533
18582,4581.803
18583,5976.763
18584,5439.288
18585,3635.851
18586,5928.6772
18587,5521.6885
18588,5779.215
18589,3897.6362
18590,3675.2488
18591,6408.3887
18592,3841.1267
18593,7696.8853
18594,4596.0205
18595,3868.961
18596,5937.2563
18597,5006.9536
18598,3913.5334
18599,4996.51
18600,4996.181
18601,7136.136
18602,7546.9434
18603,5371.7905
18604,3917.9224
18605,4843.8984
18606,6348.959
18607,5196.713
18608,4201.097
18609,5685.2935
18610,9780.281
18611,6245.345
18612,5699.8345
18613,5522.758
18614,4055.183
18615,7312.653
18616,4756.669
18617,9394.377
18618,5080.697
18619,4532.8154
18620,4577.347
18621,3527.512
18622,6057.087
18623,12460.426
18624,3504.0251
18625,4185.086
18626,7507.5425
18627,5785.8228
18628,5381.956
18629,6319.2104
18630,4868.6577
18631,4598.3096
18632,3800.6692
18633,6735.573
18634,4624.7905
18635,5508.9785
18636,5759.756
18637,4537.8384
18638,6182.808
18639,5375.886
18640,3219.118
18641,7174.9023
18642,6901.446
18643,3655.5527
18644,6177.055
18645,5344.7637
18646,4170.6235
18647,7622.309
18648,5449.607
18649,7511.5464
18650,4439.4834
18651,4036.862
18652,5664.67
18653,3296.1409
18654,6499.7856
18655,3403.5913
18656,5235.836
18657,4243.856
18658,5164.317
18659,4790.3726
18660,5683.022
18661,5737.6797
18662,5978.6104
18663,5299.0063
18664,6249.242
18665,5180.282
18666,6148.4814
18667,6938.7715
18668,6893.459
18669,3075.1763
18670,5283.0635
18671,5848.89
18672,4104.93
18673,8130.1533
18674,4944.471
18675,6990.4263
18676,7750.9297
18677,6780.883
18678,3552.5557
18679,8342.497
18680,7927.892
18681,5152.5815
18682,6471.5586
18683,7225.661
18684,5415.8564
18685,4905.1616
18686,5680.9355
18687,4904.357
18688,4819.9683
18689,5522.473
18690,4607.385
18691,4873.2344
18692,5925.6924
18693,5564.977
18694,6417.7227
18695,5305.111
18696,5544.8267
18697,3291.858
18698,6331.814
18699,5764.235
18700,4958.7017
18701,5492.294
18702,5828.1675
18703,7247.009
18704,4960.126
18705,4063.5784
18706,5300.442
18707,5643.3623
18708,6065.4644
18709,4321.3784
18710,3497.116
18711,5699.5576
18712,6995.7026
18713,4865.38
18714,6182.4604
18715,5551.7754
18716,5441.5093
18717,4072.1616
18718,3295.1978
18719,5118.937
18720,5553.9736
18721,5213.38
18722,7277.5977
18723,6750.6685
18724,4526.0884
18725,6974.7554
18726,3114.1455
18727,2975.7563
18728,5600.1426
18729,9125.8125
18730,6546.3
18731,5898.7983
18732,3875.924
18733,5822.661
18734,7672.287
18735,4733.802
18736,6039.7217
18737,4864.8
18738,4243.9897
18739,4153.6978
18740,4954.749
18741,4869.605
18742,4067.8445
18743,4604.0767
18744,3921.9458
18745,6497.7837
18746,5479.855
18747,4466.422
18748,5182.9214
18749,6394.8516
18750,4611.4473
18751,4166.484
18752,6740.593
18753,6436.0947
18754,5185.483
18755,3332.049
18756,8743.535
18757,5026.257
18758,4525.4106
18759,6935.516
18760,6657.515
18761,7080.4126
18762,5392.485
18763,5856.566
18764,7095.2583
18765,11241.307
18766,3868.1416
18767,3925.9473
18768,4382.9814
18769,6150.094
18770,5518.766
18771,6819.6245
18772,7069.5615
18773,4980.5215
18774,3899.9941
18775,4828.173
18776,7315.6875
18777,4038.495
18778,5608.8135
18779,3401.2285
18780,5617.6904
18781,5807.0146
18782,6262.9253
18783,7119.2627
18784,5610.2417
18785,3709.0425
18786,5393.2563
18787,6191.767
18788,6884.516
18789,6071.2583
18790,6068.456
18791,5006.1606
18792,4176.109
18793,8309.589
18794,3661.6953
18795,8058.0327
18796,5097.8477
18797,3761.0146
18798,5492.126
18799,4934.826
18800,5641.107
18801,6744.284
18802,3213.745
18803,3662.579
18804,5457.816
18805,7302.2676
18806,7940.227
18807,4311.809
18808,5217.9917
18809,5352.294
18810,5174.2817
18811,4628.352
18812,7962.1978
18813,6920.892
18814,9964.11
18815,3853.8992
18816,5248.552
18817,10340.58
18818,6947.9966
18819,4120.9766
18820,7674.6953
18821,5538.135
18822,4169.3267
18823,4300.8945
18824,3847.1333
18825,4581.956
18826,4892.344
18827,4065.9397
18828,4324.0337
18829,7771.931
18830,6122.5674
18831,16370.333
18832,5089.4326
18833,3705.3718
18834,5518.7397
18835,7873.0044
18836,4573.729
18837,5822.189
18838,4596.187
18839,6458.898
18840,6301.995
18841,3516.3577
18842,4474.157
18843,5546.9004
18844,6303.6904
18845,5670.8657
18846,6219.7114
18847,4032.6167
18848,3744.8293
18849,4154.6846
18850,7992.9224
18851,8700.07
18852,7353.668
18853,6123.1807
18854,3659.8374
18855,4830.0522
18856,3359.389
18857,7571.3633
18858,7577.143
18859,8235.908
18860,4631.691
18861,3605.1167
18862,3795.4702
18863,4726.9297
18864,8726.248
18865,5059.8813
18866,4159.7485
18867,3800.7454
18868,5805.303
18869,3419.7112
18870,5912.977
18871,3561.721
18872,5641.5376
18873,5768.465
18874,4789.495
18875,6183.1504
18876,5221.432
18877,4258.1177
18878,4937.383
18879,5404.4883
18880,8500.172
18881,4803.8394
18882,6606.234
18883,6063.839
18884,7597.304
18885,5476.9287
18886,7045.093
18887,3747.5632
18888,4155.1284
18889,5278.9478
18890,5236.71
18891,6930.801
18892,6293.796
18893,4352.2725
18894,5594.211
18895,5358.1377
18896,7425.191
18897,3745.851
18898,10044.873
18899,3820.152
18900,5315.0635
18901,6069.8105
18902,4657.8755
18903,4480.2
18904,5618.0176
18905,5638.3853
18906,4476.9746
18907,4425.438
18908,6208.1895
18909,5618.216
18910,5487.7065
18911,4027.3118
18912,6225.6353
18913,8345.752
18914,5541.3687
18915,4477.4746
18916,5590.0933
18917,5060.229
18918,5197.665
18919,5949.0703
18920,3803.4766
18921,5832.0493
18922,5537.348
18923,5361.2764
18924,6115.447
18925,4033.059
18926,4857.39
18927,4210.8823
18928,5760.7666
18929,5977.442
18930,4010.941
18931,4543.6597
18932,5003.0293
18933,4819.279
18934,4996.0093
18935,7197.2397
18936,5416.384
18937,5890.741
18938,4861.6177
18939,4033.6248
18940,4751.517
18941,7028.696
18942,6254.2393
18943,6283.083
18944,6598.381
18945,4675.3647
18946,6776.622
18947,5118.8687
18948,5459.1484
18949,7061.468
18950,5151.707
18951,7771.9756
18952,6645.5054
18953,6259.426
18954,5046.732
18955,6354.5874
18956,6045.503
18957,4805.691
18958,3696.7114
18959,4866.9487
18960,6076.635
18961,5400.324
18962,4250.837
18963,6266.2593
18964,5851.066
18965,5104.202
18966,5130.258
18967,4489.0596
18968,6606.0513
18969,5696.5083
18970,5231.6875
18971,4489.5137
18972,4552.154
18973,5685.104
18974,3195.796
18975,5243.9775
18976,3704.983
18977,6450.956
18978,5742.4707
18979,5311.1104
18980,7531.1167
18981,4559.7505
18982,4317.3735
18983,9405.539
18984,5146.9033
18985,5748.1973
18986,6405.4614
18987,4243.1636
18988,5056.7837
18989,4571.4
18990,6121.5107
18991,7786.816
18992,5033.1846
18993,2356.7957
18994,4391.992
18995,6545.4385
18996,6902.6636
18997,4707.765
18998,5368.0723
18999,4133.701
19000,4450.427
19001,2991.5767
19002,4255.9326
19003,5137.02
19004,5199.2563
19005,5575.4277
19006,5684.177
19007,6210.7837
19008,6543.0664
19009,5756.2793
19010,4518.656
19011,7376.7236
19012,6994.8086
19013,4488.794
19014,5746.0044
19015,4496.542
19016,5676.602
19017,3152.9255
19018,5368.2104
19019,4254.147
19020,7573.133
19021,5547.927
19022,6431.848
19023,7046.007
19024,5022.3843
19025,5877.518
19026,14932.616
19027,8458.385
19028,5382.305
19029,2574.3499
19030,5111.852
19031,7694.0444
19032,4802.721
19033,12256.716
19034,13758.5
19035,3723.8296
19036,4036.45
19037,6286.2363
19038,4647.3574
19039,8050.788
19040,5005.2725
19041,6352.9634
19042,3994.2864
19043,5344.83
19044,5664.6323
19045,5795.9585
19046,6063.8794
19047,4937.025
19048,5026.8945
19049,5761.9043
19050,4234.644
19051,4865.0645
19052,6233.2764
19053,4147.9526
19054,4896.7607
19055,5567.9346
19056,4395.45
19057,4171.3237
19058,5722.48
19059,5245.3384
19060,5952.555
19061,5502.566
19062,5543.293
19063,5043.0747
19064,3553.3218
19065,5624.709
19066,5409.904
19067,4329.1885
19068,4093.0786
19069,5557.0576
19070,5277.362
19071,6618.0024
19072,7010.063
19073,5052.6904
19074,4092.4658
19075,4158.356
19076,7550.5005
19077,4338.287
19078,6173.8687
19079,12044.889
19080,5573.987
19081,5475.602
19082,3806.943
19083,3870.9692
19084,5448.765
19085,3830.3801
19086,4897.4614
19087,7157.247
19088,4748.405
19089,11612.111
19090,9665.256
19091,4230.2114
19092,6227.239
19093,4250.4883
19094,6084.0815
19095,5016.347
19096,9543.816
19097,5672.965
19098,6877.087
19099,4027.3887
19100,6047.602
19101,4419.414
19102,7050.1143
19103,5026.789
19104,5218.281
19105,5354.7246
19106,5448.2817
19107,6780.1455
19108,7004.0283
19109,4851.056
19110,7728.9375
19111,5731.406
19112,7935.6924
19113,4023.1265
19114,4266.5093
19115,4769.472
19116,7043.756
19117,5622.6064
19118,5564.3823
19119,5687.447
19120,7036.792
19121,4029.7866
19122,6572.3765
19123,5687.1973
19124,3590.0542
19125,11473.684
19126,13686.27
19127,5607.877
19128,6052.23
19129,6579.891
19130,8280.402
19131,8044.6475
19132,4797.2637
19133,6178.2925
19134,4846.995
19135,6588.187
19136,3904.0588
19137,4636.107
19138,4422.155
19139,4544.136
19140,5932.122
19141,3962.057
19142,4092.8835
19143,4851.135
19144,3566.0967
19145,3734.8938
19146,4295.966
19147,4872.4395
19148,6791.278
19149,7141.9243
19150,6696.823
19151,5177.733
19152,5379.2974
19153,8198.82
19154,6348.1113
19155,4271.62
19156,3888.686
19157,6499.575
19158,4302.0024
19159,5503.873
19160,3217.3464
19161,4593.334
19162,6632.252
19163,5000.9487
19164,4873.3735
19165,6501.5527
19166,7187.2446
19167,7346.8394
19168,5156.171
19169,8036.442
19170,3306.1995
19171,3956.3428
19172,5035.9556
19173,3724.4124
19174,5794.0957
19175,4145.951
19176,5421.33
19177,6595.04
19178,8661.604
19179,6827.825
19180,4723.3013
19181,4334.5977
19182,10439.767
19183,5764.384
19184,5918.5464
19185,4245.4717
19186,5158.355
19187,7061.3193
19188,4237.6265
19189,5589.1763
19190,6099.7295
19191,6650.2104
19192,10197.6045
19193,5378.625
19194,10436.601
19195,4996.934
19196,4525.234
19197,3120.6643
19198,5523.9536
19199,4843.4966
19200,4305.9272
19201,5871.209
19202,4387.909
19203,3653.6282
19204,5371.755
19205,4032.99
19206,6492.394
19207,5273.9854
19208,6255.8325
19209,5955.361
19210,4424.8975
19211,6175.0405
19212,5817.77
19213,4360.7207
19214,4438.023
19215,5244.403
19216,7952.081
19217,5550.134
19218,4064.7646
19219,5470.794
19220,6928.2695
19221,6032.473
19222,4993.756
19223,6621.3804
19224,5453.3975
19225,5652.0728
19226,5198.5327
19227,6289.757
19228,4849.95
19229,5661.154
19230,5223.774
19231,4496.066
19232,3793.957
19233,4087.1016
19234,6242.171
19235,7254.4917
19236,8210.065
19237,9353.965
19238,6424.0186
19239,4738.8345
19240,4734.0547
19241,9849.027
19242,8018.5024
19243,5559.942
19244,6552.072
19245,7192.1685
19246,4840.7944
19247,3519.2202
19248,8649.847
19249,4669.09
19250,5891.893
19251,5029.4604
19252,3092.28
19253,8841.662
19254,4958.404
19255,4328.6763
19256,4378.1387
19257,4675.5522
19258,5043.344
19259,5821.6006
19260,5150.999
19261,4550.7905
19262,3646.9565
19263,3755.5615
19264,3328.437
19265,5769.4277
19266,14965.594
19267,4595.1045
19268,4457.735
19269,5896.9194
19270,3984.9736
19271,3933.8984
19272,4607.42
19273,3920.573
19274,6084.557
19275,5782.4795
19276,3469.5327
19277,6190.1016
19278,4069.6335
19279,4518.923
19280,6116.6255
19281,6219.7236
19282,8636.739
19283,4967.6685
19284,5240.5376
19285,3651.9104
19286,4910.1284
19287,12011.665
19288,7407.1465
19289,5319.385
19290,3926.6775
19291,4291.068
19292,4967.2183
19293,3910.8054
19294,7761.3677
19295,4275.8926
19296,4773.5366
19297,5661.0996
19298,4136.999
19299,5012.334
19300,5324.141
19301,5970.387
19302,5233.0146
19303,3761.151
19304,4817.6333
19305,5511.475
19306,6808.621
19307,6544.7705
19308,5836.006
19309,3539.0496
19310,6296.468
19311,4493.614
19312,5073.525
19313,5521.794
19314,5875.4385
19315,5291.7583
19316,5870.8057
19317,5417.7217
19318,5342.4497
19319,4597.6475
19320,5535.5737
19321,5312.144
19322,4372.0747
19323,6571.9253
19324,4766.5293
19325,4494.021
19326,7444.856
19327,4532.072
19328,3605.6567
19329,6086.8853
19330,5806.1895
19331,7767.722
19332,4334.6514
19333,5459.8047
19334,5251.436
19335,5818.9966
19336,4843.7456
19337,5853.0254
19338,2687.3867
19339,4952.7173
19340,5002.3374
19341,4634.5635
19342,3868.1416
19343,5844.122
19344,5831.493
19345,4492.139
19346,6228.8306
19347,5989.8154
19348,6974.589
19349,3796.879
19350,4872.1094
19351,5167.7466
19352,5961.931
19353,5957.9004
19354,3820.2322
19355,7924.468
19356,5852.439
19357,5633.8853
19358,4102.6206
19359,3321.5127
19360,5196.118
19361,5010.809
19362,7326.071
19363,5307.449
19364,4781.511
19365,6539.491
19366,5261.3936
19367,4653.368
19368,6632.543
19369,4460.755
19370,7072.259
19371,7809.449
19372,6193.976
19373,4018.842
19374,4364.737
19375,3611.3193
19376,2883.013
19377,6193.935
19378,4651.535
19379,7257.011
19380,3497.146
19381,5272.0186
19382,5022.5283
19383,8410.134
19384,3775.429
19385,4505.361
19386,4820.722
19387,6509.8247
19388,4343.1235
19389,6404.8994
19390,6762.894
19391,7227.467
19392,5392.547
19393,6150.587
19394,5106.0674
19395,3909.8354
19396,4273.9756
19397,7928.0967
19398,7744.818
19399,5589.0854
19400,15624.032
19401,4619.7334
19402,4648.998
19403,4806.603
19404,6292.805
19405,7049.0117
19406,5792.206
19407,5941.4204
19408,6488.7783
19409,5876.582
19410,5766.7373
19411,4406.209
19412,4184.547
19413,4113.852
19414,3901.2964
19415,4249.9243
19416,6253.4224
19417,13969.304
19418,5828.034
19419,4964.4097
19420,5391.6157
19421,3456.675
19422,5167.618
19423,3412.366
19424,7377.7017
19425,5126.55
19426,5622.7134
19427,8645.063
19428,11109.048
19429,5672.223
19430,5885.2764
19431,3282.3472
19432,5018.5103
19433,5177.733
19434,6226.0625
19435,4015.236
19436,3499.776
19437,4802.6616
19438,4472.851
19439,5924.2227
19440,5359.85
19441,3587.189
19442,5787.705
19443,5467.377
19444,5637.7827
19445,3832.372
19446,3615.0278
19447,6345.357
19448,3789.3528
19449,7617.948
19450,4497.233
19451,3776.4482
19452,5860.578
19453,4912.2925
19454,3838.2368
19455,4883.2295
19456,4893.931
19457,7042.6875
19458,7444.6
19459,5243.843
19460,3873.5215
19461,4791.035
19462,6212.4897
19463,5131.5596
19464,4121.6685
19465,5620.869
19466,9669.461
19467,6174.575
19468,5614.9585
19469,5462.071
19470,4009.2273
19471,7240.7285
19472,4684.99
19473,9298.122
19474,4962.9604
19475,4432.523
19476,4525.0005
19477,3488.7458
19478,5988.45
19479,12206.925
19480,3461.8591
19481,4094.3948
19482,7413.642
19483,5719.1895
19484,5313.1523
19485,6179.4004
19486,4781.8535
19487,4503.8013
19488,3744.9795
19489,6661.5615
19490,4563.492
19491,5353.9023
19492,5613.2236
19493,4478.4097
19494,6043.479
19495,5188.986
19496,3170.6038
19497,7074.6743
19498,6784.0396
19499,3611.4846
19500,6073.6333
19501,5187.0957
19502,4056.3013
19503,7481.38
19504,5319.8057
19505,7441.1006
19506,4386.5703
19507,3938.2012
19508,5602.424
19509,3047.1938
19510,6422.322
19511,3372.4382
19512,5189.8076
19513,4199.0415
19514,5046.4624
19515,4750.271
19516,5621.3784
19517,5609.755
19518,5854.019
19519,5235.8506
19520,6188.9565
19521,5121.579
19522,6094.4316
19523,6856.076
19524,6815.3457
19525,3002.2493
19526,5213.8774
19527,5779.182
19528,4058.4106
19529,7944.6284
19530,4850.991
19531,6928.9766
19532,7663.1016
19533,6687.0
19534,3510.288
19535,8237.825
19536,7840.7812
19537,5038.579
19538,6398.2256
19539,7086.4727
19540,5313.467
19541,4862.0396
19542,5625.0576
19543,4838.075
19544,4765.3477
19545,5430.149
19546,4562.065
19547,4792.749
19548,5809.48
19549,5516.0557
19550,6321.3203
19551,5241.8823
19552,5496.0825
19553,3254.5505
19554,6263.7734
19555,5705.9487
19556,4874.341
19557,5444.011
19558,5708.491
19559,7145.774
19560,4878.8574
19561,4017.5273
19562,5165.504
19563,5523.1055
19564,5974.0674
19565,4263.5435
19566,3449.9775
19567,5634.971
19568,6907.2144
19569,4791.986
19570,6081.169
19571,5425.0806
19572,5393.6733
19573,4005.439
19574,3261.4316
19575,4977.9663
19576,5435.621
19577,5148.0176
19578,7192.5117
19579,6674.1733
19580,4486.2983
19581,6909.343
19582,3080.1558
19583,2942.0232
19584,5508.39
19585,9022.407
19586,6480.107
19587,5843.475
19588,3833.6226
19589,5761.1787
19590,7604.844
19591,4674.4507
19592,5939.9756
19593,4820.2764
19594,4195.8945
19595,4108.3657
19596,4911.1914
19597,4865.185
19598,4025.8022
19599,4486.8633
19600,3877.7288
19601,6410.2104
19602,5431.682
19603,4381.978
19604,5144.395
19605,6253.3687
19606,4489.642
19607,4121.012
19608,6572.4707
19609,6369.3027
19610,5053.471
19611,3301.5505
19612,8666.677
19613,4906.537
19614,4468.672
19615,6801.916
19616,6605.1377
19617,7018.172
19618,5297.2173
19619,5790.2007
19620,7006.3066
19621,11113.933
19622,3834.1345
19623,3863.2556
19624,4227.319
19625,6096.0303
19626,5394.3984
19627,6762.5396
19628,7003.26
19629,4905.47
19630,3856.7566
19631,4755.4165
19632,7208.6855
19633,3995.2085
19634,5502.776
19635,3362.682
19636,5483.8867
19637,5706.232
19638,6190.403
19639,7038.5913
19640,5531.0874
19641,3614.6106
19642,5273.9297
19643,6137.337
19644,6625.518
19645,6000.955
19646,5929.972
19647,4917.1445
19648,4076.0752
19649,8236.544
19650,3620.1975
19651,7982.462
19652,5086.8604
19653,3673.03
19654,5409.367
19655,4878.904
19656,5586.735
19657,6684.9976
19658,3185.4897
19659,3623.9014
19660,5354.633
19661,7223.8003
19662,7847.38
19663,4179.114
19664,5158.862
19665,5285.8105
19666,5074.735
19667,4579.4785
19668,7810.7524
19669,6844.844
19670,9855.38
19671,3774.687
19672,5202.4116
19673,10214.114
19674,6869.2656
19675,4084.7473
19676,7504.901
19677,5475.3774
19678,4097.8994
19679,4219.5796
19680,3802.8235
19681,4513.043
19682,4836.9033
19683,3981.2007
19684,4286.0195
19685,7723.3076
19686,6055.2905
19687,15907.49
19688,4959.8657
19689,3726.509
19690,5547.186
19691,7935.4497
19692,4486.5425
19693,5872.452
19694,4596.0776
19695,6526.262
19696,6373.7695
19697,3536.2046
19698,4461.257
19699,5515.735
19700,6374.4385
19701,5709.8525
19702,6162.284
19703,4062.4968
19704,3757.3066
19705,4101.994
19706,8070.424
19707,8583.041
19708,7336.7417
19709,6140.6626
19710,3656.742
19711,4816.82
19712,3367.7542
19713,7628.7095
19714,7546.353
19715,8344.59
19716,4573.821
19717,3620.4048
19718,3799.9297
19719,4730.8765
19720,8809.573
19721,5030.353
19722,4098.3022
19723,3784.7395
19724,5898.8433
19725,3415.6228
19726,5945.247
19727,3516.7468
19728,5701.8574
19729,5759.08
19730,4827.487
19731,6129.5913
19732,5271.023
19733,4284.3438
19734,4925.1387
19735,5395.922
19736,8295.77
19737,4752.46
19738,6630.2974
19739,6149.191
19740,7626.6504
19741,5465.995
19742,7117.8843
19743,3743.0864
19744,4198.489
19745,5272.9893
19746,5211.6646
19747,6916.7344
19748,6241.2305
19749,4353.0693
19750,5522.268
19751,5361.435
19752,7460.9854
19753,3735.9485
19754,10115.808
19755,3819.0845
19756,5334.8926
19757,6078.0547
19758,4643.431
19759,4516.975
19760,5657.8228
19761,5617.7227
19762,4491.771
19763,4443.4023
19764,6215.7617
19765,5585.7437
19766,5559.1196
19767,4085.8813
19768,6323.1416
19769,8236.025
19770,5606.1284
19771,4523.6885
19772,5583.4106
19773,5101.4424
19774,5184.365
19775,5928.745
19776,3822.992
19777,5790.4053
19778,5602.9795
19779,5308.9478
19780,6178.5635
19781,4058.6777
19782,4795.8955
19783,4170.6035
19784,5742.2188
19785,6029.873
19786,4018.7998
19787,4537.925
19788,4979.158
19789,4806.2866
19790,5051.8853
19791,7266.632
19792,5460.4976
19793,5960.5605
19794,4882.88
19795,4059.2468
19796,4707.1904
19797,7014.404
19798,6329.586
19799,6219.913
19800,6585.297
19801,4630.644
19802,6776.014
19803,5153.9185
19804,5529.067
19805,7023.087
19806,5091.0737
19807,7927.106
19808,6608.32
19809,6210.5586
19810,5058.916
19811,6410.681
19812,5998.34
19813,4844.8315
19814,3726.2104
19815,4899.5176
19816,6171.4253
19817,5346.319
19818,4268.532
19819,6308.1294
19820,5931.296
19821,5202.779
19822,5138.6816
19823,4519.0566
19824,6668.529
19825,5652.035
19826,5315.763
19827,4458.526
19828,4619.8877
19829,5665.94
19830,3263.7253
19831,5305.217
19832,3677.118
19833,6401.3203
19834,5813.0166
19835,5364.0693
19836,7484.185
19837,4610.22
19838,4293.1885
19839,9494.489
19840,5141.6084
19841,5700.422
19842,6446.146
19843,4218.614
19844,5027.6665
19845,4638.827
19846,6197.918
19847,7866.7217
19848,5101.8706
19849,2339.381
19850,4518.5176
19851,6489.261
19852,6839.63
19853,4683.94
19854,5383.065
19855,4090.6274
19856,4505.2534
19857,3007.4207
19858,4278.4707
19859,5107.441
19860,5192.8677
19861,5637.1377
19862,5723.0967
19863,6181.517
19864,6392.04
19865,5723.1353
19866,4482.9746
19867,7448.2793
19868,6960.228
19869,4550.9814
19870,5798.7954
19871,4474.972
19872,5649.3726
19873,3119.3013
19874,5435.647
19875,4230.171
19876,7670.165
19877,5552.4746
19878,6392.65
19879,7149.769
19880,5023.5728
19881,5840.5166
19882,15073.832
19883,8395.307
19884,5441.2393
19885,2560.998
19886,5103.0728
19887,7750.641
19888,4857.0474
19889,12109.565
19890,13725.838
19891,3772.9338
19892,4083.9019
19893,6297.3984
19894,4677.631
19895,8110.071
19896,5084.5947
19897,6393.3574
19898,4003.9417
19899,5334.7554
19900,5632.9346
19901,5866.1763
19902,6035.679
19903,4929.1855
19904,4997.949
19905,5833.0117
19906,4240.311
19907,4907.74
19908,6255.659
19909,4117.4443
19910,4858.5303
19911,5602.381
19912,4430.5234
19913,4219.6763
19914,5838.9956
19915,5288.0596
19916,5942.4517
19917,5500.7188
19918,5600.8315
19919,5099.934
19920,3551.807
19921,5690.768
19922,5447.819
19923,4342.763
19924,4149.0923
19925,5586.4844
19926,5269.8164
19927,6712.7026
19928,7089.684
19929,5013.2427
19930,4117.0986
19931,4201.2773
19932,7481.6084
19933,4297.9214
19934,6252.414
19935,12169.9
19936,5540.9673
19937,5528.6714
19938,3770.7715
19939,3894.9192
19940,5483.374
19941,3878.1948
19942,4971.8164
19943,7240.887
19944,4740.2046
19945,11577.939
19946,9726.55
19947,4215.758
19948,6311.0723
19949,4312.035
19950,6165.465
19951,5044.855
19952,9234.269
19953,5616.3726
19954,7004.6294
19955,4078.6655
19956,6111.1787
19957,4382.6807
19958,7157.862
19959,4994.7183
19960,5247.956
19961,5357.1206
19962,5383.527
19963,6797.2466
19964,7088.8794
19965,4809.9326
19966,7776.751
19967,5736.2954
19968,7968.184
19969,4081.7598
19970,4275.0728
19971,4777.258
19972,7049.8857
19973,5578.0874
19974,5502.2773
19975,5692.3965
19976,6983.3423
19977,4014.497
19978,6648.441
19979,5738.3423
19980,3574.4954
19981,11532.511
19982,13854.85
19983,5564.0957
19984,6038.7656
19985,6610.2236
19986,8337.097
19987,8144.519
19988,4817.9043
19989,6220.5957
19990,4823.367
19991,6559.638
19992,3924.09
19993,4693.1934
19994,4443.78
19995,4607.0903
19996,5960.1284
19997,4019.4287
19998,4114.5586
19999,4801.828
20000,3600.3225
20001,3745.837
20002,4286.4775
20003,4880.1934
20004,6771.7954
20005,7045.362
20006,6749.033
20007,5171.3706
20008,5348.323
20009,8282.574
20010,6420.754
20011,4293.5244
20012,3875.3215
20013,6503.2026
20014,4356.4136
20015,5398.5425
20016,3227.4692
20017,4631.0503
20018,6701.092
20019,4942.83
20020,4795.6714
20021,6464.118
20022,7172.993
20023,7406.673
20024,5204.387
20025,8058.34
20026,3328.8403
20027,3947.0356
20028,5044.3784
20029,3740.3845
20030,5841.67
20031,4177.2407
20032,5485.587
20033,6653.256
20034,8761.575
20035,6662.4956
20036,4757.39
20037,4385.244
20038,10546.471
20039,5731.193
20040,5974.5234
20041,4229.364
20042,5166.8247
20043,7048.0903
20044,4242.0225
20045,5626.523
20046,6064.6084
20047,6715.9624
20048,10265.024
20049,5377.63
20050,10535.301
20051,4985.3604
20052,4524.3965
20053,3146.2913
20054,5555.3457
20055,4811.539
20056,4331.733
20057,5913.677
20058,4373.656
20059,3684.6987
20060,5377.3276
20061,4071.2605
20062,6566.0107
20063,5253.976
20064,6319.2646
20065,5922.471
20066,4415.3857
20067,6254.1616
20068,5889.567
20069,4379.1743
20070,4412.468
20071,5306.563
20072,8044.2485
20073,5557.8687
20074,4115.83
20075,5486.9004
20076,7038.7056
20077,6096.408
20078,5047.1987
20079,6690.988
20080,5497.813
20081,5593.3945
20082,5219.635
20083,6263.3374
20084,5088.0396
20085,5714.173
20086,5180.015
20087,4512.4834
20088,3865.5227
20089,4041.6282
20090,6193.474
20091,7329.363
20092,8170.0464
20093,9211.046
20094,6387.0303
20095,4796.422
20096,4793.9287
20097,9937.593
20098,8125.7573
20099,5441.4624
20100,6585.6865
20101,7263.7144
20102,4891.9663
20103,3547.8855
20104,8736.092
20105,4652.09
20106,5948.219
20107,5073.244
20108,3100.625
20109,8920.233
20110,4942.2876
20111,4328.4824
20112,4434.2397
20113,4647.0913
20114,5103.1216
20115,5879.6655
20116,5124.8774
20117,4565.534
20118,3629.984
20119,3786.4006
20120,3354.9983
20121,5753.6113
20122,14947.107
20123,4627.31
20124,4444.7676
20125,5941.29
20126,4034.1672
20127,3932.709
20128,4628.202
20129,3942.8547
20130,5982.8433
20131,5768.8057
20132,3504.717
20133,6106.2026
20134,4102.781
20135,4587.296
20136,6073.181
20137,6223.996
20138,8726.382
20139,5010.914
20140,5298.5415
20141,3651.4019
20142,4868.602
20143,11979.174
20144,7328.978
20145,5332.227
20146,3986.2966
20147,4255.401
20148,5035.8257
20149,3927.899
20150,7833.9414
20151,4312.381
20152,4801.5854
20153,5662.158
20154,4087.3628
20155,5057.6377
20156,5374.774
20157,5910.9077
20158,5192.328
20159,3786.1912
20160,4888.6914
20161,5506.294
20162,6731.1675
20163,6637.315
20164,5819.263
20165,3574.342
20166,6298.2334
20167,4523.9
20168,5120.4653
20169,5550.1235
20170,5931.573
20171,5318.8926
20172,5865.494
20173,5487.141
20174,5284.328
20175,4608.9717
20176,5579.7427
20177,5263.5723
20178,4389.81
20179,6521.9004
20180,4709.2744
20181,4520.3325
20182,7415.028
20183,4607.978
20184,3622.1077
20185,6137.7993
20186,5806.76
20187,7861.299
20188,4366.369
20189,5527.5903
20190,5303.8003
20191,5866.7754
20192,4811.213
20193,5819.263
20194,2662.5408
20195,4959.913
20196,4970.261
20197,4623.1675
20198,3906.715
20199,5841.7925
20200,5788.765
20201,4547.9136
20202,6281.9805
20203,6003.692
20204,6971.8086
20205,3755.336
20206,4924.138
20207,5256.5376
20208,5916.5146
20209,5987.468
20210,3840.4636
20211,7961.7876
20212,5823.9277
20213,5604.46
20214,4133.2163
20215,3367.4038
20216,5160.8403
20217,5054.151
20218,7334.216
20219,5267.183
20220,4820.773
20221,6507.503
20222,5296.8535
20223,4615.0117
20224,6754.5073
20225,4490.451
20226,7159.3774
20227,7804.162
20228,6272.8315
20229,4090.4128
20230,4345.0547
20231,3649.5212
20232,2899.405
20233,6224.6733
20234,4585.642
20235,7328.7617
20236,3496.709
20237,5290.093
20238,5076.2793
20239,8502.216
20240,3754.8416
20241,4474.008
20242,4817.3574
20243,6555.4473
20244,4361.977
20245,6348.3594
20246,6864.373
20247,7307.4585
20248,5373.2925
20249,6152.9224
20250,5130.512
20251,3941.6814
20252,4259.783
20253,8017.722
20254,7725.135
20255,5640.795
20256,15399.5205
20257,4670.6265
20258,4661.6626
20259,4851.5884
20260,6263.7495
20261,7044.206
20262,5735.9834
20263,5925.9067
20264,6417.6006
20265,5935.178
20266,5686.9805
20267,4400.2954
20268,4217.234
20269,4065.3733
20270,3927.2693
20271,4271.718
20272,6254.12
20273,14247.221
20274,5901.7417
20275,5011.397
20276,5421.3506
20277,3463.9338
20278,5162.2583
20279,3443.3655
20280,7474.8823
20281,5113.1636
20282,5696.237
20283,8746.088
20284,10960.266
20285,5713.993
20286,5932.5576
20287,3290.602
20288,5074.057
20289,5236.545
20290,6200.8867
20291,4020.1304
20292,3473.3674
20293,4862.225
20294,4472.0234
20295,5949.7114
20296,5322.8105
20297,3634.4675
20298,5717.1387
20299,5499.386
20300,5518.3765
20301,3835.1113
20302,3596.6357
20303,6405.9805
20304,3827.1406
20305,7692.489
20306,4486.6836
20307,3771.0486
20308,5978.2285
20309,4914.556
20310,3857.0068
20311,4860.741
20312,4870.423
20313,7098.88
20314,7535.651
20315,5214.9966
20316,3910.3613
20317,4835.132
20318,6201.9277
20319,5131.129
20320,4097.059
20321,5672.3643
20322,9891.003
20323,6298.8105
20324,5619.218
20325,5557.1743
20326,4054.692
20327,7309.9053
20328,4706.831
20329,9347.356
20330,4937.3496
20331,4417.7153
20332,4547.458
20333,3510.0237
20334,6037.222
20335,11534.183
20336,3479.6123
20337,4058.728
20338,7683.0225
20339,5765.681
20340,5422.9126
20341,6184.1235
20342,4723.148
20343,4265.915
20344,3755.0852
20345,6765.4746
20346,4611.469
20347,5396.622
20348,5616.8813
20349,4522.325
20350,6051.595
20351,5188.026
20352,3201.6824
20353,7209.868
20354,6866.7305
20355,3647.4993
20356,6094.3154
20357,5173.586
20358,4055.9492
20359,7478.876
20360,5305.915
20361,7544.1797
20362,4428.398
20363,3899.7783
20364,5669.5186
20365,3017.3928
20366,6508.229
20367,3391.0396
20368,5219.3013
20369,4220.586
20370,5033.2856
20371,4781.8945
20372,5673.403
20373,5500.43
20374,5755.5547
20375,5289.583
20376,6314.2515
20377,5186.7837
20378,6129.065
20379,6942.783
20380,6886.0854
20381,2929.8953
20382,5265.0034
20383,5834.019
20384,4103.094
20385,7883.765
20386,4837.651
20387,6953.2144
20388,7728.488
20389,6750.2437
20390,3545.8857
20391,8412.733
20392,7845.958
20393,5073.2583
20394,6469.0405
20395,7236.3237
20396,5308.4565
20397,4889.671
20398,5657.99
20399,4888.9385
20400,4812.8657
20401,5434.03
20402,4588.775
20403,4893.3804
20404,5770.7705
20405,5561.347
20406,6322.7915
20407,5306.963
20408,5541.2104
20409,3293.1301
20410,6291.695
20411,5808.2446
20412,4933.758
20413,5480.2524
20414,5711.1216
20415,7202.7886
20416,4888.2812
20417,4050.2502
20418,5159.5654
20419,5499.386
20420,6084.3833
20421,4315.199
20422,3477.4985
20423,5676.201
20424,6934.6294
20425,4850.0796
20426,6080.508
20427,5395.2373
20428,5428.673
20429,4030.4285
20430,3271.0347
20431,4956.2573
20432,5436.7725
20433,5244.413
20434,7282.8613
20435,6756.3887
20436,4510.056
20437,7035.376
20438,3118.4204
20439,2965.4097
20440,5528.6924
20441,9115.878
20442,6607.5635
20443,5882.521
20444,3870.083
20445,5790.7363
20446,7630.172
20447,4763.4253
20448,6046.8755
20449,4841.016
20450,4231.7007
20451,4150.0264
20452,4944.82
20453,4891.5835
20454,4047.122
20455,4500.241
20456,3908.661
20457,6545.619
20458,5462.55
20459,4365.7275
20460,5182.501
20461,6287.4473
20462,4544.297
20463,4155.4854
20464,6557.4985
20465,6491.8306
20466,5068.5376
20467,3330.0312
20468,8857.801
20469,4878.9644
20470,4531.2246
20471,6799.1655
20472,6671.131
20473,7099.3877
20474,5375.0864
20475,5854.6504
20476,7227.584
20477,11344.316
20478,3878.1948
20479,3853.9653
20480,4248.619
20481,6163.566
20482,5411.9834
20483,6781.0576
20484,7049.314
20485,4992.089
20486,3894.5105
20487,4838.2046
20488,7307.4443
20489,4032.2666
20490,5528.8506
20491,3400.1157
20492,5441.2236
20493,5725.6143
20494,6304.779
20495,7099.3
20496,5614.0107
20497,3629.5996
20498,5257.972
20499,6253.583
20500,6688.1484
20501,6107.4316
20502,5925.9634
20503,4888.258
20504,4137.236
20505,8327.79
20506,3659.216
20507,8048.6997
20508,5068.6924
20509,3670.4346
20510,5493.5615
20511,4936.29
20512,5641.8604
20513,6813.591
20514,3226.0842
20515,3659.408
20516,5346.069
20517,7267.651
20518,7949.6543
20519,4182.46
20520,5224.337
20521,5338.5835
20522,5094.1973
20523,4610.3657
20524,7773.7183
20525,6945.479
20526,10051.083
20527,3780.4204
20528,5270.3945
20529,10109.538
20530,6997.818
20531,4124.902
20532,7521.067
20533,5538.8535
20534,4112.9297
20535,4222.4263
20536,3850.4595
20537,4598.292
20538,4884.1284
20539,4018.8381
20540,4306.26
20541,7814.687
20542,6144.319
20543,16137.16
20544,4959.317
20545,4076.3823
20546,5803.1113
20547,8576.944
20548,4863.1343
20549,6362.7144
20550,4984.5566
20551,6869.7573
20552,6749.825
20553,3896.8333
20554,4928.2544
20555,6011.1235
20556,6760.6626
20557,6097.199
20558,6725.052
20559,4448.5977
20560,4113.169
20561,4514.3345
20562,8558.852
20563,9485.592
20564,7955.9497
20565,6696.587
20566,4012.529
20567,5226.9536
20568,3694.1697
20569,8112.8403
20570,8221.898
20571,8728.754
20572,5093.9688
20573,3918.3223
20574,4182.424
20575,5141.8687
20576,9054.166
20577,5519.114
20578,4469.256
20579,4148.9775
20580,6127.592
20581,3702.2344
20582,6468.732
20583,3850.6726
20584,6039.463
20585,6293.718
20586,5234.298
20587,6661.5933
20588,5579.6465
20589,4488.3916
20590,5445.154
20591,5775.418
20592,8955.919
20593,5215.549
20594,7046.6855
20595,6351.479
20596,8198.508
20597,5907.481
20598,7621.8364
20599,4049.3425
20600,4450.7456
20601,5814.148
20602,5788.776
20603,7620.877
20604,6756.4917
20605,4778.0327
20606,6044.5977
20607,5785.061
20608,8043.136
20609,4134.234
20610,10758.225
20611,4175.3403
20612,5736.662
20613,6592.8135
20614,5022.638
20615,4966.105
20616,5982.261
20617,6168.3237
20618,4902.2427
20619,4777.0986
20620,6782.5454
20621,6081.8594
20622,5922.9404
20623,4345.9995
20624,6821.2183
20625,9054.5625
20626,5948.412
20627,4904.9043
20628,6083.768
20629,5503.301
20630,5731.127
20631,6426.9424
20632,4161.7373
20633,6335.6987
20634,5939.6016
20635,5767.1445
20636,6699.2065
20637,4413.516
20638,5211.009
20639,4629.69
20640,6270.714
20641,6463.0947
20642,4391.0205
20643,5002.8906
20644,5434.771
20645,5254.788
20646,5336.985
20647,7770.0044
20648,5885.799
20649,6304.737
20650,5255.816
20651,4404.436
20652,5179.5312
20653,7456.809
20654,6680.542
20655,6851.814
20656,7194.7207
20657,5086.074
20658,7478.6406
20659,5575.0396
20660,5870.274
20661,7659.572
20662,5561.66
20663,8403.976
20664,7222.0576
20665,6723.173
20666,5513.957
20667,6856.6123
20668,6527.078
20669,5224.1973
20670,3986.3347
20671,5131.447
20672,6532.9824
20673,5862.211
20674,4613.533
20675,6829.825
20676,6333.5234
20677,5461.4766
20678,5584.135
20679,4855.167
20680,7099.1777
20681,6201.33
20682,5560.398
20683,4861.511
20684,4890.562
20685,6196.251
20686,3570.5388
20687,5662.1094
20688,4043.0085
20689,6913.199
20690,6234.418
20691,5689.927
20692,8120.8687
20693,4928.9644
20694,4683.055
20695,9949.068
20696,5582.159
20697,6198.7637
20698,7011.655
20699,4623.604
20700,5466.9233
20701,4976.6895
20702,6623.383
20703,8463.186
20704,5365.4717
20705,2603.0989
20706,4834.505
20707,7097.6885
20708,7420.596
20709,5222.4287
20710,5908.1343
20711,4425.636
20712,4749.2744
20713,3227.2415
20714,4653.2793
20715,5581.909
20716,5659.086
20717,6032.088
20718,6190.716
20719,6746.774
20720,6813.8574
20721,6223.1416
20722,4891.56
20723,7991.451
20724,7671.014
20725,4916.1597
20726,6222.4116
20727,4882.144
20728,6150.2935
20729,3439.18
20730,5825.589
20731,4688.7944
20732,8093.333
20733,5975.8457
20734,6897.2603
20735,7341.607
20736,5478.8726
20737,6368.5254
20738,15478.002
20739,9187.233
20740,5680.6265
20741,2852.4866
20742,5560.419
20743,8148.5674
20744,5255.7607
20745,11859.457
20746,12647.434
20747,3945.6843
20748,4404.8604
20749,6850.1934
20750,4996.739
20751,8575.554
20752,5363.6396
20753,6868.899
20754,4370.9736
20755,5872.7324
20756,6139.3276
20757,6225.5103
20758,6562.229
20759,5402.478
20760,5434.6104
20761,6230.179
20762,4636.3633
20763,5270.515
20764,6774.1016
20765,4532.526
20766,5330.7217
20767,6140.077
20768,4783.1626
20769,4520.958
20770,6166.9766
20771,5704.6157
20772,6560.37
20773,6154.284
20774,5838.3667
20775,5428.114
20776,3839.8774
20777,6037.913
20778,5845.1255
20779,4694.245
20780,4459.381
20781,6070.031
20782,5779.8047
20783,7086.1685
20784,7460.3022
20785,5500.4673
20786,4497.4814
20787,4555.329
20788,8371.304
20789,4625.867
20790,6619.5303
20791,12593.689
20792,6029.315
20793,5865.645
20794,4126.2437
20795,4230.03
20796,5934.3745
20797,4144.445
20798,5288.705
20799,7623.8506
20800,5191.783
20801,11158.745
20802,10291.8955
20803,4565.704
20804,6628.3057
20805,4580.112
20806,6543.291
20807,5455.099
20808,9674.202
20809,6201.537
20810,7305.6606
20811,4361.008
20812,6538.7427
20813,4765.843
20814,7499.999
20815,5452.5186
20816,5691.707
20817,5818.8857
20818,5584.833
20819,7376.0483
20820,7523.097
20821,5224.222
20822,8511.977
20823,6241.1113
20824,8428.113
20825,4333.229
20826,4622.206
20827,5162.7407
20828,7624.7812
20829,6067.374
20830,6092.1533
20831,6132.345
20832,7623.2104
20833,4366.8813
20834,6967.0825
20835,6132.866
20836,3900.675
20837,12319.439
20838,14544.532
20839,6109.174
20840,6594.2725
20841,7262.2803
20842,9018.261
20843,8640.826
20844,5159.728
20845,6728.8564
20846,5273.8945
20847,7158.1416
20848,4169.8076
20849,4971.7026
20850,4780.358
20851,4948.198
20852,6452.3525
20853,4274.053
20854,4456.6846
20855,5266.6655
20856,3863.7937
20857,4083.828
20858,4644.087
20859,5346.472
20860,7365.77
20861,7760.213
20862,7114.911
20863,5635.659
20864,5813.8096
20865,8815.516
20866,6777.8696
20867,4641.3413
20868,4198.625
20869,7016.438
20870,4623.895
20871,5990.2607
20872,3504.54
20873,5000.8247
20874,7033.3164
20875,5338.079
20876,5199.3657
20877,7026.8657
20878,7868.133
20879,7849.513
20880,5642.953
20881,8387.504
20882,3600.865
20883,4316.105
20884,5495.139
20885,4060.6528
20886,6308.0874
20887,4522.7266
20888,5815.157
20889,7148.753
20890,8948.559
20891,7175.244
20892,5110.175
20893,4639.3804
20894,11415.113
20895,6231.903
20896,6317.4507
20897,4626.048
20898,5589.949
20899,7512.5566
20900,4603.6333
20901,6113.2017
20902,6592.424
20903,7183.126
20904,11080.889
20905,5814.525
20906,11139.966
20907,5447.944
20908,4891.985
20909,3397.538
20910,5908.8276
20911,5306.644
20912,4662.2983
20913,6327.2075
20914,4728.3413
20915,3992.359
20916,5803.1
20917,4321.2383
20918,6940.2476
20919,5752.706
20920,6782.8945
20921,6483.6807
20922,4830.8354
20923,6632.031
20924,6297.5605
20925,4717.6416
20926,4807.089
20927,5624.607
20928,8436.92
20929,5968.275
20930,4411.1084
20931,5870.8955
20932,7443.9185
20933,6446.423
20934,5434.32
20935,7159.1113
20936,5911.4546
20937,5575.6724
20938,5616.4795
20939,6832.0337
20940,5378.5737
20941,6178.11
20942,5603.819
20943,4851.792
20944,4049.385
20945,4432.1465
20946,6737.109
20947,7946.963
20948,8923.237
20949,9541.796
20950,6943.068
20951,5130.8203
20952,5110.8135
20953,10568.23
20954,8623.692
20955,6111.7964
20956,7145.672
20957,7707.662
20958,5219.9834
20959,3814.8462
20960,9226.873
20961,5075.601
20962,6396.413
20963,5415.526
20964,3397.9043
20965,9483.747
20966,5377.953
20967,4641.766
20968,4702.1685
20969,5049.496
20970,5409.718
20971,6353.49
20972,5534.9346
20973,4895.537
20974,3961.3767
20975,4088.747
20976,3610.7715
20977,6310.097
20978,14755.187
20979,4960.1733
20980,4878.248
20981,6254.8003
20982,4306.1245
20983,4332.8613
20984,5034.9707
20985,4341.475
20986,6507.422
20987,6313.1797
20988,3778.823
20989,6757.0977
20990,4407.8613
20991,4808.543
20992,6554.6973
20993,6896.622
20994,9112.279
20995,5286.239
20996,5675.1675
20997,4001.8186
20998,5326.1167
20999,12497.738
21000,7796.789
21001,5813.6265
21002,4214.652
21003,4666.864
21004,5332.9697
21005,4261.23
21006,8494.054
21007,4542.3984
21008,5172.634
21009,6164.9653
21010,4426.0205
21011,5448.3804
21012,5758.987
21013,6398.201
21014,5747.9453
21015,4127.4717
21016,5177.0415
21017,5969.63
21018,7451.022
21019,7024.983
21020,6329.7007
21021,3840.2913
21022,6829.669
21023,4892.806
21024,5553.7456
21025,6037.09
21026,6344.5337
21027,5744.481
21028,6370.8037
21029,5818.675
21030,5855.918
21031,4982.736
21032,6005.072
21033,5759.761
21034,4780.6953
21035,7108.196
21036,5171.5186
21037,4856.135
21038,8101.226
21039,4941.7363
21040,3978.9873
21041,6548.292
21042,6313.023
21043,8232.491
21044,4673.1626
21045,5864.4478
21046,5683.4233
21047,6335.1973
21048,5255.2593
21049,6345.484
21050,2963.9631
21051,5308.1426
21052,5509.141
21053,5071.4443
21054,4185.7847
21055,6313.156
21056,6390.3335
21057,4824.292
21058,6703.9814
21059,6463.1074
21060,7601.632
21061,4106.2188
21062,5279.8594
21063,5505.354
21064,6453.762
21065,6496.9346
21066,4113.2085
21067,8708.613
21068,6274.2017
21069,6101.242
21070,4504.1147
21071,3573.1692
21072,5627.9507
21073,5456.9985
21074,7963.732
21075,5761.701
21076,5205.693
21077,7078.4067
21078,5722.2183
21079,5127.65
21080,7041.183
21081,4886.6914
21082,7559.868
21083,8542.378
21084,6707.026
21085,4348.1475
21086,4773.459
21087,3917.7766
21088,3098.1946
21089,6757.439
21090,4952.727
21091,7840.7734
21092,3841.4895
21093,5770.6
21094,5465.6304
21095,8893.8125
21096,4111.2783
21097,4864.54
21098,5234.637
21099,7033.5176
21100,4710.806
21101,6670.3994
21102,7172.9795
21103,7826.8535
21104,5846.865
21105,6722.339
21106,5593.704
21107,4238.265
21108,4634.1084
21109,8637.58
21110,8191.9805
21111,6118.0957
21112,15392.767
21113,5034.798
21114,4995.733
21115,5215.091
21116,6839.1274
21117,7579.6294
21118,6208.8584
21119,6463.3047
21120,7126.0425
21121,6359.9844
21122,6158.7
21123,4805.64
21124,4545.81
21125,4448.708
21126,4280.6753
21127,4587.4795
21128,6893.8403
21129,14572.746
21130,6264.084
21131,5359.0576
21132,5816.0225
21133,3800.209
21134,5791.3936
21135,3780.0562
21136,7822.48
21137,5567.472
21138,6051.699
21139,9289.719
21140,10927.804
21141,6078.339
21142,6353.509
21143,3561.0007
21144,5434.7295
21145,5607.2407
21146,6715.0654
21147,4412.8633
21148,3829.5508
21149,5177.955
21150,4866.926
21151,6397.963
21152,5847.5234
21153,3860.511
21154,6295.1523
21155,5966.374
21156,6027.182
21157,4185.649
21158,4020.8975
21159,6859.1045
21160,4096.5474
21161,8240.135
21162,4826.7593
21163,4220.3364
21164,6296.936
21165,5324.1665
21166,4203.6343
21167,5386.7017
21168,5395.685
21169,7673.839
21170,7931.7573
21171,5676.5264
21172,4193.354
21173,5198.076
21174,6596.3423
21175,5597.7124
21176,4551.038
21177,6007.7417
21178,10292.376
21179,6680.6694
21180,5961.8516
21181,5859.069
21182,4316.3354
21183,7825.6816
21184,5138.1177
21185,10089.194
21186,5395.4795
21187,4775.8867
21188,4911.904
21189,3760.6235
21190,6491.4404
21191,13230.511
21192,3757.3425
21193,4461.0825
21194,8038.3506
21195,6132.9185
21196,5721.143
21197,6737.5073
21198,5429.8276
21199,4860.0786
21200,4112.706
21201,7210.7554
21202,4980.1035
21203,5844.3057
21204,6063.272
21205,4845.114
21206,6630.873
21207,5610.2686
21208,3440.1382
21209,7599.7393
21210,7402.852
21211,3915.871
21212,6618.305
21213,5649.89
21214,4498.1167
21215,8151.677
21216,5772.103
21217,8083.4585
21218,4751.431
21219,4255.259
21220,6179.436
21221,3418.2043
21222,6927.939
21223,3698.1997
21224,5601.0986
21225,4578.308
21226,5475.524
21227,5168.56
21228,6091.537
21229,6025.2964
21230,6375.302
21231,5685.657
21232,6620.648
21233,5539.926
21234,6599.747
21235,7395.837
21236,7227.329
21237,3243.1296
21238,5672.8237
21239,6193.031
21240,4353.8545
21241,8675.932
21242,5304.6196
21243,7410.8423
21244,8246.929
21245,7109.566
21246,3811.3142
21247,8770.422
21248,8319.462
21249,5416.177
21250,6922.5625
21251,7638.3345
21252,5797.3906
21253,5276.8384
21254,6092.589
21255,5258.569
21256,5145.7397
21257,5943.1094
21258,4980.042
21259,5218.7583
21260,6274.2437
21261,6012.97
21262,6888.983
21263,5648.7314
21264,5996.8984
21265,3526.0217
21266,6601.5977
21267,6193.043
21268,5335.6104
21269,5957.7983
21270,6180.538
21271,7768.989
21272,5369.629
21273,4376.0093
21274,5547.662
21275,5981.6226
21276,6457.543
21277,4573.6724
21278,3733.1091
21279,6028.5674
21280,7583.809
21281,5168.1655
21282,6610.331
21283,5824.911
21284,5803.6704
21285,4344.205
21286,3481.8037
21287,5361.65
21288,5886.2925
21289,5667.3184
21290,7849.124
21291,7188.8423
21292,4865.4355
21293,7542.388
21294,3364.774
21295,3156.0854
21296,6048.1387
21297,9519.099
21298,7077.779
21299,6446.0293
21300,4199.0537
21301,6375.3384
21302,8200.204
21303,5195.9595
21304,6442.181
21305,5196.6636
21306,4635.7705
21307,4506.066
21308,5346.008
21309,5351.033
21310,4438.912
21311,4847.2676
21312,4208.553
21313,6880.5903
21314,5868.32
21315,4737.1445
21316,5658.298
21317,6837.001
21318,4887.8896
21319,4455.4053
21320,7082.4385
21321,6889.5283
21322,5444.962
21323,3630.8982
21324,9196.553
21325,5283.5522
21326,4923.0063
21327,7271.499
21328,7200.941
21329,7617.614
21330,5768.96
21331,6258.984
21332,7733.7456
21333,11399.294
21334,4228.65
21335,4313.014
21336,4614.004
21337,6626.877
21338,5820.623
21339,7154.299
21340,7597.841
21341,5346.849
21342,4234.127
21343,5231.0435
21344,7840.2427
21345,4337.253
21346,5907.8247
21347,3642.2976
21348,5917.192
21349,6139.398
21350,6679.561
21351,7636.8706
21352,5875.467
21353,3901.0806
21354,5651.4854
21355,6551.722
21356,7149.251
21357,6471.1816
21358,6406.683
21359,5392.6187
21360,4490.6143
21361,8926.08
21362,3932.495
21363,8737.024
21364,5496.68
21365,4017.6729
21366,5903.746
21367,5279.2046
21368,6040.7646
21369,7184.2085
21370,3485.0835
21371,3927.303
21372,5819.2188
21373,7640.1997
21374,8536.84
21375,4572.682
21376,5594.707
21377,5636.6914
21378,5475.456
21379,5046.2456
21380,8483.924
21381,7474.8394
21382,10518.664
21383,4036.9697
21384,5686.72
21385,10076.894
21386,7230.349
21387,4483.0347
21388,8108.3228
21389,5909.459
21390,4451.3315
21391,4649.446
21392,4141.3975
21393,4844.8086
21394,5265.2495
21395,4343.6333
21396,4653.852
21397,8447.1455
21398,6508.949
21399,17010.775
21400,5321.724
21401,6130.1875
21402,4013.1838
21403,3463.4019
21404,3272.4797
21405,4529.712
21406,4539.7866
21407,5442.859
21408,5430.962
21409,6084.488
21410,3976.297
21411,6234.1323
21412,4424.7036
21413,3915.8337
21414,5976.119
21415,6083.124
21416,3423.7783
21417,6703.374
21418,5860.388
21419,12770.316
21420,6675.8223
21421,7330.922
21422,2475.188
21423,4412.0303
21424,2749.4673
21425,7122.319
21426,8466.513
21427,5938.7007
21428,7433.8716
21429,3541.089
21430,4314.117
21431,6681.039
21432,8492.628
21433,7545.022
21434,5616.3135
21435,5930.38
21436,5369.3574
21437,3332.4592
21438,5486.67
21439,5187.046
21440,4260.3887
21441,8296.941
21442,2575.878
21443,4702.7563
21444,3667.75
21445,3889.6284
21446,4786.9834
21447,6556.0854
21448,9146.072
21449,7557.078
21450,6453.2637
21451,5690.8276
21452,10495.596
21453,6406.3716
21454,5637.0303
21455,3430.0354
21456,2564.2349
21457,5854.2593
21458,3711.9734
21459,5613.925
21460,5056.147
21461,4313.6724
21462,8773.19
21463,4224.1143
21464,5042.084
21465,3738.9504
21466,6090.079
21467,3671.422
21468,3766.6335
21469,6147.5605
21470,7439.291
21471,7311.1675
21472,4960.7124
21473,5429.9004
21474,4427.2197
21475,5797.501
21476,9432.311
21477,7611.208
21478,3364.8767
21479,3161.2622
21480,5764.0977
21481,9237.132
21482,3816.6917
21483,2373.2368
21484,5688.1577
21485,4412.198
21486,4006.5205
21487,5292.6616
21488,3171.1663
21489,6471.003
21490,3714.0596
21491,7566.26
21492,2958.8042
21493,3305.5151
21494,6864.1377
21495,5872.671
21496,7541.23
21497,5080.978
21498,5717.455
21499,6601.283
21500,6412.112
21501,7270.417
21502,3769.1748
21503,4903.407
21504,4144.3022
21505,4489.873
21506,6246.9956
21507,3193.3032
21508,6816.9453
21509,4622.7046
21510,6277.099
21511,6340.2026
21512,6662.7246
21513,6197.6875
21514,4465.5146
21515,4414.6274
21516,3428.5176
21517,6757.9097
21518,7551.5015
21519,4845.5757
21520,6321.441
21521,7268.5586
21522,3997.023
21523,3969.078
21524,6165.918
21525,3770.4873
21526,2894.4346
21527,3962.7146
21528,5169.255
21529,4614.105
21530,3552.105
21531,5368.0005
21532,4344.81
21533,4631.5493
21534,7832.701
21535,3701.5952
21536,6163.5776
21537,7151.0444
21538,3438.606
21539,5938.5195
21540,3815.4722
21541,6221.005
21542,2423.231
21543,3304.0996
21544,5354.878
21545,8287.253
21546,3681.382
21547,3768.905
21548,7191.531
21549,4358.159
21550,5399.382
21551,9162.417
21552,7650.7373
21553,6118.2124
21554,5208.4146
21555,3359.2158
21556,5174.593
21557,2624.1726
21558,4816.356
21559,6407.918
21560,2838.5442
21561,3355.8496
21562,2393.2314
21563,4422.3657
21564,4599.893
21565,5897.977
21566,6792.45
21567,6164.8945
21568,2868.6506
21569,2319.1902
21570,3395.8435
21571,4039.3696
21572,6421.6416
21573,5248.727
21574,4850.834
21575,6557.855
21576,5500.9863
21577,5368.5127
21578,5166.5684
21579,6323.2983
21580,10374.632
21581,3167.5352
21582,5385.4736
21583,6189.452
21584,7813.696
21585,3676.1218
21586,4963.2544
21587,5851.898
21588,6654.455
21589,7705.6777
21590,7621.175
21591,6200.9517
21592,4180.948
21593,8548.353
21594,14765.153
21595,7756.9053
21596,4685.8257
21597,3787.282
21598,5814.9575
21599,3714.3323
21600,2461.7146
21601,16300.553
21602,17627.281
21603,2835.283
21604,2116.8887
21605,9299.993
21606,4005.8518
21607,6268.358
21608,3184.3625
21609,4350.882
21610,6011.8633
21611,5462.602
21612,5710.686
21613,3212.4883
21614,7931.417
21615,2985.7205
21616,4573.415
21617,4139.8613
21618,4926.9946
21619,4580.6055
21620,6676.0005
21621,5949.0874
21622,5909.8086
21623,4265.085
21624,3428.3147
21625,3238.7517
21626,2992.65
21627,4188.4565
21628,6425.7163
21629,3873.4514
21630,3558.4268
21631,3299.8599
21632,3942.979
21633,3533.743
21634,4609.512
21635,5314.7236
21636,2322.5593
21637,4163.123
21638,7085.77
21639,3019.95
21640,5688.1577
21641,5414.436
21642,2974.5813
21643,1899.8763
21644,8400.994
21645,6031.8574
21646,4558.311
21647,9328.741
21648,5663.9404
21649,3849.5452
21650,4534.766
21651,2961.2087
21652,3795.0684
21653,3120.1287
21654,2615.4236
21655,4135.6455
21656,5644.455
21657,8798.648
21658,6773.2812
21659,3198.6448
21660,4375.433
21661,3294.764
21662,4116.8315
21663,4081.2227
21664,7975.423
21665,3679.525
21666,4991.584
21667,3292.4202
21668,4101.282
21669,4382.0073
21670,6143.3286
21671,6942.5913
21672,3670.932
21673,7306.622
21674,7373.481
21675,8262.888
21676,3976.4033
21677,5045.8076
21678,6801.728
21679,6713.5283
21680,10924.594
21681,1983.121
21682,6488.2153
21683,4670.3013
21684,8387.384
21685,5146.687
21686,6463.8594
21687,5155.369
21688,5053.4565
21689,4834.537
21690,4615.408
21691,3435.0913
21692,5102.5083
21693,6028.976
21694,12477.253
21695,7890.5283
21696,7630.0264
21697,8018.242
21698,7165.6626
21699,4218.614
21700,2999.2837
21701,4836.682
21702,4884.2637
21703,8816.962
21704,2946.4485
21705,3336.9607
21706,5784.8184
21707,3289.1177
21708,4982.9644
21709,3112.7466
21710,3031.0854
21711,4752.1294
21712,2428.882
21713,5433.1436
21714,5533.0767
21715,5478.465
21716,6892.4463
21717,8474.526
21718,5675.5464
21719,6715.6997
21720,4787.2114
21721,5616.9673
21722,2933.1003
21723,3098.3215
21724,4574.366
21725,8243.775
21726,2900.801
21727,6965.9795
21728,3931.5874
21729,4133.228
21730,4960.0264
21731,5659.885
21732,4633.2466
21733,5140.5493
21734,7760.65
21735,5901.1113
21736,2358.9248
21737,5111.3594
21738,2769.8264
21739,5310.1885
21740,7325.987
21741,5049.2744
21742,5530.634
21743,2532.1172
21744,3783.0393
21745,4024.0283
21746,6882.1265
21747,5516.8506
21748,3626.0073
21749,2818.87
21750,5041.632
21751,5002.194
21752,4951.5933
21753,5057.4443
21754,7630.2593
21755,5569.1455
21756,5301.9844
21757,4591.6387
21758,5058.342
21759,4164.934
21760,4933.7104
21761,5275.399
21762,8993.626
21763,7011.9087
21764,4460.3037
21765,2352.4858
21766,4621.1216
21767,6258.8047
21768,5641.5645
21769,3216.125
21770,5791.7085
21771,2839.2024
21772,7267.214
21773,2799.001
21774,4643.0503
21775,7031.559
21776,4924.603
21777,7719.9346
21778,6172.32
21779,4181.4624
21780,3911.7344
21781,5429.4653
21782,4287.635
21783,3011.506
21784,6688.225
21785,7930.5396
21786,3281.8774
21787,4040.229
21788,3739.2463
21789,4982.8975
21790,3543.3125
21791,4533.0317
21792,4143.9424
21793,7123.7456
21794,6581.1274
21795,6772.1504
21796,3634.1313
21797,2795.524
21798,6351.412
21799,5391.9087
21800,3073.918
21801,4519.837
21802,6244.267
21803,2682.2153
21804,7422.224
21805,5265.666
21806,5250.0186
21807,3709.4211
21808,3383.5042
21809,8177.0474
21810,5585.4243
21811,7431.5464
21812,4810.5522
21813,5046.6357
21814,3893.9312
21815,2703.3245
21816,5962.2095
21817,6173.427
21818,5046.9243
21819,3171.0242
21820,4036.4692
21821,3640.8665
21822,4517.367
21823,4464.667
21824,3019.9329
21825,5904.7544
21826,3220.6567
21827,4123.3594
21828,7213.0806
21829,6624.3555
21830,5183.7324
21831,3325.9517
21832,2586.034
21833,7061.8853
21834,19258.906
21835,2345.6714
21836,5835.872
21837,4718.0015
21838,3249.258
21839,4973.6094
21840,6287.0635
21841,2839.2214
21842,6910.6875
21843,4726.56
21844,2536.8442
21845,8887.394
21846,2984.6667
21847,3559.1396
21848,6124.863
21849,4758.4478
21850,6976.312
21851,3139.5422
21852,4355.3413
21853,5028.3955
21854,6493.645
21855,10405.759
21856,8959.918
21857,4044.32
21858,2979.8982
21859,5323.8975
21860,3915.5835
21861,2811.864
21862,3574.5432
21863,3282.7292
21864,4966.9673
21865,4962.719
21866,4684.141
21867,3664.5815
21868,4051.081
21869,6400.636
21870,5525.0815
21871,2793.0232
21872,2966.9236
21873,5575.619
21874,8796.333
21875,4307.9775
21876,5900.4136
21877,2294.5168
21878,6177.939
21879,3799.1106
21880,2932.9785
21881,4059.1191
21882,3034.7021
21883,3753.9426
21884,6105.9116
21885,3685.9153
21886,5530.2324
21887,6069.394
21888,4563.5967
21889,5562.297
21890,5650.1704
21891,6303.9614
21892,5252.6987
21893,2666.4387
21894,7593.197
21895,3309.0361
21896,4192.23
21897,4842.392
21898,7931.2124
21899,6872.621
21900,3674.4565
21901,3011.512
21902,3790.5674
21903,5375.4404
21904,4141.0186
21905,6935.7144
21906,3145.244
21907,3084.046
21908,6004.19
21909,5281.3
21910,2498.607
21911,5741.43
21912,7713.7075
21913,2583.3018
21914,4731.7974
21915,6955.9805
21916,6974.609
21917,3975.6257
21918,4121.543
21919,3673.363
21920,7037.752
21921,4375.2163
21922,2894.795
21923,11123.138
21924,7608.842
21925,7415.9336
21926,4866.4614
21927,1683.185
21928,6596.6377
21929,3733.2551
21930,7647.571
21931,5051.2734
21932,4010.0344
21933,6562.592
21934,3846.902
21935,5660.9
21936,4634.029
21937,3444.4597
21938,6461.295
21939,10273.458
21940,5178.1035
21941,3272.0396
21942,5572.849
21943,2416.5173
21944,2180.8994
21945,4588.447
21946,3318.7573
21947,4028.299
21948,4379.4375
21949,5273.8896
21950,3918.3408
21951,4382.9897
21952,3839.2769
21953,6020.4883
21954,5223.729
21955,5502.482
21956,4797.3457
21957,3941.1362
21958,5549.4404
21959,6823.229
21960,5883.9688
21961,6211.299
21962,4003.2007
21963,3037.6506
21964,5593.8374
21965,6415.6543
21966,3912.2942
21967,3246.0793
21968,18407.4
21969,3829.2002
21970,5339.6123
21971,3473.871
21972,5521.9414
21973,7565.502
21974,6621.109
21975,6027.912
21976,6853.2715
21977,4107.331
21978,5990.044
21979,5395.1396
21980,2110.7334
21981,4441.695
21982,2974.482
21983,3122.1294
21984,6938.09
21985,13395.0625
21986,4183.6567
21987,2313.909
21988,3928.5396
21989,4432.2144
21990,3676.0762
21991,1432.4556
21992,3332.6692
21993,5275.968
21994,3983.0696
21995,5700.547
21996,12780.417
21997,4724.599
21998,2811.7834
21999,3423.6248
22000,4494.8955
22001,4452.329
22002,5966.175
22003,4667.4424
22004,3656.435
22005,3115.9136
22006,4618.7334
22007,3002.9111
22008,6151.6196
22009,2079.1125
22010,4973.5337
22011,3756.074
22012,5272.959
22013,4511.334
22014,4288.756
22015,3421.3167
22016,2731.2126
22017,5418.9414
22018,5879.217
22019,3193.3762
22020,4829.02
22021,3815.3557
22022,4996.2046
22023,2547.612
22024,5773.821
22025,5572.0835
22026,5306.244
22027,4270.626
22028,3152.739
22029,3872.2507
22030,4644.6406
22031,6348.1357
22032,4924.5234
22033,5072.02
22034,6579.1504
22035,5530.1377
22036,2855.8657
22037,4387.8677
22038,2787.0159
22039,4047.8633
22040,5381.191
22041,7289.7417
22042,6550.3975
22043,4697.009
22044,2136.1292
22045,1877.2655
22046,4678.9297
22047,15433.529
22048,2554.3804
22049,4469.6865
22050,3921.7812
22051,5779.182
22052,4121.1104
22053,6754.778
22054,5818.531
22055,4456.7227
22056,4538.7173
22057,6096.2163
22058,3739.803
22059,4609.8247
22060,4701.496
22061,2827.8853
22062,4816.011
22063,4492.765
22064,3874.279
22065,4964.5044
22066,2719.9717
22067,2865.9424
22068,6342.755
22069,6625.91
22070,2375.0684
22071,5441.597
22072,5586.879
22073,4747.141
22074,3849.244
22075,3352.813
22076,3340.84
22077,3507.2188
22078,4663.428
22079,2294.5332
22080,4361.619
22081,3225.6873
22082,5313.8926
22083,3730.087
22084,3340.1233
22085,5673.8306
22086,7343.3154
22087,4500.3228
22088,5575.2153
22089,4461.355
22090,5053.143
22091,5057.3335
22092,5672.9106
22093,3517.4246
22094,3372.004
22095,3998.819
22096,2918.359
22097,7681.806
22098,5450.8076
22099,5537.5273
22100,6065.5396
22101,6347.9297
22102,2608.0928
22103,5664.751
22104,5235.731
22105,5003.0913
22106,5827.3228
22107,8229.94
22108,5380.093
22109,3942.9487
22110,3797.9111
22111,3938.6858
22112,3512.5793
22113,6410.895
22114,3125.464
22115,5372.8975
22116,5973.5205
22117,4686.3623
22118,7672.126
22119,3457.8755
22120,5598.049
22121,2525.5054
22122,4877.68
22123,4341.9927
22124,1971.139
22125,5185.968
22126,4450.0024
22127,5937.84
22128,6436.991
22129,3050.1982
22130,5817.1875
22131,5208.7676
22132,7748.394
22133,2379.0337
22134,1998.5682
22135,4749.2925
22136,9038.445
22137,3411.0251
22138,7265.9663
22139,4879.486
22140,2944.5544
22141,4277.239
22142,2511.418
22143,6017.7783
22144,5328.744
22145,5898.0107
22146,6138.6895
22147,5851.0493
22148,3495.1516
22149,5147.0996
22150,2375.4785
22151,2235.1375
22152,5875.971
22153,5756.2847
22154,4728.2915
22155,4865.9697
22156,2971.9277
22157,4548.4297
22158,4844.467
22159,5546.408
22160,6246.1914
22161,2419.7886
22162,3507.8513
22163,2836.7725
22164,4140.197
22165,3464.6543
22166,3070.9663
22167,3838.105
22168,2985.4355
22169,4224.445
22170,4114.9233
22171,5420.379
22172,4234.624
22173,6125.0034
22174,4033.9019
22175,2071.4287
22176,6930.279
22177,4743.1943
22178,5013.3813
22179,2540.2847
22180,6132.8604
22181,4533.966
22182,5088.3115
22183,7736.0547
22184,7021.995
22185,5590.0024
22186,5198.2993
22187,4720.842
22188,7322.655
22189,8368.518
22190,2975.2852
22191,4548.6553
22192,4960.594
22193,5380.1284
22194,5723.3315
22195,6787.159
22196,3436.3499
22197,4667.834
22198,2968.424
22199,5563.4326
22200,3448.7766
22201,3050.2915
22202,6326.924
22203,2770.9204
22204,5275.7666
22205,5991.2324
22206,4745.0312
22207,5668.3564
22208,3991.2432
22209,4656.8184
22210,5376.5425
22211,4475.685
22212,8231.408
22213,4588.254
22214,6333.366
22215,5181.755
22216,2823.0293
22217,7649.1904
22218,2891.17
22219,7300.861
22220,4379.5796
22221,4624.0894
22222,6240.397
22223,3819.9224
22224,3629.5166
22225,5543.5522
22226,2469.2207
22227,2668.504
22228,6115.167
22229,5724.7295
22230,5864.498
22231,5189.639
22232,4516.389
22233,3987.9663
22234,4846.5557
22235,2914.433
22236,9743.458
22237,4948.1323
22238,7335.461
22239,4217.8774
22240,2712.4775
22241,11225.493
22242,4792.4795
22243,3213.4937
22244,7393.023
22245,4093.3403
22246,4493.738
22247,4620.368
22248,3807.0193
22249,2831.2285
22250,3838.4126
22251,4499.6484
22252,3207.9253
22253,6887.025
22254,4387.788
22255,16937.23
22256,6341.5146
22257,4071.1985
22258,3738.3655
22259,5762.9927
22260,3125.443
22261,5724.795
22262,3844.8035
22263,5662.5957
22264,5550.266
22265,4067.1887
22266,3443.5398
22267,5813.6543
22268,5355.8228
22269,4468.2886
22270,6080.0034
22271,4754.2646
22272,2947.2285
22273,4516.7896
22274,6991.38
22275,8471.125
22276,6160.292
22277,6982.4165
22278,3559.578
22279,5601.6865
22280,2452.5837
22281,6749.9473
22282,8531.882
22283,8872.318
22284,5044.3257
22285,3148.1797
22286,4028.4067
22287,5614.219
22288,8574.336
22289,5202.5454
22290,4753.757
22291,4175.6313
22292,5568.1045
22293,2828.6084
22294,6941.929
22295,4068.5583
22296,5481.9043
22297,6716.494
22298,3649.1106
22299,8128.6567
22300,4549.792
22301,4024.5273
22302,3943.6484
22303,6160.4565
22304,9234.744
22305,5400.283
22306,5972.056
22307,5724.5654
22308,8627.189
22309,6168.9595
22310,5292.606
22311,3022.2847
22312,3187.7727
22313,4683.5156
22314,5642.6626
22315,7532.891
22316,7319.3516
22317,3545.5781
22318,6217.06
22319,5468.6704
22320,5207.605
22321,3081.3667
22322,8409.283
22323,3222.4055
22324,4981.6523
22325,5233.0996
22326,5209.8706
22327,5075.7466
22328,3835.4478
22329,5738.2656
22330,4813.0674
22331,5137.6816
22332,7128.1636
22333,6559.238
22334,5627.365
22335,3406.9016
22336,5267.5146
22337,9495.775
22338,4874.201
22339,3287.035
22340,6421.06
22341,4028.9333
22342,6537.221
22343,8253.798
22344,2958.6619
22345,6725.18
22346,4850.635
22347,5846.0454
22348,4751.993
22349,3092.9734
22350,5365.0312
22351,4601.526
22352,6708.932
22353,4852.407
22354,4336.14
22355,4855.088
22356,5742.8647
22357,5654.165
22358,4521.096
22359,7153.248
22360,4186.236
22361,5235.1567
22362,5477.394
22363,3093.4072
22364,5168.333
22365,5394.404
22366,6104.368
22367,7417.539
22368,7407.959
22369,4909.1963
22370,7106.9893
22371,3994.553
22372,3658.1516
22373,7489.119
22374,5803.5703
22375,6513.93
22376,7662.4365
22377,6908.73
22378,5298.5264
22379,5373.031
22380,7017.9907
22381,3814.7007
22382,2908.6501
22383,4622.7354
22384,4450.1724
22385,6290.321
22386,3388.766
22387,4968.3696
22388,6542.5234
22389,4063.02
22390,5744.925
22391,3413.968
22392,5941.1367
22393,6285.295
22394,3796.9404
22395,5018.515
22396,3331.299
22397,6363.255
22398,3395.9763
22399,4041.7593
22400,4179.2534
22401,7119.2964
22402,5442.999
22403,5499.953
22404,9793.106
22405,3925.0784
22406,5113.344
22407,8933.2
22408,5613.0146
22409,6770.3228
22410,5143.885
22411,5050.594
22412,5773.7383
22413,4384.47
22414,5624.7036
22415,5947.998
22416,4128.937
22417,2764.95
22418,3473.4338
22419,7536.9087
22420,8316.559
22421,5332.797
22422,5878.23
22423,4541.233
22424,3102.5925
22425,2255.423
22426,3302.4705
22427,5318.1313
22428,6266.349
22429,4759.61
22430,4500.3228
22431,7203.4346
22432,7030.305
22433,6506.609
22434,5251.982
22435,5883.183
22436,7657.6875
22437,3525.5474
22438,5269.3945
22439,4940.6616
22440,6237.249
22441,3389.0603
22442,4732.0547
22443,4640.447
22444,6590.833
22445,5912.5654
22446,7272.4907
22447,6989.333
22448,5419.6807
22449,6642.679
22450,14296.031
22451,8941.69
22452,5024.44
22453,2952.1855
22454,5928.502
22455,7333.2295
22456,2955.4783
22457,11440.29
22458,13175.885
22459,4732.4473
22460,2574.351
22461,7040.0684
22462,3705.4778
22463,7244.528
22464,3322.2227
22465,5257.6157
22466,3941.2754
22467,6807.0303
22468,6473.917
22469,4819.049
22470,7215.888
22471,5995.4453
22472,5879.6655
22473,6102.1504
22474,5659.885
22475,4292.8813
22476,7878.8413
22477,4588.9673
22478,5359.533
22479,4239.49
22480,3336.168
22481,3752.8542
22482,4917.1587
22483,4188.385
22484,6468.8677
22485,5970.615
22486,5293.071
22487,4357.814
22488,4068.4653
22489,3858.4053
22490,4324.76
22491,4993.37
22492,3660.857
22493,4340.99
22494,5928.3833
22495,6133.4453
22496,5989.8267
22497,5476.981
22498,3175.3984
22499,3201.9602
22500,8028.474
22501,4868.6343
22502,5744.8647
22503,11618.348
22504,6787.703
22505,4953.398
22506,4513.6157
22507,2910.9875
22508,3925.9658
22509,3703.3398
22510,3768.1035
22511,6284.8755
22512,5430.004
22513,9960.271
22514,8925.212
22515,5477.6655
22516,5290.774
22517,3732.7388
22518,5098.777
22519,4615.21
22520,11240.728
22521,6165.077
22522,6356.7153
22523,3678.4895
22524,5079.5195
22525,5279.4717
22526,5220.1475
22527,5737.138
22528,4323.815
22529,6622.7827
22530,5261.0825
22531,7476.358
22532,5990.3237
22533,5938.9214
22534,6711.07
22535,6762.0103
22536,8966.483
22537,3420.292
22538,5042.834
22539,5118.429
22540,7842.1797
22541,6220.946
22542,6374.9307
22543,7177.058
22544,8477.906
22545,4784.92
22546,6183.752
22547,4848.9233
22548,3825.5417
22549,10761.427
22550,13235.786
22551,6245.792
22552,6874.457
22553,6992.5806
22554,6738.51
22555,6707.032
22556,3272.1426
22557,4548.343
22558,5409.677
22559,7123.379
22560,2965.131
22561,4274.9136
22562,5006.9297
22563,3835.093
22564,4688.021
22565,3480.2131
22566,3158.8083
22567,5614.5137
22568,2831.4094
22569,4158.451
22570,4984.8374
22571,5119.6157
22572,7696.782
22573,8414.571
22574,5850.681
22575,6207.366
22576,5923.0986
22577,7529.6875
22578,5988.2217
22579,3291.6287
22580,4430.236
22581,7727.8906
22582,3813.569
22583,6204.081
22584,3500.537
22585,4256.294
22586,6320.1987
22587,6103.46
22588,5326.046
22589,7400.494
22590,8191.1367
22591,6043.9404
22592,4058.999
22593,8288.865
22594,2624.9075
22595,4312.0806
22596,5507.9116
22597,4213.024
22598,5746.9253
22599,2896.632
22600,4714.7534
22601,5679.1475
22602,8122.681
22603,8931.548
22604,3776.524
22605,3729.6172
22606,8350.705
22607,6529.17
22608,5602.2314
22609,4814.6426
22610,5726.0293
22611,6447.093
22612,5034.0825
22613,4440.712
22614,6715.405
22615,5622.07
22616,9466.974
22617,6420.276
22618,10355.049
22619,5659.9873
22620,4908.569
22621,2679.333
22622,5316.747
22623,5359.7275
22624,5134.0566
22625,4665.23
22626,5173.468
22627,2884.668
22628,6754.211
22629,3694.374
22630,7348.4375
22631,6369.576
22632,5295.8687
22633,6595.405
22634,5004.6665
22635,5381.3965
22636,6003.526
22637,4977.487
22638,5235.047
22639,4166.4956
22640,7592.531
22641,6145.8545
22642,3585.5056
22643,4253.007
22644,5720.3135
22645,5456.306
22646,3832.478
22647,5478.4546
22648,4337.782
22649,5395.3506
22650,5908.1626
22651,7059.326
22652,4510.2544
22653,4222.5757
22654,6018.1914
22655,4956.7725
22656,3393.91
22657,4682.0103
22658,7379.0317
22659,5606.8877
22660,9346.893
22661,7659.411
22662,7369.2134
22663,4204.0435
22664,4325.28
22665,8575.006
22666,7066.049
22667,6338.171
22668,5036.205
22669,6026.2046
22670,4148.7046
22671,2831.7998
22672,9532.399
22673,5604.439
22674,5285.881
22675,3959.9185
22676,3315.6213
22677,7637.3877
22678,5800.1562
22679,4804.018
22680,3859.3696
22681,5386.1875
22682,4424.311
22683,4451.905
22684,5974.398
22685,5074.517
22686,4182.42
22687,3551.9458
22688,2702.3447
22689,5792.985
22690,14473.13
22691,4230.978
22692,5248.4966
22693,5545.784
22694,3350.514
22695,4184.7944
22696,5515.4927
22697,3366.9766
22698,8666.843
22699,6383.0596
22700,2750.8276
22701,6879.1597
22702,3229.5266
22703,3924.397
22704,6660.3545
22705,6612.1216
22706,8337.287
22707,3767.3667
22708,4838.1953
22709,3980.7297
22710,5362.591
22711,11974.536
22712,8807.112
22713,5479.6772
22714,3545.2126
22715,5073.583
22716,4310.719
22717,2874.997
22718,6183.416
22719,3942.7683
22720,6185.3213
22721,6293.778
22722,4692.365
22723,3940.5725
22724,4662.3564
22725,6530.9326
22726,5862.4346
22727,2944.3635
22728,4819.4624
22729,6183.4805
22730,7308.476
22731,5550.563
22732,6535.862
22733,2544.7576
22734,8349.693
22735,4400.996
22736,3730.1865
22737,4366.29
22738,4759.823
22739,4135.969
22740,6550.2036
22741,4708.1245
22742,6349.165
22743,5354.8984
22744,4768.817
22745,5934.2783
22746,4717.5786
22747,7388.2646
22748,5238.0737
22749,3150.8418
22750,8285.355
22751,3811.7542
22752,3915.9832
22753,5727.471
22754,6596.449
22755,7895.1655
22756,3547.696
22757,4478.478
22758,5518.2554
22759,5540.2695
22760,5367.944
22761,6698.248
22762,2982.66
22763,5317.1274
22764,5367.0635
22765,4476.629
22766,3701.9941
22767,6397.8774
22768,6218.513
22769,3667.9985
22770,5388.9834
22771,6803.934
22772,7805.145
22773,4134.6045
22774,4152.985
22775,4573.4673
22776,6417.0923
22777,4596.5815
22778,2986.0366
22779,7536.2905
22780,6470.966
22781,6250.3154
22782,4544.1235
22783,3063.4553
22784,6041.7964
22785,3845.009
22786,8068.8457
22787,4962.8564
22788,4328.177
22789,7274.947
22790,4407.159
22791,5111.7007
22792,7768.6704
22793,3738.116
22794,6486.0127
22795,8707.525
22796,5652.7363
22797,3490.1738
22798,4855.565
22799,2838.3074
22800,2456.7231
22801,4818.8555
22802,5642.054
22803,5313.7554
22804,3854.4175
22805,5480.42
22806,4088.2283
22807,8616.293
22808,4449.438
22809,5371.668
22810,5151.5396
22811,5157.3955
22812,5452.5913
22813,4935.7393
22814,6251.496
22815,7583.549
22816,6677.535
22817,6660.6147
22818,5391.456
22819,3066.0105
22820,4626.7983
22821,8671.622
22822,6053.46
22823,4186.3438
22824,14129.156
22825,4066.634
22826,5147.4385
22827,4099.487
22828,6914.9863
22829,7953.3174
22830,6264.5264
22831,6629.1465
22832,7266.6733
22833,6143.7446
22834,6269.9365
22835,4799.3047
22836,2629.113
22837,4570.2534
22838,3019.152
22839,3317.8645
22840,6956.584
22841,16147.167
22842,5146.383
22843,3427.3306
22844,4652.143
22845,3984.6162
22846,5581.8877
22847,2452.6938
22848,5609.728
22849,5824.25
22850,4382.4634
22851,7568.4463
22852,10604.519
22853,5084.59
22854,4192.2217
22855,3591.791
22856,4664.069
22857,4526.0713
22858,7113.5337
22859,4151.23
22860,4104.3896
22861,4791.1675
22862,4930.8643
22863,5399.0625
22864,5844.1274
22865,2933.0918
22866,6491.527
22867,4241.946
22868,5597.024
22869,3845.394
22870,3831.279
22871,5136.937
22872,4026.8967
22873,6676.5034
22874,4814.5596
22875,3517.9414
22876,5127.0435
22877,5579.907
22878,4518.5435
22879,5074.178
22880,5324.5522
22881,5600.96
22882,5765.423
22883,5742.7446
22884,3395.9568
22885,3807.6187
22886,6919.0767
22887,5412.288
22888,4393.865
22889,4902.771
22890,10363.368
22891,6622.8896
22892,4103.6616
22893,3799.0417
22894,4393.2744
22895,5804.03
22896,4999.127
22897,7398.7085
22898,5644.8105
22899,4899.223
22900,3708.1687
22901,2488.9712
22902,4710.95
22903,13102.088
22904,2685.3877
22905,4559.3936
22906,5884.777
22907,6114.3564
22908,4929.1006
22909,7199.423
22910,5247.3003
22911,5922.1606
22912,3917.2495
22913,5158.143
22914,3758.0378
22915,4639.389
22916,6695.7246
22917,4213.7153
22918,6113.0615
22919,5738.5117
22920,3479.7715
22921,6171.89
22922,5401.293
22923,3030.01
22924,6661.4854
22925,5853.6675
22926,4311.904
22927,8396.06
22928,6089.7363
22929,6734.173
22930,3599.7112
22931,3679.7532
22932,4234.8984
22933,3152.9736
22934,5736.941
22935,2753.62
22936,5013.587
22937,3167.9521
22938,5752.0474
22939,3927.6853
22940,4477.607
22941,4960.206
22942,6513.9736
22943,4315.8047
22944,6444.4736
22945,4876.266
22946,5590.904
22947,6217.517
22948,6505.74
22949,3409.2683
22950,4907.1226
22951,5029.005
22952,4475.839
22953,9057.448
22954,5441.0366
22955,6288.899
22956,7022.9326
22957,6582.0815
22958,2711.3662
22959,7555.752
22960,5910.4624
22961,5579.966
22962,6042.47
22963,7865.214
22964,7336.966
22965,4492.7095
22966,4160.384
22967,3965.982
22968,5204.094
22969,5478.935
22970,3479.7317
22971,5108.396
22972,6452.9927
22973,4716.0576
22974,7043.104
22975,4564.106
22976,6235.036
22977,2844.2612
22978,4231.3813
22979,4888.887
22980,3723.5918
22981,5318.984
22982,6527.0283
22983,5931.658
22984,5126.1685
22985,3190.1182
22986,5844.161
22987,5569.682
22988,6123.9927
22989,3278.9546
22990,2471.462
22991,4955.472
22992,6539.4287
22993,3537.2268
22994,6607.992
22995,5918.507
22996,5386.121
22997,4196.631
22998,2547.1807
22999,5370.177
23000,5936.9053
23001,5356.0376
23002,6654.0615
23003,6381.751
23004,3557.7615
23005,5887.3315
23006,2653.6345
23007,2229.9243
23008,5898.4214
23009,9474.471
23010,5257.5054
23011,4621.73
23012,3258.1196
23013,4491.047
23014,8509.761
23015,4998.836
23016,6374.171
23017,4194.17
23018,4051.3708
23019,2970.1663
23020,3941.61
23021,3436.1465
23022,3200.4272
23023,4935.8525
23024,3164.5964
23025,6936.674
23026,4812.6543
23027,4861.2144
23028,3961.5203
23029,6922.3906
23030,4662.7344
23031,3751.3901
23032,7524.4033
23033,5751.3726
23034,5695.1504
23035,2576.9792
23036,7187.8687
23037,5522.405
23038,4759.006
23039,7736.062
23040,7910.98
23041,6163.4893
23042,5840.188
23043,4805.402
23044,7032.713
23045,10875.95
23046,3313.038
23047,3892.7798
23048,4915.738
23049,5859.1416
23050,5667.8535
23051,8330.292
23052,5940.9272
23053,5862.5854
23054,3011.8337
23055,5049.202
23056,5449.758
23057,3106.0842
23058,6132.527
23059,3063.3792
23060,5890.2524
23061,5715.754
23062,5265.666
23063,5386.691
23064,4000.662
23065,4346.493
23066,6083.565
23067,5282.1514
23068,7161.611
23069,5089.195
23070,6950.8203
23071,5034.8267
23072,3458.5022
23073,7774.3926
23074,2850.1472
23075,6930.9727
23076,5728.979
23077,4387.4614
23078,5785.6406
23079,3978.8506
23080,4534.2773
23081,6031.3975
23082,3013.5552
23083,2723.1367
23084,5599.7256
23085,5059.529
23086,8091.4346
23087,5051.582
23088,4744.9316
23089,4672.953
23090,5453.403
23091,3083.731
23092,9026.1
23093,5894.9062
23094,11116.266
23095,5102.635
23096,4791.25
23097,8032.8857
23098,6347.2695
23099,3394.3115
23100,8347.265
23101,5858.5327
23102,4429.86
23103,4579.771
23104,4082.3127
23105,3453.8567
23106,3976.8774
23107,4105.02
23108,3244.9307
23109,7662.707
23110,5227.3677
23111,16133.159
23112,5885.664
23113,5041.492
23114,7501.351
23115,9930.486
23116,5734.009
23117,7516.5635
23118,5939.001
23119,8225.546
23120,8103.73
23121,5425.3496
23122,5857.644
23123,7519.625
23124,7992.732
23125,7262.364
23126,7998.1997
23127,6006.0
23128,5024.0615
23129,6062.595
23130,10508.467
23131,11212.877
23132,9527.873
23133,8272.382
23134,5008.5776
23135,6623.7617
23136,4523.326
23137,8569.553
23138,10612.057
23139,9735.599
23140,6291.0166
23141,5368.9937
23142,4951.7065
23143,6493.447
23144,10036.58
23145,7263.181
23146,5573.195
23147,5414.5757
23148,7590.315
23149,4446.998
23150,8043.949
23151,4807.41
23152,7301.418
23153,7875.1978
23154,6070.789
23155,8021.5317
23156,6570.9976
23157,5513.6675
23158,6295.645
23159,7302.992
23160,11057.389
23161,6871.8545
23162,8324.55
23163,7664.9
23164,10141.91
23165,7297.679
23166,9648.944
23167,5158.6353
23168,5288.5034
23169,6975.82
23170,7087.757
23171,9494.544
23172,8084.947
23173,5544.2925
23174,7337.5254
23175,6590.204
23176,10476.263
23177,4703.2275
23178,12610.372
23179,5107.802
23180,6552.4033
23181,8047.3335
23182,6388.5415
23183,6432.339
23184,7585.3716
23185,7621.429
23186,6122.4624
23187,6009.7764
23188,8309.098
23189,7497.882
23190,7510.5293
23191,5128.3057
23192,7664.9434
23193,10724.786
23194,6993.8945
23195,5275.399
23196,7831.065
23197,6270.8037
23198,6820.054
23199,7519.7114
23200,4726.6953
23201,7835.1743
23202,7059.8174
23203,7689.98
23204,7490.8335
23205,5377.2915
23206,6779.5894
23207,5990.004
23208,8016.193
23209,8047.08
23210,5514.1465
23211,5798.801
23212,6824.902
23213,6584.5933
23214,6437.2676
23215,8827.43
23216,7306.58
23217,7674.688
23218,6484.639
23219,5378.0454
23220,6732.2334
23221,8906.513
23222,7908.551
23223,8877.804
23224,8832.491
23225,6603.3926
23226,9134.835
23227,6486.229
23228,7764.411
23229,9571.876
23230,7225.5923
23231,9802.302
23232,9158.651
23233,8375.864
23234,6909.1055
23235,8085.5405
23236,8182.3135
23237,6538.356
23238,4905.812
23239,6542.3174
23240,7855.2954
23241,7297.561
23242,5795.6875
23243,7901.373
23244,6792.6187
23245,6951.5566
23246,6894.018
23247,5581.4194
23248,7490.798
23249,7551.141
23250,7188.15
23251,6233.092
23252,5855.795
23253,7616.2554
23254,4197.156
23255,6704.819
23256,5343.79
23257,8591.362
23258,7115.8613
23259,6620.6665
23260,9440.149
23261,5787.6167
23262,5979.4316
23263,10485.47
23264,6897.945
23265,7676.181
23266,8360.803
23267,6163.807
23268,6788.26
23269,5834.926
23270,7971.0195
23271,9975.692
23272,6522.529
23273,3583.1294
23274,5828.162
23275,8338.639
23276,9259.66
23277,6543.1475
23278,7168.814
23279,5283.275
23280,5331.7134
23281,3663.3618
23282,5489.209
23283,6899.7017
23284,7221.989
23285,7082.871
23286,7160.6274
23287,8422.616
23288,8625.732
23289,7725.4517
23290,6126.61
23291,9340.983
23292,9395.963
23293,6231.1836
23294,8075.3594
23295,5502.419
23296,7107.0166
23297,4722.5713
23298,6981.218
23299,5595.7427
23300,8621.966
23301,7406.136
23302,9230.43
23303,8398.559
23304,6865.159
23305,8084.6846
23306,15790.3
23307,11780.589
23308,6948.706
23309,3597.576
23310,6867.235
23311,9858.115
23312,6429.8667
23313,11138.383
23314,14298.513
23315,4376.1763
23316,5768.558
23317,8158.724
23318,6009.352
23319,9388.43
23320,6835.8145
23321,8063.0913
23322,4492.8037
23323,7196.0386
23324,7814.926
23325,7395.1953
23326,8172.3457
23327,6876.6147
23328,6762.062
23329,7206.3276
23330,5705.459
23331,6156.286
23332,8033.3457
23333,5973.133
23334,6686.018
23335,7444.323
23336,5690.057
23337,6033.273
23338,7278.6323
23339,6546.7495
23340,8267.279
23341,7087.392
23342,7343.946
23343,6474.065
23344,4988.476
23345,7667.1885
23346,6832.47
23347,5796.893
23348,5236.3804
23349,7527.0664
23350,7774.4077
23351,8147.9067
23352,8060.5845
23353,6729.152
23354,5377.4556
23355,5348.7114
23356,10512.687
23357,6115.2427
23358,7917.4644
23359,14555.147
23360,7682.8687
23361,6986.194
23362,5573.9443
23363,5037.738
23364,7515.3374
23365,4967.048
23366,6131.7725
23367,9156.808
23368,6288.917
23369,14049.404
23370,12448.583
23371,5830.353
23372,7854.576
23373,5548.5513
23374,7759.887
23375,6229.3296
23376,12919.751
23377,7823.98
23378,8375.48
23379,5468.034
23380,7671.848
23381,6035.581
23382,9401.073
23383,7331.09
23384,6670.3804
23385,6981.1978
23386,6090.968
23387,8509.07
23388,8934.3
23389,6587.4077
23390,10124.504
23391,7722.998
23392,9580.415
23393,5286.017
23394,5977.9546
23395,6409.727
23396,10486.84
23397,7557.352
23398,8555.522
23399,7219.4746
23400,9046.371
23401,5529.325
23402,8480.721
23403,7244.058
23404,4819.0166
23405,14297.149
23406,15559.406
23407,7963.99
23408,8117.856
23409,9820.718
23410,10461.506
23411,10279.495
23412,6477.1904
23413,7805.7554
23414,6495.243
23415,8865.373
23416,4931.8613
23417,6241.647
23418,5932.541
23419,5987.2163
23420,7599.7393
23421,5164.642
23422,5561.13
23423,6732.837
23424,4902.0605
23425,5194.9785
23426,5913.378
23427,6711.006
23428,9159.761
23429,9754.355
23430,7660.4854
23431,7051.8223
23432,7230.68
23433,10475.1045
23434,7736.9478
23435,5802.0483
23436,5272.431
23437,8561.718
23438,5492.807
23439,7288.796
23440,4008.516
23441,5733.5054
23442,8784.117
23443,6578.9307
23444,6562.623
23445,8872.589
23446,9767.23
23447,9354.268
23448,6621.134
23449,10129.846
23450,4105.576
23451,5862.8145
23452,6617.289
23453,5188.531
23454,7232.2593
23455,5585.765
23456,6369.8496
23457,8366.243
23458,10780.843
23459,8926.677
23460,6280.8184
23461,5808.7485
23462,10319.998
23463,7770.9307
23464,6919.5454
23465,5851.641
23466,6731.0264
23467,8978.559
23468,5554.6567
23469,7241.737
23470,8198.038
23471,8488.991
23472,13136.084
23473,7208.0464
23474,12201.605
23475,7242.469
23476,6065.8345
23477,3958.7854
23478,7094.947
23479,6952.584
23480,5629.459
23481,7601.378
23482,5872.3853
23483,4953.511
23484,7002.819
23485,5147.0454
23486,8137.6006
23487,7116.4517
23488,7957.665
23489,8133.271
23490,6506.9316
23491,7818.6235
23492,7276.196
23493,5890.067
23494,6161.573
23495,6662.9214
23496,11335.761
23497,6885.173
23498,5291.2485
23499,7442.08
23500,9174.606
23501,7498.8257
23502,6923.85
23503,8422.03
23504,6845.4385
23505,6349.571
23506,6892.6963
23507,8642.112
23508,6692.124
23509,7336.819
23510,7042.2915
23511,5953.015
23512,4698.833
23513,5966.6074
23514,8581.371
23515,9016.695
23516,10773.247
23517,12616.64
23518,8824.458
23519,6103.571
23520,5828.329
23521,11182.631
23522,10203.646
23523,8144.03
23524,8518.376
23525,9110.159
23526,6282.262
23527,4423.37
23528,10757.363
23529,6210.3213
23530,6860.5312
23531,6473.3364
23532,3949.013
23533,10750.624
23534,6654.4995
23535,5831.2095
23536,5584.7104
23537,5751.1147
23538,6449.0796
23539,8129.7886
23540,7150.335
23541,5618.1675
23542,4901.602
23543,4597.897
23544,4171.0967
23545,7816.4688
23546,15777.263
23547,5714.364
23548,6085.033
23549,6769.632
23550,5109.6436
23551,5470.8877
23552,6238.927
23553,4939.0547
23554,7453.112
23555,8056.0654
23556,4684.6416
23557,8380.73
23558,5519.0557
23559,5830.8813
23560,8321.073
23561,8345.84
23562,9828.505
23563,6414.718
23564,6616.2476
23565,5234.962
23566,6095.9375
23567,12898.464
23568,9687.452
23569,7306.9497
23570,5159.0093
23571,5778.8457
23572,6268.501
23573,5113.8564
23574,9688.885
23575,5616.5654
23576,6263.158
23577,7810.7153
23578,6003.4053
23579,6600.112
23580,7064.688
23581,7980.9775
23582,7900.574
23583,4810.6577
23584,6176.7075
23585,7529.8955
23586,9221.718
23587,8397.061
23588,7842.778
23589,4815.065
23590,8032.4033
23591,5824.833
23592,6471.8237
23593,7493.5493
23594,7467.336
23595,6996.877
23596,7869.8213
23597,6915.8306
23598,7152.886
23599,6134.188
23600,6936.8457
23601,7707.787
23602,6176.0947
23603,9067.067
23604,6769.7866
23605,5993.5874
23606,9954.6875
23607,5911.06
23608,4841.016
23609,8143.183
23610,8301.904
23611,10418.351
23612,5439.527
23613,6991.393
23614,6507.72
23615,7306.991
23616,6795.7554
23617,7976.868
23618,3668.8208
23619,6713.2275
23620,6655.7563
23621,5960.7993
23622,4882.9873
23623,7815.2017
23624,7597.406
23625,5765.423
23626,8374.242
23627,8090.177
23628,9336.272
23629,5421.568
23630,6617.813
23631,6713.413
23632,8173.9595
23633,7846.003
23634,5230.8438
23635,7338.7295
23636,8407.76
23637,7593.7183
23638,5770.1157
23639,4122.3525
23640,7047.828
23641,6944.995
23642,9756.17
23643,7479.5034
23644,6040.5513
23645,9018.983
23646,6884.129
23647,6525.7583
23648,7958.022
23649,5965.782
23650,8031.231
23651,11140.188
23652,8020.8276
23653,5200.6406
23654,6307.203
23655,5047.0786
23656,3731.9697
23657,8537.938
23658,6363.491
23659,9340.592
23660,5055.694
23661,7485.8555
23662,6846.0522
23663,10818.201
23664,5284.152
23665,6365.1484
23666,6628.129
23667,8229.163
23668,6017.388
23669,7947.4707
23670,8408.578
23671,9100.198
23672,7359.4565
23673,8191.7305
23674,6850.5005
23675,4961.4746
23676,6036.0186
23677,10609.506
23678,9715.035
23679,7081.6616
23680,14550.9
23681,6653.6875
23682,6349.377
23683,6597.097
23684,8407.103
23685,9513.29
23686,7725.429
23687,7986.4985
23688,8766.8
23689,7276.536
23690,7608.7983
23691,6264.2695
23692,5785.039
23693,6000.543
23694,5053.023
23695,5727.624
23696,8648.511
23697,15707.283
23698,7434.5596
23699,6409.727
23700,7430.129
23701,4808.0796
23702,7120.003
23703,4614.343
23704,9546.584
23705,6932.897
23706,7143.014
23707,11058.211
23708,12095.356
23709,6641.9507
23710,7915.4556
23711,4481.012
23712,6335.9463
23713,5862.8315
23714,8519.408
23715,5598.871
23716,4891.383
23717,5784.327
23718,5899.845
23719,7441.9165
23720,7143.798
23721,4331.018
23722,7944.386
23723,7156.264
23724,7916.875
23725,5200.8438
23726,5188.303
23727,8066.976
23728,4724.324
23729,9654.826
23730,5908.0103
23731,5817.5317
23732,7510.902
23733,6576.4526
23734,5337.8096
23735,6790.3
23736,7071.517
23737,9415.619
23738,10324.763
23739,7076.4424
23740,4590.7583
23741,6241.3853
23742,7468.148
23743,6225.255
23744,5935.586
23745,6432.5044
23746,11527.266
23747,8415.181
23748,7164.4736
23749,7143.014
23750,4956.328
23751,9224.533
23752,6053.2866
23753,11874.669
23754,7274.593
23755,6222.803
23756,5721.296
23757,4551.2725
23758,7493.821
23759,15240.275
23760,4704.34
23761,6021.4355
23762,9971.44
23763,7991.2305
23764,7244.176
23765,8248.714
23766,6810.2905
23767,5704.273
23768,5239.353
23769,8620.649
23770,6091.851
23771,6695.859
23772,7671.2407
23773,5525.15
23774,8110.6587
23775,6909.6855
23776,4279.434
23777,9128.459
23778,8664.487
23779,4825.691
23780,8063.0527
23781,7163.968
23782,5488.6694
23783,9728.665
23784,7083.54
23785,8676.9
23786,5431.045
23787,5722.36
23788,6883.124
23789,4816.806
23790,8172.798
23791,4612.6133
23792,6426.1577
23793,5457.894
23794,6840.354
23795,6205.626
23796,7150.1104
23797,8054.2827
23798,8247.645
23799,7251.5864
23800,8122.991
23801,6734.674
23802,7484.6772
23803,8797.616
23804,7822.4727
23805,4080.4868
23806,6688.7227
23807,7354.2993
23808,4992.9746
23809,10588.438
23810,6737.6616
23811,8501.647
23812,9462.054
23813,7378.328
23814,4815.6206
23815,11100.563
23816,9937.347
23817,6755.2803
23818,8057.0947
23819,9266.543
23820,6721.9097
23821,5971.2017
23822,7283.806
23823,6515.316
23824,5875.8364
23825,7368.82
23826,5735.8086
23827,6431.609
23828,7826.368
23829,6969.9736
23830,8639.014
23831,6684.3984
23832,6895.162
23833,4234.64
23834,8380.906
23835,7296.8022
23836,6338.697
23837,7075.1465
23838,7562.919
23839,8964.474
23840,6349.516
23841,5404.452
23842,7040.2764
23843,7488.2334
23844,7676.6353
23845,5384.4824
23846,4845.183
23847,7685.0967
23848,6586.1133
23849,6390.9365
23850,8160.179
23851,7295.55
23852,6761.1396
23853,5408.841
23854,4444.793
23855,7501.0933
23856,7414.575
23857,6716.6284
23858,9271.1045
23859,7828.4214
23860,5803.4985
23861,8747.807
23862,4125.736
23863,3997.3853
23864,7434.4814
23865,10841.752
23866,8295.335
23867,7623.4795
23868,5301.317
23869,7790.2627
23870,9755.202
23871,6253.5713
23872,8033.4146
23873,6170.9956
23874,4817.348
23875,5433.1333
23876,6194.2305
23877,6240.927
23878,5103.3213
23879,6311.542
23880,5128.8926
23881,7613.125
23882,7502.0664
23883,6146.769
23884,6598.1167
23885,8461.781
23886,5770.556
23887,5273.6533
23888,9047.269
23889,8308.202
23890,6924.0615
23891,4382.551
23892,12013.074
23893,6805.174
23894,6306.535
23895,9143.586
23896,8297.906
23897,8274.994
23898,7076.8813
23899,7321.4395
23900,10406.275
23901,13534.821
23902,5254.823
23903,5377.112
23904,5914.7314
23905,7069.5073
23906,7464.295
23907,9024.49
23908,8974.723
23909,6321.881
23910,5095.9077
23911,6564.2637
23912,9164.768
23913,5295.5806
23914,7305.995
23915,4591.0737
23916,7591.98
23917,7898.3438
23918,7909.448
23919,8943.106
23920,6891.138
23921,4752.995
23922,7119.3306
23923,8052.854
23924,8632.054
23925,7627.276
23926,8034.403
23927,7063.084
23928,5192.0903
23929,9871.561
23930,4988.6807
23931,10031.067
23932,6721.0376
23933,5048.34
23934,6962.266
23935,6484.2373
23936,7191.3384
23937,8319.597
23938,4317.633
23939,4799.1035
23940,7230.0454
23941,9753.118
23942,9664.906
23943,5879.8677
23944,7041.183
23945,7261.858
23946,6763.6357
23947,6231.2314
23948,10326.88
23949,8650.7295
23950,11231.554
23951,4972.381
23952,6583.777
23953,8755.595
23954,8897.453
23955,5665.751
23956,10102.655
23957,6771.388
23958,5641.0317
23959,5964.9683
23960,5040.151
23961,5741.2437
23962,6612.5757
23963,5376.4604
23964,5763.537
23965,10441.15
23966,7548.3833
23967,16896.59
23968,6771.8726
23969,4890.4683
23970,7573.7036
23971,9852.786
23972,6020.1206
23973,7482.379
23974,6007.696
23975,8169.587
23976,8070.5005
23977,5293.5
23978,5927.196
23979,7352.2725
23980,7929.1553
23981,7251.635
23982,7966.4517
23983,5863.603
23984,5034.332
23985,5944.0845
23986,10401.909
23987,11388.123
23988,9703.357
23989,8098.507
23990,5105.342
23991,6394.6685
23992,4531.449
23993,8570.387
23994,10269.735
23995,9629.444
23996,6353.527
23997,5404.823
23998,5040.276
23999,6299.129
24000,10089.599
24001,7147.0625
24002,5487.3086
24003,5374.056
24004,7517.9185
24005,4482.3247
24006,7753.2144
24007,4743.9272
24008,7254.1807
24009,7692.599
24010,6067.299
24011,7740.7046
24012,6515.776
24013,5515.1035
24014,6376.421
24015,7104.5767
24016,10801.685
24017,6662.839
24018,8365.437
24019,7600.928
24020,9757.193
24021,7129.8296
24022,9685.567
24023,5196.782
24024,5275.122
24025,7099.8345
24026,6862.501
24027,9190.503
24028,7919.5034
24029,5607.262
24030,7179.249
24031,6605.2827
24032,10387.959
24033,4665.6885
24034,12625.523
24035,5168.8013
24036,6540.9883
24037,8170.054
24038,6266.833
24039,6412.24
24040,7644.858
24041,7453.602
24042,5913.857
24043,5849.3086
24044,8016.3003
24045,7238.056
24046,7501.2007
24047,5071.5215
24048,7597.6157
24049,10354.644
24050,6935.086
24051,5386.3467
24052,7496.895
24053,6262.071
24054,6564.013
24055,7200.6387
24056,4773.76
24057,7646.776
24058,7005.752
24059,7529.7017
24060,7468.8247
24061,5231.6123
24062,6709.0537
24063,5892.3315
24064,7741.199
24065,8019.1143
24066,5460.518
24067,5802.978
24068,6651.701
24069,6369.242
24070,6382.506
24071,8768.531
24072,7292.426
24073,7611.76
24074,6349.4194
24075,5232.346
24076,6595.518
24077,8959.814
24078,7941.015
24079,8475.214
24080,8607.488
24081,6442.347
24082,8952.5625
24083,6508.595
24084,7805.8745
24085,9325.593
24086,7062.714
24087,9782.072
24088,8843.079
24089,8167.2183
24090,6696.8296
24091,8068.8535
24092,7923.6816
24093,6525.69
24094,4920.471
24095,6553.822
24096,7785.6426
24097,7218.786
24098,5828.04
24099,7922.6235
24100,6781.4844
24101,6773.126
24102,6687.555
24103,5670.703
24104,7497.5815
24105,7395.597
24106,7131.516
24107,6080.705
24108,5807.9897
24109,7459.0073
24110,4159.332
24111,6652.082
24112,5258.544
24113,8432.712
24114,7066.076
24115,6574.345
24116,9086.356
24117,5783.29
24118,5752.5415
24119,10532.297
24120,6709.2524
24121,7425.1416
24122,8363.554
24123,5988.747
24124,6621.519
24125,5734.211
24126,7945.758
24127,9966.534
24128,6469.2134
24129,3515.2778
24130,5627.4136
24131,8205.713
24132,8989.801
24133,6416.0947
24134,7190.927
24135,5262.4424
24136,5638.353
24137,3695.6606
24138,5491.8486
24139,6724.346
24140,6921.123
24141,7071.4497
24142,7185.319
24143,8151.257
24144,8550.668
24145,7535.694
24146,5919.4727
24147,9313.602
24148,9168.764
24149,6164.2183
24150,8154.531
24151,5466.4907
24152,7075.633
24153,4584.3213
24154,6955.9404
24155,5568.843
24156,8547.822
24157,7236.703
24158,9030.389
24159,8341.893
24160,6650.5845
24161,7891.785
24162,15860.815
24163,11455.696
24164,6936.0254
24165,3474.68
24166,6686.592
24167,9875.224
24168,6425.71
24169,11332.561
24170,14201.204
24171,4313.199
24172,5718.6934
24173,8006.6797
24174,5983.534
24175,9449.959
24176,6805.8096
24177,8026.5137
24178,4388.797
24179,7005.972
24180,7525.875
24181,7341.0254
24182,7867.03
24183,6583.7207
24184,6580.8765
24185,7139.159
24186,5550.8965
24187,6138.2383
24188,7826.2935
24189,5877.8486
24190,6548.292
24191,7393.333
24192,5710.174
24193,6013.521
24194,7167.433
24195,6537.633
24196,7795.7183
24197,6893.1567
24198,7315.1714
24199,6418.1514
24200,4838.9385
24201,7690.4497
24202,6830.6523
24203,5613.9194
24204,5168.2
24205,7553.331
24206,7517.782
24207,8047.2646
24208,8040.5513
24209,6555.2534
24210,5412.804
24211,5327.9004
24212,10273.565
24213,5994.3477
24214,7859.792
24215,14551.622
24216,7389.2793
24217,6998.4453
24218,5325.482
24219,5077.7026
24220,7275.1963
24221,4942.599
24222,6100.882
24223,9071.142
24224,6166.641
24225,14309.632
24226,12528.314
24227,5546.477
24228,7751.144
24229,5483.5625
24230,7668.2417
24231,6291.1187
24232,12531.087
24233,7613.125
24234,8301.785
24235,5438.6553
24236,7629.75
24237,5732.204
24238,9348.542
24239,7045.335
24240,6673.798
24241,6670.8257
24242,6059.6006
24243,8484.637
24244,8860.386
24245,6325.2524
24246,10147.028
24247,7505.43
24248,9809.719
24249,5220.6753
24250,5831.5264
24251,6257.6646
24252,10316.888
24253,7380.7144
24254,8280.829
24255,6942.2603
24256,8775.785
24257,5299.082
24258,8462.629
24259,7227.667
24260,4698.7837
24261,14337.746
24262,15525.846
24263,7776.0244
24264,7988.464
24265,9731.997
24266,10487.55
24267,10191.052
24268,6517.3174
24269,7825.189
24270,6370.1475
24271,8606.149
24272,4937.755
24273,6210.926
24274,5804.966
24275,5917.2144
24276,7616.3643
24277,5104.149
24278,5580.5356
24279,6465.222
24280,4868.2725
24281,5118.937
24282,5784.7744
24283,6704.4033
24284,8861.197
24285,9360.747
24286,7658.082
24287,6789.4966
24288,7065.5503
24289,10385.592
24290,7723.5137
24291,5817.6147
24292,5128.4766
24293,8298.041
24294,5436.254
24295,7138.0493
24296,4008.8372
24297,5775.859
24298,8777.2
24299,6467.603
24300,6402.456
24301,8520.798
24302,9531.19
24303,9372.656
24304,6601.7114
24305,10092.727
24306,4115.799
24307,5680.8867
24308,6516.273
24309,5158.05
24310,7285.682
24311,5579.0825
24312,6369.4487
24313,8337.836
24314,10775.569
24315,8686.7705
24316,6262.662
24317,5755.6147
24318,10745.386
24319,7539.4756
24320,6943.8096
24321,5634.541
24322,6626.631
24323,9066.757
24324,5353.662
24325,7181.7285
24326,7996.5063
24327,8454.497
24328,13084.269
24329,7022.785
24330,12244.389
24331,6997.945
24332,5909.927
24333,3988.031
24334,7165.321
24335,6851.2847
24336,5404.921
24337,7531.7847
24338,5656.188
24339,4951.003
24340,6759.734
24341,5109.9897
24342,8111.0376
24343,6825.9956
24344,7912.625
24345,8027.892
24346,6287.238
24347,7743.9834
24348,7201.49
24349,5757.592
24350,5941.681
24351,6605.5786
24352,11341.471
24353,6797.3564
24354,5267.0527
24355,7484.306
24356,9063.609
24357,7447.427
24358,6864.236
24359,8375.815
24360,6829.3755
24361,6216.0225
24362,6760.0244
24363,8351.397
24364,6832.36
24365,7262.128
24366,6834.83
24367,5790.206
24368,4614.9546
24369,5797.396
24370,8269.582
24371,8981.616
24372,10565.771
24373,12564.739
24374,8474.575
24375,6048.2656
24376,5766.1377
24377,11157.329
24378,10106.26
24379,7895.602
24380,8594.969
24381,9023.664
24382,6250.852
24383,4412.9897
24384,10718.026
24385,6039.319
24386,6858.274
24387,6420.754
24388,3918.5576
24389,10701.122
24390,6367.699
24391,5793.261
24392,5531.393
24393,5678.0806
24394,6393.5767
24395,7996.88
24396,7011.8154
24397,5520.841
24398,4819.6187
24399,4631.8677
24400,4181.845
24401,7652.5615
24402,15276.788
24403,5752.393
24404,5889.7803
24405,6806.407
24406,5093.843
24407,5455.5464
24408,6052.363
24409,4988.048
24410,7201.566
24411,7791.3994
24412,4658.1245
24413,8115.3555
24414,5503.1016
24415,5754.2646
24416,8012.1343
24417,8269.164
24418,9826.124
24419,6366.0835
24420,6627.503
24421,5116.7983
24422,6053.102
24423,13101.538
24424,9471.444
24425,7069.8716
24426,5108.747
24427,5566.8936
24428,6188.4785
24429,5134.502
24430,9937.138
24431,5614.1553
24432,6146.3643
24433,7527.7056
24434,5802.1978
24435,6563.8755
24436,7291.8765
24437,7806.485
24438,7491.906
24439,4796.5728
24440,6050.4233
24441,7326.05
24442,9175.412
24443,8316.638
24444,7621.5454
24445,4787.8096
24446,7655.8325
24447,5767.7827
24448,6453.473
24449,7438.865
24450,7450.4536
24451,7015.6484
24452,7673.4067
24453,6849.8076
24454,6984.9946
24455,5909.2446
24456,6954.7197
24457,7422.04
24458,6106.028
24459,8764.058
24460,6559.2817
24461,5986.2056
24462,9730.001
24463,5863.726
24464,4791.725
24465,8173.0786
24466,7980.0645
24467,10451.124
24468,5400.8496
24469,6915.3823
24470,6456.0156
24471,7360.966
24472,6590.0474
24473,7847.4175
24474,3590.3455
24475,6626.997
24476,6515.3096
24477,5935.331
24478,4844.1895
24479,7659.8496
24480,7564.9897
24481,5702.739
24482,8404.985
24483,7861.464
24484,9150.6875
24485,5237.03
24486,6581.0396
24487,6606.095
24488,7913.7876
24489,7867.4272
24490,5249.097
24491,7275.7935
24492,8247.998
24493,7498.59
24494,5673.159
24495,4050.6367
24496,6890.8296
24497,6968.538
24498,9595.541
24499,7325.0576
24500,6102.82
24501,8805.617
24502,7002.7188
24503,6370.7124
24504,7853.9243
24505,5945.0713
24506,8013.907
24507,10709.597
24508,7984.1523
24509,5145.0625
24510,6200.8154
24511,4975.4316
24512,3747.4988
24513,8412.292
24514,6158.7236
24515,9292.936
24516,4920.401
24517,7226.157
24518,6792.567
24519,10788.1455
24520,5075.427
24521,6224.578
24522,6467.4546
24523,8219.114
24524,5791.25
24525,8085.232
24526,8298.145
24527,9017.212
24528,7101.1553
24529,8006.9775
24530,6612.5757
24531,4949.8315
24532,5811.714
24533,10398.923
24534,9814.005
24535,7061.582
24536,14639.277
24537,6653.3003
24538,6226.259
24539,6631.6953
24540,8281.264
24541,9221.683
24542,7587.977
24543,7759.2065
24544,8504.957
24545,7224.531
24546,7561.318
24547,6143.1353
24548,5805.6577
24549,5785.337
24550,5038.228
24551,5747.611
24552,8423.91
24553,15000.547
24554,7358.018
24555,6368.5557
24556,7469.095
24557,4670.0117
24558,6894.5635
24559,4598.279
24560,9486.406
24561,6695.067
24562,7086.432
24563,10954.759
24564,11683.944
24565,6679.0957
24566,7834.0083
24567,4358.583
24568,6346.725
24569,5782.6943
24570,8178.896
24571,5570.771
24572,4695.737
24573,5937.6245
24574,5833.218
24575,7427.415
24576,7104.502
24577,4290.675
24578,7581.9214
24579,7163.838
24580,7876.0166
24581,5149.329
24582,5084.0566
24583,8030.327
24584,4690.557
24585,9616.567
24586,5809.1143
24587,5631.9834
24588,7380.982
24589,6371.308
24590,5152.508
24591,6529.5625
24592,6916.8267
24593,9223.107
24594,10303.348
24595,6853.546
24596,4605.6665
24597,6220.204
24598,7329.6494
24599,6213.995
24600,5790.836
24601,6430.4863
24602,11251.657
24603,8303.1875
24604,7199.76
24605,7074.0063
24606,4947.665
24607,9182.626
24608,6026.09
24609,11974.137
24610,7054.749
24611,5960.953
24612,5733.205
24613,4443.9746
24614,7476.237
24615,15024.129
24616,4720.7563
24617,5751.1206
24618,9782.082
24619,7818.5044
24620,7165.5806
24621,8024.8296
24622,6725.0967
24623,5443.321
24624,5191.4414
24625,8528.457
24626,6087.8955
24627,6713.1123
24628,7460.523
24629,5512.7314
24630,7892.3345
24631,6728.523
24632,4154.95
24633,8972.292
24634,8575.439
24635,4802.236
24636,7892.9595
24637,6882.6187
24638,5271.3047
24639,9486.226
24640,6840.543
24641,8648.23
24642,5436.648
24643,5556.6016
24644,7023.12
24645,4728.779
24646,8112.0356
24647,4636.8057
24648,6352.0425
24649,5506.9717
24650,6588.388
24651,6238.921
24652,7136.327
24653,7981.0537
24654,7904.3276
24655,7129.17
24656,8026.621
24657,6703.879
24658,7558.9165
24659,8638.691
24660,7820.5776
24661,3949.0505
24662,6520.432
24663,7301.3555
24664,4985.874
24665,10066.692
24666,6523.1196
24667,8604.664
24668,9501.973
24669,7404.2007
24670,4792.2144
24671,10877.973
24672,9987.269
24673,6573.179
24674,8070.801
24675,8981.444
24676,6439.0728
24677,6030.431
24678,7169.327
24679,6474.2134
24680,5859.058
24681,7295.835
24682,5738.747
24683,6328.0166
24684,7618.224
24685,6996.57
24686,8417.766
24687,6626.8833
24688,6946.095
24689,4195.9023
24690,8453.425
24691,7216.48
24692,6273.5493
24693,7054.4326
24694,7327.0073
24695,8936.678
24696,6291.587
24697,5388.829
24698,6754.7456
24699,7303.0825
24700,7622.0327
24701,5339.933
24702,4838.5737
24703,7689.723
24704,6503.7363
24705,6314.4746
24706,7995.263
24707,7103.9463
24708,6785.6255
24709,5282.101
24710,4470.015
24711,7242.0063
24712,7168.2534
24713,6724.404
24714,9228.713
24715,7811.535
24716,5852.115
24717,8636.072
24718,4084.6304
24719,3986.6162
24720,7225.399
24721,10858.237
24722,8206.762
24723,7503.8057
24724,5249.3228
24725,7672.302
24726,9827.718
24727,6172.514
24728,7914.293
24729,6149.226
24730,4853.0557
24731,5406.7256
24732,6209.6523
24733,6253.0166
24734,5121.1294
24735,6061.647
24736,5136.1724
24737,7444.1104
24738,7541.41
24739,6035.6504
24740,6594.9204
24741,8169.0493
24742,5875.2705
24743,5271.39
24744,8636.451
24745,8222.212
24746,6628.533
24747,4386.022
24748,11851.531
24749,6551.728
24750,6162.314
24751,8892.659
24752,8320.883
24753,8235.217
24754,6894.971
24755,7324.0728
24756,9802.75
24757,13417.221
24758,5252.0522
24759,5306.2593
24760,5673.787
24761,7082.9253
24762,7144.3086
24763,8890.2
24764,8822.759
24765,6198.811
24766,5114.3687
24767,6536.8657
24768,9243.045
24769,5357.5244
24770,7045.7046
24771,4596.091
24772,7335.853
24773,7798.671
24774,7816.864
24775,8917.868
24776,6838.1816
24777,4537.3667
24778,6936.0317
24779,8001.519
24780,8506.782
24781,7532.2803
24782,7738.4604
24783,6899.978
24784,5134.2866
24785,9890.296
24786,4953.0054
24787,10089.464
24788,6509.334
24789,4859.2764
24790,7010.6113
24791,6470.225
24792,7167.7476
24793,8199.141
24794,4298.733
24795,4853.5415
24796,7022.417
24797,9950.719
24798,9558.027
24799,5642.856
24800,7038.0137
24801,7276.8345
24802,6597.972
24803,6129.6846
24804,10161.139
24805,8557.285
24806,11078.258
24807,4824.5356
24808,6466.906
24809,9229.268
24810,8781.688
24811,5628.3423
24812,9765.293
24813,6741.229
24814,5512.8
24815,5818.4585
24816,4970.593
24817,5652.596
24818,6582.8916
24819,5289.492
24820,5786.9487
24821,10237.863
24822,7466.844
24823,16780.688
24824,6503.0664
24825,4953.497
24826,7654.4307
24827,10199.395
24828,6115.5576
24829,7576.4927
24830,6083.716
24831,8284.945
24832,8198.32
24833,5336.44
24834,6009.9253
24835,7369.2837
24836,8046.5967
24837,7346.601
24838,8003.7705
24839,5942.6445
24840,5104.6016
24841,5970.177
24842,10525.569
24843,11539.762
24844,9851.207
24845,8149.1895
24846,5180.9443
24847,6340.541
24848,4591.0034
24849,8691.403
24850,10295.853
24851,9769.55
24852,6405.84
24853,5490.1567
24854,5115.813
24855,6361.3613
24856,10350.319
24857,7178.434
24858,5452.1284
24859,5445.6216
24860,7630.47
24861,4544.8906
24862,7764.996
24863,4765.8477
24864,7356.095
24865,7768.596
24866,6152.541
24867,7729.4243
24868,6580.255
24869,5584.769
24870,6461.505
24871,7121.524
24872,10806.734
24873,6675.5547
24874,8679.284
24875,7714.723
24876,9884.524
24877,7168.766
24878,9807.67
24879,5266.1284
24880,5349.6143
24881,7204.967
24882,6872.929
24883,9204.469
24884,7997.742
24885,5684.99
24886,7212.413
24887,6690.3813
24888,10518.915
24889,4726.177
24890,12802.89
24891,5243.1675
24892,6625.2593
24893,8278.8545
24894,6324.155
24895,6490.128
24896,7760.0205
24897,7464.9287
24898,5913.7896
24899,5904.3994
24900,8045.108
24901,7275.8975
24902,7601.095
24903,5134.1396
24904,7703.6567
24905,10419.444
24906,7017.5356
24907,5462.024
24908,7495.6797
24909,6349.4736
24910,6573.988
24911,7190.145
24912,4834.168
24913,7664.4683
24914,7093.871
24915,7574.787
24916,7567.7896
24917,5302.7026
24918,6723.609
24919,5952.107
24920,7806.5522
24921,8116.6714
24922,5526.536
24923,5873.1357
24924,6717.4165
24925,6388.913
24926,6453.202
24927,8883.91
24928,7388.3843
24929,7713.163
24930,6427.2183
24931,5303.446
24932,6633.739
24933,9078.533
24934,8053.6685
24935,8473.84
24936,8629.378
24937,6481.0405
24938,8987.237
24939,6594.241
24940,7899.2783
24941,9339.764
24942,7093.7153
24943,9978.004
24944,8790.043
24945,8204.945
24946,6707.0063
24947,8158.3506
24948,7922.397
24949,6623.6035
24950,4978.8115
24951,6655.991
24952,7894.7666
24953,7312.876
24954,5912.983
24955,8019.0073
24956,6886.0923
24957,6856.5273
24958,6732.696
24959,5744.7827
24960,7608.08
24961,7429.7603
24962,7219.33
24963,6149.361
24964,5914.235
24965,7476.2656
24966,4223.498
24967,6740.226
24968,5308.6084
24969,8471.666
24970,7172.0967
24971,6670.164
24972,9122.192
24973,5867.581
24974,5731.9087
24975,10696.479
24976,6754.5396
24977,7423.9375
24978,8465.745
24979,5734.988
24980,6636.84
24981,5790.7695
24982,8062.861
24983,10116.55
24984,6528.0864
24985,3552.8337
24986,5688.179
24987,8214.044
24988,8995.29
24989,6477.1777
24990,7282.7017
24991,5297.9653
24992,5721.454
24993,3756.651
24994,5571.8926
24995,6734.565
24996,6929.737
24997,7174.512
24998,7280.8335
24999,8102.3696
25000,8565.761
25001,7554.8584
25002,5917.0957
25003,9449.338
25004,9209.009
25005,6225.0176
25006,8281.769
25007,5528.213
25008,7155.5205
25009,4593.071
25010,7067.067
25011,5630.8125
25012,8673.797
25013,7285.5503
25014,9144.99
25015,8471.933
25016,6660.691
25017,7930.577
25018,16108.053
25019,11429.417
25020,7044.4478
25021,3513.35
25022,6696.108
25023,10033.412
25024,6501.596
25025,11495.218
25026,14392.96
25027,4376.773
25028,5793.3994
25029,8064.568
25030,6061.699
25031,9597.2705
25032,6886.184
25033,8141.1797
25034,4424.822
25035,7083.9316
25036,7498.733
25037,7420.292
25038,7908.1587
25039,6586.7983
25040,6597.6133
25041,7228.7217
25042,5612.6665
25043,6219.836
25044,7909.275
25045,5943.257
25046,6601.6606
25047,7507.2773
25048,5821.1895
25049,6108.8706
25050,7265.343
25051,6666.246
25052,7882.382
25053,6844.7725
25054,7429.2075
25055,6441.69
25056,4827.7075
25057,7716.121
25058,6929.9814
25059,5594.8086
25060,5184.889
25061,7666.6616
25062,7497.0522
25063,8138.1675
25064,8162.507
25065,6570.8096
25066,5465.8438
25067,5391.9346
25068,10308.469
25069,6013.3374
25070,7975.628
25071,14778.452
25072,7364.021
25073,7096.646
25074,5279.542
25075,5131.6577
25076,7384.3545
25077,5015.4478
25078,6190.7983
25079,9160.6
25080,6165.3945
25081,14515.016
25082,12721.557
25083,5499.3706
25084,7865.379
25085,5545.509
25086,7768.3296
25087,6388.1636
25088,12521.696
25089,7623.1743
25090,8431.2
25091,5522.5522
25092,7729.3354
25093,5724.303
25094,9470.36
25095,7050.195
25096,6744.1167
25097,6661.6313
25098,6150.229
25099,8584.064
25100,8966.868
25101,6294.7744
25102,10245.756
25103,7513.646
25104,9952.124
25105,5274.549
25106,5863.866
25107,6282.8433
25108,10415.986
25109,7390.485
25110,8286.541
25111,7026.0684
25112,8774.011
25113,5291.7783
25114,8588.569
25115,7303.9185
25116,4714.7485
25117,14584.523
25118,15754.648
25119,7800.657
25120,8078.6567
25121,9871.683
25122,10606.197
25123,10299.073
25124,6615.888
25125,7913.719
25126,6377.12
25127,8626.572
25128,4996.1763
25129,6308.015
25130,5884.3057
25131,5968.309
25132,7706.471
25133,5179.378
25134,5661.872
25135,6425.735
25136,4906.294
25137,5179.9263
25138,5850.0894
25139,6800.638
25140,8872.928
25141,9370.993
25142,7770.9453
25143,6789.678
25144,7074.904
25145,10500.521
25146,7837.342
25147,5901.2466
25148,5186.3833
25149,8326.646
25150,5491.55
25151,7218.6416
25152,4054.104
25153,5864.957
25154,8917.801
25155,6479.6865
25156,6387.8774
25157,8523.366
25158,9430.727
25159,9509.253
25160,6664.879
25161,10179.87
25162,4175.7905
25163,5686.286
25164,6540.0337
25165,5219.5054
25166,7398.0664
25167,5670.6167
25168,6463.323
25169,8420.0625
25170,10943.543
25171,8678.025
25172,6323.5996
25173,5836.379
25174,11980.134
25175,7549.456
25176,7052.058
25177,5619.486
25178,6663.2456
25179,9211.6
25180,5414.111
25181,7266.6943
25182,7998.917
25183,8537.874
25184,13209.454
25185,7048.608
25186,12435.257
25187,6986.0874
25188,5930.3003
25189,4049.555
25190,7278.9307
25191,6927.523
25192,5391.6313
25193,7603.8506
25194,5662.3794
25195,5010.7183
25196,6793.7656
25197,5161.968
25198,8229.249
25199,6833.468
25200,8027.946
25201,8118.53
25202,6291.5747
25203,7858.113
25204,7306.4478
25205,5842.316
25206,5935.773
25207,6705.772
25208,11521.286
25209,6890.258
25210,5346.717
25211,7609.8506
25212,9134.965
25213,7557.1865
25214,6937.17
25215,8485.138
25216,6906.6416
25217,6299.964
25218,6852.415
25219,8297.353
25220,6938.8706
25221,7349.405
25222,6842.3115
25223,5820.5786
25224,4662.5786
25225,5566.559
25226,8272.745
25227,9089.555
25228,10569.8125
25229,12718.852
25230,8421.725
25231,6120.956
25232,5829.9526
25233,11321.758
25234,10238.166
25235,7983.4595
25236,8686.29
25237,9100.641
25238,6344.6426
25239,4477.312
25240,10874.229
25241,6107.5073
25242,7077.7656
25243,6493.719
25244,3971.479
25245,10792.417
25246,6352.945
25247,5799.603
25248,5593.8804
25249,5742.1914
25250,6461.0303
25251,8081.847
25252,7050.558
25253,5596.298
25254,4873.253
25255,4703.317
25256,4226.2827
25257,7663.5107
25258,15485.5625
25259,5836.234
25260,5868.5215
25261,6902.361
25262,5154.1104
25263,5518.492
25264,6051.139
25265,5067.1406
25266,7243.291
25267,7773.347
25268,4726.019
25269,8141.063
25270,5583.3096
25271,5819.2686
25272,8023.5977
25273,8300.455
25274,9979.299
25275,6454.052
25276,6729.736
25277,5173.7393
25278,6121.4463
25279,13305.767
25280,9582.435
25281,7054.5537
25282,5184.261
25283,5565.768
25284,6256.9663
25285,5184.464
25286,10032.216
25287,5700.759
25288,6229.365
25289,7494.2495
25290,5800.7427
25291,6627.743
25292,7393.4814
25293,7817.6543
25294,7490.0264
25295,4859.337
25296,6102.6685
25297,7347.211
25298,9263.883
25299,8398.655
25300,7616.677
25301,4860.505
25302,7628.2
25303,5859.237
25304,6531.032
25305,7517.904
25306,7529.4287
25307,7116.4995
25308,7699.859
25309,6922.0737
25310,7062.72
25311,5933.022
25312,7028.615
25313,7420.1787
25314,6191.1055
25315,8692.722
25316,6568.6665
25317,6054.234
25318,9733.724
25319,5952.669
25320,4859.2764
25321,8297.519
25322,8024.1562
25323,10614.192
25324,5479.568
25325,7005.645
25326,6550.11
25327,7474.511
25328,6552.128
25329,7947.0083
25330,3630.3025
25331,6726.0527
25332,6588.872
25333,6001.379
25334,4916.8774
25335,7698.412
25336,7649.1685
25337,5763.1904
25338,8534.633
25339,7911.644
25340,9187.506
25341,5239.013
25342,6656.6646
25343,6675.7905
25344,7868.41
25345,7948.2817
25346,5308.487
25347,7374.0435
25348,8326.52
25349,7540.022
25350,5754.5938
25351,4110.3413
25352,6968.631
25353,7070.1006
25354,9634.148
25355,7335.538
25356,6196.9604
25357,8815.255
25358,7113.751
25359,6441.604
25360,7969.674
25361,6031.7197
25362,8132.014
25363,10743.5205
25364,8107.3096
25365,5220.8945
25366,6269.817
25367,5010.814
25368,3806.9248
25369,8494.718
25370,6149.2026
25371,9376.269
25372,4975.1562
25373,7236.496
25374,6864.7397
25375,10956.315
25376,5057.107
25377,6244.297
25378,6540.477
25379,8338.901
25380,5771.5796
25381,8165.8555
25382,8379.9795
25383,9156.302
25384,7074.229
25385,8010.0405
25386,6551.5093
25387,4962.776
25388,5760.278
25389,10427.348
25390,9941.888
25391,7146.4487
25392,14802.504
25393,6755.931
25394,6311.3555
25395,6724.1025
25396,8284.432
25397,9258.786
25398,7606.5996
25399,7754.2495
25400,8514.267
25401,7329.824
25402,7569.594
25403,6172.4023
25404,5867.346
25405,5783.8857
25406,5113.827
25407,5834.542
25408,8519.019
25409,15234.375
25410,7439.447
25411,6429.4927
25412,7588.4185
25413,4722.7427
25414,6890.159
25415,4608.787
25416,9589.759
25417,6690.79
25418,7179.2627
25419,11064.805
25420,11841.712
25421,6783.2183
25422,7923.402
25423,4407.7983
25424,6444.6274
25425,5867.9224
25426,8159.946
25427,5646.0005
25428,4678.7866
25429,6031.7715
25430,5849.163
25431,7535.665
25432,7197.7134
25433,4336.3633
25434,7584.822
25435,7252.9907
25436,7859.1772
25437,5179.032
25438,5140.633
25439,8124.1226
25440,4743.6284
25441,9724.76
25442,5858.264
25443,5645.5747
25444,7484.549
25445,6442.206
25446,5190.6196
25447,6538.4434
25448,6982.6763
25449,9331.064
25450,10392.319
25451,6855.8867
25452,4672.797
25453,6313.535
25454,7360.032
25455,6298.9243
25456,5855.276
25457,6525.2603
25458,11417.476
25459,8616.293
25460,7265.2944
25461,7172.09
25462,5019.779
25463,9289.878
25464,6112.5894
25465,12130.801
25466,7067.161
25467,5973.3325
25468,5795.179
25469,4502.195
25470,7585.198
25471,15171.433
25472,4773.2314
25473,5755.3184
25474,9869.631
25475,7940.2046
25476,7260.5073
25477,8060.3926
25478,6789.944
25479,5463.3994
25480,5263.778
25481,8646.704
25482,6163.754
25483,6791.6924
25484,7473.82
25485,5577.2627
25486,7929.972
25487,6753.534
25488,4211.742
25489,9062.425
25490,8666.743
25491,4873.0854
25492,7932.491
25493,6850.0757
25494,5273.105
25495,9597.39
25496,6842.8794
25497,8753.281
25498,5506.8506
25499,5559.1675
25500,7115.1216
25501,4495.873
25502,8210.574
25503,4710.887
25504,6450.027
25505,5571.4355
25506,6597.374
25507,6332.5327
25508,7212.31
25509,8002.2744
25510,7937.1455
25511,7221.224
25512,8145.2573
25513,6807.29
25514,7675.515
25515,8743.627
25516,7942.492
25517,3960.1187
25518,6596.7573
25519,7390.048
25520,5062.7876
25521,10080.422
25522,6596.77
25523,8737.392
25524,9648.539
25525,7481.2803
25526,4859.2856
25527,11034.706
25528,10118.094
25529,6602.3096
25530,8195.294
25531,9047.64
25532,6511.7744
25533,6123.455
25534,7258.548
25535,6553.1533
25536,5944.453
25537,7338.1064
25538,5810.1675
25539,6404.0503
25540,7634.045
25541,7098.5415
25542,8524.594
25543,6707.384
25544,7053.2417
25545,4257.748
25546,8572.732
25547,7298.7373
25548,6340.3477
25549,7157.247
25550,7359.7236
25551,9033.274
25552,6361.598
25553,5467.3716
25554,6745.706
25555,7305.5767
25556,7724.958
25557,5396.792
25558,4893.3193
25559,7801.7954
25560,6591.562
25561,6375.5146
25562,8085.5327
25563,7113.6357
25564,6884.5225
25565,5341.7417
25566,4527.876
25567,7222.326
25568,7170.7017
25569,6820.926
25570,9376.152
25571,7933.308
25572,5937.409
25573,8740.976
25574,4146.592
25575,4044.7253
25576,7306.9844
25577,11025.711
25578,8300.305
25579,7600.6963
25580,5328.0884
25581,7762.108
25582,9979.299
25583,6255.874
25584,8010.667
25585,6242.2305
25586,4927.921
25587,5487.853
25588,6300.1562
25589,6407.802
25590,5182.254
25591,6053.535
25592,5216.066
25593,7522.6455
25594,7657.7383
25595,6103.798
25596,6693.1963
25597,8205.251
25598,6040.9375
25599,5354.975
25600,8629.452
25601,8337.581
25602,6619.6626
25603,4452.3633
25604,12036.275
25605,6553.966
25606,6246.5366
25607,8937.197
25608,8449.232
25609,8356.585
25610,6970.7715
25611,7430.8164
25612,9935.119
25613,13626.369
25614,5333.0713
25615,5367.5806
25616,5593.352
25617,7193.342
25618,7161.5493
25619,9032.61
25620,8936.678
25621,6282.52
25622,5176.1724
25623,6630.696
25624,9364.123
25625,5424.2837
25626,7125.2544
25627,4663.081
25628,7338.3584
25629,7892.244
25630,7901.3955
25631,9047.838
25632,6912.164
25633,4531.294
25634,6950.436
25635,8126.2534
25636,8562.175
25637,7613.735
25638,7749.015
25639,6984.755
25640,5206.8647
25641,10036.054
25642,5025.1973
25643,10219.736
25644,6656.055
25645,4863.06
25646,7106.427
25647,6564.5264
25648,7259.4893
25649,8319.978
25650,4365.7524
25651,4910.358
25652,7101.704
25653,10091.157
25654,9683.637
25655,5604.567
25656,7146.578
25657,7387.6304
25658,6631.1895
25659,6201.4365
25660,10196.068
25661,8669.381
25662,11253.9
25663,4845.9917
25664,6562.2163
25665,9357.855
25666,8918.583
25667,5710.3755
25668,9785.571
25669,6839.4795
25670,5585.1313
25671,5883.2056
25672,5047.969
25673,5703.19
25674,6678.835
25675,5323.938
25676,5871.293
25677,10443.78
25678,7564.6577
25679,17027.982
25680,6494.3633
25681,5479.6357
25682,8289.996
25683,10984.534
25684,6621.008
25685,8190.2773
25686,6694.2817
25687,8736.241
25688,8724.035
25689,6177.3145
25690,6595.9585
25691,7768.589
25692,8664.644
25693,7738.844
25694,8779.7705
25695,6390.4062
25696,5603.9365
25697,6519.0396
25698,11232.937
25699,12292.41
25700,11165.729
25701,8742.927
25702,5951.624
25703,6690.1963
25704,5141.6772
25705,9252.289
25706,10766.848
25707,10586.904
25708,6992.5737
25709,6201.271
25710,5818.991
25711,6789.607
25712,11007.376
25713,7866.429
25714,5899.3555
25715,5902.9917
25716,8377.6455
25717,5019.0176
25718,8281.264
25719,5150.444
25720,7783.073
25721,8254.428
25722,6509.0796
25723,8325.939
25724,6951.9277
25725,5882.1675
25726,7168.513
25727,7452.8276
25728,11320.321
25729,7250.3623
25730,9212.241
25731,8495.876
25732,10405.907
25733,7592.3203
25734,10788.197
25735,5755.379
25736,5735.3765
25737,8157.58
25738,7319.4634
25739,9730.92
25740,8691.346
25741,6316.2334
25742,7803.522
25743,7312.046
25744,11810.21
25745,5213.41
25746,13589.964
25747,5629.287
25748,7258.8457
25749,9233.97
25750,6889.673
25751,7362.483
25752,8273.14
25753,7868.418
25754,6137.3545
25755,6222.4175
25756,8707.566
25757,7725.562
25758,8650.688
25759,5464.895
25760,8557.954
25761,11051.337
25762,7539.806
25763,5792.25
25764,7939.3867
25765,7001.4097
25766,7087.2637
25767,7733.6274
25768,5270.641
25769,8171.3403
25770,7616.059
25771,8261.478
25772,8025.304
25773,5832.1885
25774,7128.1094
25775,6480.373
25776,8256.129
25777,8810.531
25778,5961.2886
25779,6358.122
25780,7155.561
25781,6602.58
25782,6827.721
25783,9688.08
25784,8085.0776
25785,8143.331
25786,6793.6685
25787,5833.0063
25788,7299.6494
25789,9609.261
25790,9083.211
25791,8985.506
25792,9135.087
25793,7056.2427
25794,9389.522
25795,7186.7305
25796,8668.496
25797,9898.742
25798,7582.153
25799,10769.97
25800,9269.61
25801,8749.992
25802,7122.2036
25803,8709.784
25804,8332.804
25805,7248.191
25806,5421.568
25807,7265.8276
25808,8607.061
25809,7888.5264
25810,6360.67
25811,8746.1045
25812,7716.379
25813,7332.3555
25814,7276.418
25815,6230.215
25816,8160.327
25817,8036.0737
25818,7792.968
25819,6516.2915
25820,6443.2876
25821,7964.317
25822,4726.1045
25823,7250.4385
25824,5755.6865
25825,9112.123
25826,7917.6455
25827,7276.342
25828,9828.805
25829,6463.7363
25830,5973.036
25831,11560.913
25832,7280.5625
25833,7765.67
25834,9438.547
25835,6021.3325
25836,7059.723
25837,6317.4507
25838,8566.725
25839,10978.418
25840,6901.327
25841,3816.1274
25842,6190.1963
25843,8852.016
25844,9382.065
25845,7276.4873
25846,8044.026
25847,5630.0337
25848,6019.558
25849,4072.4375
25850,6121.82
25851,7093.1675
25852,7272.0537
25853,7903.4307
25854,7935.0034
25855,8402.364
25856,8730.66
25857,8013.5405
25858,6231.255
25859,10364.208
25860,9951.649
25861,6826.087
25862,9220.267
25863,5837.698
25864,7639.129
25865,4906.9116
25866,7509.9204
25867,5953.583
25868,9339.505
25869,7809.3003
25870,9987.545
25871,9015.354
25872,7057.6562
25873,8443.143
25874,17136.174
25875,12235.214
25876,7634.991
25877,3839.2915
25878,6976.851
25879,11260.482
25880,7285.9673
25881,12215.7295
25882,15401.974
25883,4756.8687
25884,6241.3076
25885,8836.975
25886,6553.747
25887,10355.671
25888,7503.598
25889,8687.16
25890,4706.9165
25891,7802.785
25892,7928.6333
25893,7944.1436
25894,8433.976
25895,7111.363
25896,6985.5474
25897,7904.1543
25898,6154.918
25899,6822.0645
25900,8633.148
25901,6444.8486
25902,7151.379
25903,8255.05
25904,6405.0337
25905,6716.6797
25906,7964.7954
25907,7350.7017
25908,8516.013
25909,7192.6416
25910,8189.614
25911,6931.839
25912,5132.93
25913,8321.311
25914,7580.6924
25915,5930.142
25916,5650.5366
25917,8344.225
25918,7983.1094
25919,9016.489
25920,8749.417
25921,7062.3228
25922,5861.976
25923,5723.3916
25924,11056.334
25925,6449.59
25926,8535.171
25927,16085.96
25928,7698.8013
25929,7561.6133
25930,5462.6387
25931,5621.7217
25932,8078.6567
25933,5365.6865
25934,6756.872
25935,9851.752
25936,6530.4346
25937,15950.864
25938,14424.485
25939,5884.2046
25940,8428.507
25941,5926.3647
25942,8384.792
25943,7227.143
25944,13012.264
25945,8028.6885
25946,9080.438
25947,6172.4556
25948,8289.664
25949,5964.6724
25950,10097.175
25951,7446.7876
25952,6994.7217
25953,7078.5215
25954,6363.3335
25955,9184.57
25956,9609.067
25957,6575.2295
25958,11288.031
25959,8104.418
25960,10532.648
25961,5827.445
25962,6389.145
25963,6778.1797
25964,11207.67
25965,7842.187
25966,8914.127
25967,7677.0674
25968,9417.073
25969,5572.031
25970,9482.354
25971,7799.1616
25972,5072.8765
25973,15792.559
25974,16885.602
25975,8489.663
25976,8580.758
25977,10867.251
25978,11570.156
25979,11076.113
25980,7043.608
25981,8632.992
25982,6763.513
25983,9270.732
25984,5415.185
25985,6955.755
25986,6226.181
25987,6483.155
25988,8295.636
25989,5535.0933
25990,6162.2783
25991,6681.817
25992,5321.841
25993,5643.9487
25994,6249.8027
25995,7514.212
25996,9462.045
25997,9833.559
25998,8311.61
25999,7194.3228
26000,7498.0605
26001,11268.229
26002,8627.995
26003,6404.026
26004,5754.1934
26005,8794.555
26006,5927.36
26007,7527.842
26008,4357.232
26009,6643.2935
26010,9925.27
26011,6966.079
26012,6603.714
26013,8985.789
26014,10069.957
26015,10423.808
26016,7067.7812
26017,10977.486
26018,4555.368
26019,6264.4067
26020,7169.8945
26021,5694.656
26022,8379.827
26023,6192.4995
26024,6940.8433
26025,8997.778
26026,12049.737
26027,9174.809
26028,6907.419
26029,6206.153
26030,12530.106
26031,7979.9575
26032,7632.4575
26033,5916.0464
26034,7201.284
26035,10065.8955
26036,5811.6416
26037,7895.8657
26038,8432.89
26039,9133.258
26040,14170.87
26041,7447.278
26042,13458.643
26043,7562.1978
26044,6265.7275
26045,4564.18
26046,8257.648
26047,7567.9556
26048,5707.413
26049,8109.1426
26050,6056.567
26051,5340.9873
26052,7293.8657
26053,5539.403
26054,8985.678
26055,7305.1655
26056,8727.597
26057,8560.346
26058,6811.557
26059,8475.286
26060,7996.781
26061,6176.484
26062,6190.403
26063,7206.2793
26064,13360.256
26065,7354.3555
26066,5691.984
26067,8183.8745
26068,9780.683
26069,7963.6104
26070,7611.586
26071,9100.25
26072,7623.0576
26073,6407.5327
26074,7271.3394
26075,8659.067
26076,7758.526
26077,7955.2744
26078,7236.6826
26079,6140.37
26080,5006.089
26081,5889.0503
26082,8659.101
26083,9648.272
26084,11168.764
26085,13557.793
26086,8878.634
26087,6577.1743
26088,6292.6133
26089,12080.876
26090,11050.599
26091,8709.377
26092,9505.762
26093,9649.34
26094,6700.5356
26095,4941.774
26096,11873.752
26097,6641.621
26098,7649.7446
26099,6779.2466
26100,4365.861
26101,11651.605
26102,6630.3926
26103,6225.938
26104,6033.244
26105,6218.43
26106,6943.2734
26107,8927.128
26108,7563.0273
26109,5970.843
26110,5127.9336
26111,5300.659
26112,4641.802
26113,8189.2153
26114,16255.716
26115,6322.9604
26116,6185.168
26117,7436.113
26118,5508.08
26119,5964.5986
26120,6480.206
26121,5719.5225
26122,7996.217
26123,8145.607
26124,5098.514
26125,8793.473
26126,6115.6567
26127,6240.379
26128,8570.86
26129,9002.293
26130,10811.972
26131,6999.821
26132,7589.475
26133,5644.1265
26134,6541.375
26135,14203.493
26136,10425.318
26137,7498.4253
26138,5535.6895
26139,5899.1357
26140,6707.2046
26141,5701.6074
26142,10638.648
26143,6262.3994
26144,6768.4697
26145,7865.949
26146,6072.6543
26147,7231.1284
26148,8258.886
26149,8326.821
26150,8033.798
26151,5344.055
26152,6664.078
26153,7906.0923
26154,10204.902
26155,8895.577
26156,8101.1104
26157,5389.2915
26158,8301.889
26159,6378.483
26160,6943.7236
26161,8127.54
26162,8046.044
26163,7649.92
26164,8155.542
26165,7465.7407
26166,7667.759
26167,6395.7847
26168,7719.5884
26169,7865.769
26170,6754.14
26171,9157.14
26172,7075.943
26173,6587.5522
26174,10293.083
26175,6392.0767
26176,5105.6973
26177,9438.3125
26178,8660.463
26179,12208.124
26180,5928.406
26181,7534.2275
26182,7201.4697
26183,8381.81
26184,6868.2964
26185,8375.991
26186,4064.0242
26187,7490.841
26188,7004.469
26189,6645.4736
26190,5420.7974
26191,8288.494
26192,8389.567
26193,6198.042
26194,9661.321
26195,8359.782
26196,9891.711
26197,5432.4233
26198,7315.2407
26199,7110.8203
26200,8239.263
26201,8531.891
26202,5722.322
26203,7937.736
26204,9134.904
26205,7981.0005
26206,6341.4663
26207,4496.212
26208,7459.249
26209,7716.0625
26210,10340.688
26211,7907.804
26212,6949.203
26213,9360.4795
26214,8068.1147
26215,6979.3003
26216,8740.643
26217,6402.5415
26218,9013.437
26219,11550.223
26220,8862.533
26221,5612.4897
26222,6856.848
26223,5517.8926
26224,4297.089
26225,9182.021
26226,6433.7197
26227,10167.498
26228,5473.5864
26229,7806.1055
26230,7532.115
26231,12328.313
26232,5250.174
26233,6770.071
26234,7019.323
26235,9130.61
26236,6125.7803
26237,8499.6045
26238,8969.503
26239,10325.994
26240,7467.414
26241,8531.442
26242,6980.219
26243,5492.734
26244,6103.0527
26245,11104.228
26246,10524.997
26247,7598.022
26248,15447.932
26249,7475.859
26250,6665.432
26251,7499.069
26252,8756.154
26253,9850.991
26254,8153.224
26255,8249.564
26256,9009.526
26257,8058.709
26258,7931.182
26259,6714.816
26260,6406.4634
26261,6114.893
26262,5623.926
26263,6198.2847
26264,9021.384
26265,17057.043
26266,8029.814
26267,6871.9463
26268,8407.511
26269,5056.07
26270,7242.172
26271,4487.5396
26272,10661.116
26273,7118.183
26274,7721.3926
26275,11899.611
26276,12347.13
26277,7289.3315
26278,8752.98
26279,4772.2754
26280,7267.9487
26281,6221.4917
26282,8549.763
26283,6103.431
26284,4859.93
26285,6715.9365
26286,6114.496
26287,8177.6167
26288,7705.7954
26289,4600.832
26290,7878.105
26291,7805.3457
26292,8058.4707
26293,5657.7637
26294,5486.1836
26295,8586.333
26296,5158.1777
26297,10419.026
26298,6436.752
26299,6297.4404
26300,8002.3203
26301,7057.899
26302,5485.597
26303,7157.1313
26304,8073.7573
26305,10276.074
26306,11515.98
26307,7222.305
26308,5198.7705
26309,6987.873
26310,8121.24
26311,6667.511
26312,6352.0483
26313,6972.108
26314,12527.119
26315,9315.894
26316,7690.3906
26317,7832.589
26318,5566.8667
26319,9917.084
26320,6816.373
26321,13327.015
26322,7620.324
26323,6372.9307
26324,6325.796
26325,4797.52
26326,8352.274
26327,15457.202
26328,5167.7217
26329,6045.151
26330,10754.029
26331,8709.893
26332,7823.9204
26333,8527.082
26334,7203.7437
26335,5642.786
26336,5728.9683
26337,9413.625
26338,6724.436
26339,7441.81
26340,7985.5615
26341,6104.246
26342,8557.439
26343,7118.7124
26344,4499.46
26345,9657.139
26346,9360.203
26347,5375.6504
26348,8513.657
26349,7033.2227
26350,5566.1553
26351,10562.104
26352,7262.8413
26353,9481.124
26354,6001.974
26355,5956.73
26356,7475.745
26357,4792.443
26358,8841.257
26359,5221.527
26360,6969.7607
26361,6082.7236
26362,7020.669
26363,6978.0293
26364,7661.6396
26365,8408.161
26366,8332.771
26367,7744.604
26368,8695.516
26369,7423.9023
26370,8619.417
26371,9415.251
26372,8584.966
26373,4043.46
26374,7204.891
26375,7911.6895
26376,5562.2544
26377,10637.755
26378,7043.796
26379,9778.378
26380,10896.539
26381,8045.3687
26382,5361.3228
26383,11895.696
26384,10723.445
26385,7030.9556
26386,9266.587
26387,9750.1045
26388,7109.5522
26389,6876.516
26390,7857.611
26391,7189.967
26392,6520.202
26393,8086.173
26394,6042.6665
26395,6938.2153
26396,7959.9272
26397,7759.1396
26398,9079.227
26399,7196.478
26400,7890.784
26401,4516.402
26402,9135.322
26403,7756.343
26404,6764.862
26405,7886.7964
26406,8052.3623
26407,9954.298
26408,6959.6504
26409,5872.7715
26410,7103.5938
26411,7684.8037
26412,8527.172
26413,5769.714
26414,5356.6763
26415,8462.193
26416,7092.4775
26417,7057.9727
26418,8548.295
26419,7548.9883
26420,7514.8784
26421,5701.6616
26422,4857.9834
26423,7693.7144
26424,7565.2495
26425,7767.307
26426,10238.195
26427,8582.927
26428,6523.1816
26429,9393.329
26430,4368.1396
26431,4428.5205
26432,7882.9004
26433,12687.943
26434,8867.852
26435,8296.324
26436,5855.7227
26437,8541.262
26438,11146.885
26439,6652.31
26440,8604.673
26441,6664.72
26442,5310.1226
26443,6050.3774
26444,6865.9907
26445,7156.6875
26446,5501.905
26447,6495.6646
26448,5529.5366
26449,8285.309
26450,8466.795
26451,6492.7656
26452,7257.004
26453,8785.868
26454,6241.1826
26455,6092.891
26456,9174.825
26457,8878.616
26458,7029.7285
26459,4683.8237
26460,13313.548
26461,6859.4775
26462,6677.5605
26463,9551.102
26464,9469.448
26465,9004.406
26466,7541.5537
26467,8206.636
26468,11542.977
26469,15374.573
26470,5900.7793
26471,5844.005
26472,5915.3013
26473,7750.878
26474,7752.8887
26475,9865.16
26476,9668.373
26477,6937.7124
26478,5523.142
26479,7572.6562
26480,10018.294
26481,5930.2666
26482,7700.909
26483,5202.124
26484,7663.7446
26485,8668.595
26486,8509.6875
26487,9967.855
26488,7420.688
26489,4872.1978
26490,7461.2773
26491,8936.269
26492,9368.071
26493,8199.884
26494,8306.363
26495,7957.164
26496,5654.699
26497,10702.388
26498,5490.6963
26499,11162.151
26500,7053.565
26501,5183.426
26502,7768.685
26503,7121.3477
26504,7735.3833
26505,8943.209
26506,4859.564
26507,5367.089
26508,7550.1904
26509,10958.385
26510,10663.812
26511,5936.1523
26512,8064.514
26513,8356.258
26514,7182.5776
26515,6628.6597
26516,11025.333
26517,9381.438
26518,12655.639
26519,5336.0786
26520,7228.687
26521,9685.983
26522,10064.206
26523,6195.69
26524,10571.829
26525,7524.231
26526,5983.374
26527,6825.501
26528,5431.5786
26529,6150.1177
26530,7340.3745
26531,5749.804
26532,6263.1523
26533,11227.066
26534,8185.99
26535,18363.598
26536,6971.789
26537,6837.047
26538,10227.693
26539,13737.153
26540,8266.08
26541,10086.645
26542,8308.566
26543,10577.063
26544,10962.671
26545,7529.6226
26546,8540.423
26547,9965.175
26548,10517.4
26549,9776.812
26550,10837.523
26551,7945.0757
26552,7079.4805
26553,8213.676
26554,14116.912
26555,15122.9795
26556,13484.854
26557,10865.116
26558,7321.1113
26559,8348.674
26560,6454.5317
26561,11251.625
26562,13571.054
26563,12668.911
26564,8884.986
26565,7442.989
26566,7089.0483
26567,8377.901
26568,13117.342
26569,9850.183
26570,7393.9116
26571,7566.0645
26572,9611.9
26573,6231.564
26574,10321.455
26575,6442.507
26576,9806.5
26577,10586.399
26578,7991.299
26579,10290.59
26580,8534.52
26581,7058.4844
26582,9062.261
26583,9436.539
26584,14331.84
26585,9148.201
26586,11002.38
26587,9734.41
26588,13213.601
26589,9386.46
26590,13290.509
26591,7312.7993
26592,6964.8896
26593,10064.014
26594,9369.055
26595,12266.398
26596,10630.584
26597,7934.0425
26598,9773.082
26599,9012.792
26600,14930.124
26601,6590.739
26602,16572.969
26603,7061.097
26604,8908.305
26605,11206.644
26606,8705.316
26607,8773.458
26608,10316.238
26609,9871.702
26610,7709.434
26611,7709.243
26612,10871.408
26613,9615.669
26614,10332.368
26615,6677.421
26616,10575.016
26617,13763.828
26618,9156.074
26619,7111.261
26620,9913.179
26621,8651.6455
26622,8981.024
26623,9496.328
26624,6554.7095
26625,10137.945
26626,9248.671
26627,10154.153
26628,9852.738
26629,7251.856
26630,9019.207
26631,8355.493
26632,10159.985
26633,11078.11
26634,7617.716
26635,7981.2363
26636,8928.55
26637,8155.0366
26638,8347.6
26639,11833.64
26640,10232.66
26641,9826.752
26642,8426.9795
26643,7236.938
26644,9098.671
26645,11734.41
26646,10453.477
26647,11294.342
26648,11403.774
26649,8999.366
26650,11859.819
26651,8889.115
26652,10853.867
26653,12311.323
26654,9629.472
26655,13044.5205
26656,11608.7
26657,10873.098
26658,8881.395
26659,10642.829
26660,10655.221
26661,9179.613
26662,6805.9395
26663,8473.767
26664,10501.042
26665,9779.433
26666,8057.948
26667,10817.819
26668,9095.712
26669,8906.895
26670,9060.334
26671,7646.761
26672,9947.598
26673,10047.776
26674,9630.409
26675,8325.574
26676,7861.1865
26677,9895.221
26678,5886.865
26679,8888.937
26680,7340.0034
26681,11201.119
26682,9700.267
26683,8816.971
26684,12049.243
26685,7926.637
26686,7399.6753
26687,13554.884
26688,9065.494
26689,9728.452
26690,11739.258
26691,7555.954
26692,8719.052
26693,7747.877
26694,10532.367
26695,13603.45
26696,8354.457
26697,4790.56
26698,7608.022
26699,10970.065
26700,11692.305
26701,8866.532
26702,9730.66
26703,6955.8677
26704,7537.793
26705,4997.0435
26706,7613.219
26707,8869.12
26708,9000.431
26709,9700.517
26710,9814.613
26711,10903.724
26712,11079.8955
26713,9925.042
26714,7995.324
26715,12737.583
26716,12502.161
26717,8481.23
26718,11069.945
26719,7220.921
26720,9429.063
26721,6388.499
26722,9151.133
26723,7490.8335
26724,11289.032
26725,9646.294
26726,11788.996
26727,10677.999
26728,8806.432
26729,10516.227
26730,19892.219
26731,16152.559
26732,8772.179
26733,4823.91
26734,8989.483
26735,13194.458
26736,8956.773
26737,13318.831
26738,16194.237
26739,5683.358
26740,7695.5566
26741,10954.383
26742,8052.255
26743,12404.459
26744,9351.351
26745,10695.438
26746,5829.341
26747,9639.433
26748,9902.33
26749,9684.496
26750,10482.17
26751,8936.362
26752,8667.5205
26753,9643.985
26754,7593.6025
26755,8384.376
26756,10624.33
26757,8228.613
26758,8952.605
26759,10380.234
26760,7913.4326
26761,7975.05
26762,9636.114
26763,9083.254
26764,10791.964
26765,9122.4795
26766,9464.428
26767,8457.812
26768,6510.0293
26769,10412.202
26770,9316.711
26771,7320.378
26772,6942.5713
26773,10629.804
26774,10086.317
26775,10873.948
26776,10561.046
26777,8894.695
26778,7330.2856
26779,7026.725
26780,14228.468
26781,8067.907
26782,10471.798
26783,18577.646
26784,9545.173
26785,9384.187
26786,6863.332
26787,6974.8086
26788,10071.802
26789,6596.9336
26790,8222.518
26791,11871.51
26792,8152.5244
26793,17227.316
26794,17216.574
26795,7306.5386
26796,10140.527
26797,7181.4478
26798,10215.3125
26799,8748.49
26800,15579.125
26801,10183.182
26802,11107.024
26803,7393.855
26804,10164.1045
26805,7533.286
26806,12242.895
26807,9580.744
26808,8644.832
26809,8857.648
26810,7526.413
26811,11312.8955
26812,11714.115
26813,8294.512
26814,14114.488
26815,9998.238
26816,12563.613
26817,7087.2837
26818,7872.134
26819,8288.533
26820,13732.031
26821,9700.396
26822,11406.7
26823,9343.915
26824,11661.366
26825,7016.826
26826,11153.456
26827,9531.682
26828,6326.387
26829,19237.318
26830,20058.305
26831,10617.058
26832,10645.124
26833,13132.389
26834,14310.737
26835,13489.78
26836,8654.65
26837,10677.917
26838,8411.778
26839,11575.102
26840,6573.6997
26841,8192.801
26842,7671.0576
26843,8209.627
26844,10311.261
26845,6714.7646
26846,7823.4204
26847,8390.856
26848,6733.678
26849,7018.5195
26850,7630.703
26851,9127.902
26852,11736.75
26853,12721.666
26854,10037.46
26855,8879.404
26856,9300.57
26857,13748.675
26858,10386.929
26859,8114.264
26860,6776.615
26861,10947.499
26862,7200.3364
26863,9754.383
26864,5364.0693
26865,7931.7573
26866,11692.807
26867,8506.539
26868,8248.038
26869,11175.541
26870,12549.254
26871,12653.985
26872,8677.206
26873,13088.263
26874,5634.525
26875,7802.391
26876,8854.565
26877,7061.205
26878,10005.04
26879,7656.6797
26880,8428.732
26881,11045.246
26882,13593.412
26883,11314.622
26884,8706.379
26885,7788.8213
26886,15391.078
26887,9927.428
26888,9089.355
26889,7430.4834
26890,8897.071
26891,11777.331
26892,7151.324
26893,9842.727
26894,10487.67
26895,11160.277
26896,17668.451
26897,9234.031
26898,16027.508
26899,9406.248
26900,7769.041
26901,5541.448
26902,9832.387
26903,9695.068
26904,7126.675
26905,9966.42
26906,7500.593
26907,6630.5317
26908,8998.001
26909,6729.0747
26910,10864.38
26911,9162.574
26912,10810.61
26913,11002.937
26914,8482.67
26915,10295.371
26916,9767.817
26917,7569.226
26918,7684.2026
26919,8749.859
26920,15261.133
26921,9008.589
26922,6930.1465
26923,10263.645
26924,11860.996
26925,9971.726
26926,9426.177
26927,11157.957
26928,9388.931
26929,7247.41
26930,9016.575
26931,11175.925
26932,9257.7705
26933,9952.058
26934,9195.124
26935,7554.527
26936,6081.975
26937,7635.8945
26938,11130.11
26939,11845.226
26940,13899.121
26941,16415.172
26942,11042.275
26943,8082.0166
26944,7677.88
26945,14691.379
26946,13444.3
26947,11022.115
26948,11782.69
26949,11741.284
26950,8211.326
26951,6086.6123
26952,14325.745
26953,8137.4453
26954,9364.766
26955,8272.587
26956,5457.3003
26957,14137.486
26958,8591.8545
26959,7579.47
26960,7328.957
26961,7563.164
26962,8431.683
26963,11087.242
26964,9564.201
26965,7303.2705
26966,6305.549
26967,6370.3115
26968,5717.1606
26969,10296.206
26970,18312.232
26971,7739.361
26972,7772.25
26973,8836.3
26974,6742.1616
26975,7669.924
26976,7960.922
26977,7096.443
26978,9806.996
26979,10268.295
26980,6309.7603
26981,11070.357
26982,7716.9897
26983,7570.2803
26984,10618.495
26985,11556.217
26986,12765.969
26987,8505.281
26988,9215.827
26989,7176.312
26990,8097.603
26991,16448.271
26992,12919.641
26993,9353.394
26994,6690.739
26995,7359.618
26996,8212.657
26997,7066.2646
26998,13061.09
26999,7312.9946
27000,8305.389
27001,10146.845
27002,7775.097
27003,8981.1875
27004,10236.887
27005,10346.302
27006,10258.32
27007,6670.501
27008,8078.7183
27009,9698.666
27010,12796.712
27011,11142.026
27012,10048.677
27013,6632.6
27014,10185.318
27015,7781.3438
27016,8527.644
27017,10390.615
27018,9862.234
27019,9517.609
27020,10116.318
27021,9069.049
27022,9588.177
27023,7904.109
27024,9507.82
27025,10177.006
27026,8614.255
27027,11436.614
27028,8919.706
27029,8136.7314
27030,12849.325
27031,7865.754
27032,6624.52
27033,11134.506
27034,11058.981
27035,14251.162
27036,7277.806
27037,9176.13
27038,8815.314
27039,10243.117
27040,8601.078
27041,10312.8545
27042,5141.025
27043,8845.415
27044,8802.552
27045,8248.077
27046,6634.739
27047,10135.335
27048,10479.211
27049,7547.5625
27050,11511.127
27051,10620.855
27052,12203.77
27053,6842.364
27054,8984.691
27055,8837.101
27056,10207.093
27057,10597.603
27058,7183.5166
27059,9878.652
27060,11134.739
27061,10152.6045
27062,7709.302
27063,5457.998
27064,9299.009
27065,9539.048
27066,12729.822
27067,9929.559
27068,8492.417
27069,11567.476
27070,9821.364
27071,8994.114
27072,10423.639
27073,7987.8315
27074,10754.665
27075,14772.436
27076,10550.888
27077,6848.593
27078,8736.667
27079,6822.5913
27080,5174.045
27081,11712.193
27082,7966.269
27083,12427.5625
27084,6982.4897
27085,10022.26
27086,9327.763
27087,14175.169
27088,6581.774
27089,8565.353
27090,8891.973
27091,11221.521
27092,7597.1304
27093,10280.045
27094,10837.007
27095,12538.678
27096,9191.266
27097,10620.541
27098,8707.01
27099,6765.1846
27100,7824.771
27101,13713.1455
27102,12762.354
27103,9331.171
27104,17320.795
27105,8901.757
27106,8437.805
27107,8975.989
27108,10893.433
27109,12434.877
27110,10069.593
27111,10260.767
27112,11365.716
27113,9864.634
27114,10097.203
27115,8531.9795
27116,7881.2617
27117,7911.863
27118,7018.8613
27119,7626.7886
27120,11678.54
27121,19431.098
27122,9754.243
27123,8441.508
27124,10043.445
27125,6250.7505
27126,9263.706
27127,5394.5684
27128,12993.946
27129,8838.677
27130,9423.129
27131,14465.401
27132,13876.088
27133,8790.319
27134,10882.394
27135,5843.687
27136,8825.409
27137,7641.862
27138,10970.745
27139,7830.1313
27140,6134.9546
27141,8143.0977
27142,7661.8955
27143,10041.242
27144,9629.114
27145,5613.775
27146,9924.521
27147,9722.729
27148,10426.999
27149,7008.539
27150,7129.673
27151,10535.432
27152,6307.191
27153,12750.819
27154,7834.883
27155,8015.956
27156,9998.944
27157,8627.567
27158,6791.8545
27159,9268.293
27160,9558.602
27161,12755.6
27162,13945.489
27163,8994.261
27164,6255.9756
27165,8605.223
27166,9880.528
27167,8293.832
27168,8186.068
27169,8470.535
27170,14892.281
27171,11576.824
27172,9372.683
27173,9517.7
27174,6741.6343
27175,12166.244
27176,8400.201
27177,16448.066
27178,9478.547
27179,8101.6743
27180,7784.395
27181,5904.4556
27182,10287.048
27183,19978.957
27184,6540.595
27185,7871.5933
27186,12901.761
27187,10257.4795
27188,9735.738
27189,10653.473
27190,9419.041
27191,7254.5957
27192,7336.3076
27193,11563.526
27194,8310.706
27195,9223.002
27196,9871.315
27197,7463.9604
27198,10881.947
27199,8827.825
27200,5533.71
27201,12064.249
27202,11675.867
27203,6610.7153
27204,10482.11
27205,8722.2295
27206,7113.7983
27207,13006.531
27208,9010.11
27209,11574.837
27210,7369.8105
27211,7361.7666
27212,9226.072
27213,6012.643
27214,10788.948
27215,6340.928
27216,8436.671
27217,7537.8574
27218,8709.685
27219,8635.883
27220,9432.985
27221,10589.529
27222,10543.162
27223,9814.622
27224,10404.369
27225,8828.836
27226,10458.383
27227,11489.376
27228,10188.282
27229,5090.554
27230,8859.761
27231,9612.038
27232,6720.0825
27233,13204.982
27234,9050.6
27235,11743.625
27236,13125.176
27237,9446.526
27238,6600.943
27239,14206.339
27240,13061.477
27241,8572.381
27242,11055.47
27243,11849.293
27244,8762.194
27245,8362.135
27246,9728.257
27247,8850.395
27248,7963.4204
27249,10037.623
27250,7523.994
27251,8462.226
27252,10201.943
27253,9605.65
27254,11238.776
27255,8781.118
27256,9664.427
27257,5562.069
27258,11327.342
27259,9800.441
27260,8464.897
27261,9817.243
27262,9832.715
27263,12287.288
27264,8666.801
27265,7282.896
27266,9033.9375
27267,9550.71
27268,10322.833
27269,7024.748
27270,6568.917
27271,10570.136
27272,8825.216
27273,8662.413
27274,10910.933
27275,9268.398
27276,9123.472
27277,6990.0933
27278,6061.0054
27279,9584.135
27280,9373.461
27281,9302.007
27282,12164.678
27283,10370.902
27284,8046.6733
27285,11528.717
27286,5384.395
27287,5398.9336
27288,9838.69
27289,14544.685
27290,11279.454
27291,10430.401
27292,7472.302
27293,10788.907
27294,13351.429
27295,8239.231
27296,10846.448
27297,8169.322
27298,6588.9346
27299,7713.6855
27300,8487.882
27301,8943.687
27302,6908.888
27303,7990.948
27304,6791.7314
27305,9949.932
27306,10128.241
27307,8268.352
27308,9109.794
27309,10920.8545
27310,7616.5894
27311,7221.6167
27312,11670.713
27313,11173.005
27314,8934.231
27315,5859.4155
27316,15180.073
27317,8814.532
27318,8568.776
27319,11990.959
27320,11588.136
27321,11048.344
27322,9233.027
27323,10063.246
27324,14053.479
27325,17162.13
27326,7195.4688
27327,7500.0635
27328,7402.598
27329,9447.111
27330,9586.43
27331,11522.43
27332,11871.985
27333,8452.529
27334,6873.795
27335,8990.203
27336,12170.724
27337,7287.1484
27338,9421.215
27339,6439.3125
27340,9889.381
27341,10261.1875
27342,10338.224
27343,12282.39
27344,8939.645
27345,6011.1177
27346,9118.443
27347,10604.761
27348,11435.545
27349,9946.572
27350,10256.804
27351,9504.447
27352,7036.081
27353,13042.717
27354,6928.5337
27355,13842.064
27356,8765.003
27357,6420.3984
27358,9469.023
27359,8788.97
27360,9817.543
27361,10893.619
27362,5801.0747
27363,6806.167
27364,9645.319
27365,13277.231
27366,13069.34
27367,7382.27
27368,9683.8955
27369,9850.446
27370,8759.495
27371,8312.997
27372,13760.402
27373,11597.866
27374,15079.584
27375,6420.362
27376,8868.393
27377,11072.617
27378,11608.445
27379,7955.434
27380,13018.706
27381,9230.923
27382,7359.955
27383,8191.074
27384,6646.7925
27385,7485.156
27386,9345.85
27387,7189.521
27388,7798.634
27389,13851.124
27390,9882.592
27391,20425.322
27392,8637.621
27393,6134.0713
27394,4033.6133
27395,3496.0586
27396,3283.1426
27397,4544.0625
27398,4534.597
27399,5460.1016
27400,5448.1675
27401,6088.3423
27402,3971.7517
27403,6253.8813
27404,4438.721
27405,3928.2397
27406,5979.9053
27407,6102.395
27408,3419.8645
27409,6707.6206
27410,5878.9536
27411,12778.406
27412,6668.192
27413,7354.145
27414,2472.357
27415,4445.5093
27416,2746.3228
27417,7144.8813
27418,8530.751
27419,5957.514
27420,7438.5815
27421,3537.0413
27422,4309.1855
27423,6702.204
27424,8519.53
27425,7549.802
27426,5644.633
27427,5934.1367
27428,5386.3677
27429,3328.6497
27430,5538.399
27431,5213.201
27432,4300.558
27433,8323.224
27434,2600.1626
27435,4738.4414
27436,3695.583
27437,3901.9514
27438,4781.511
27439,6576.854
27440,9232.296
27441,7595.1816
27442,6473.707
27443,5708.856
27444,10528.842
27445,6426.6665
27446,5665.7236
27447,3426.1145
27448,2572.3564
27449,5847.568
27450,3746.9734
27451,5666.8535
27452,5072.165
27453,4308.7417
27454,8817.425
27455,4219.286
27456,5067.7495
27457,3734.6763
27458,6147.496
27459,3667.2253
27460,3762.328
27461,6140.534
27462,7444.004
27463,7315.7993
27464,4985.9644
27465,5481.094
27466,4468.962
27467,5815.867
27468,9497.18
27469,7635.319
27470,3361.0303
27471,3185.2527
27472,5757.5093
27473,9266.393
27474,3828.7837
27475,2442.6604
27476,5731.3184
27477,4407.155
27478,4044.2969
27479,5332.8223
27480,3167.5413
27481,6491.5024
27482,3725.8267
27483,7571.0527
27484,3045.337
27485,3301.7366
27486,6868.4863
27487,5876.391
27488,7565.1196
27489,5075.1704
27490,5721.0776
27491,6605.4653
27492,6432.425
27493,7275.023
27494,3781.1165
27495,4897.8022
27496,4139.565
27497,4504.0977
27498,6266.7856
27499,3189.6526
27500,6821.264
27501,4666.2896
27502,6269.9243
27503,6388.31
27504,6713.279
27505,6201.614
27506,4507.6177
27507,4409.5815
27508,3445.9714
27509,6821.622
27510,7556.2856
27511,4860.927
27512,6381.0386
27513,7305.2075
27514,4034.71
27515,3981.6526
27516,6204.987
27517,3766.1772
27518,2891.1204
27519,3975.2693
27520,5195.568
27521,4617.0283
27522,3548.0447
27523,5361.8647
27524,4339.8438
27525,4655.126
27526,7837.663
27527,3697.3638
27528,6183.103
27529,7187.1006
27530,3456.111
27531,5957.332
27532,3827.9036
27533,6240.7124
27534,2420.4595
27535,3335.255
27536,5358.2705
27537,8329.037
27538,3677.174
27539,3764.597
27540,7214.312
27541,4353.1772
27542,5450.288
27543,9191.44
27544,7655.584
27545,6164.6357
27546,5202.4614
27547,3382.323
27548,5190.986
27549,2632.7197
27550,4831.6143
27551,6428.794
27552,2865.3123
27553,3357.976
27554,2415.7944
27555,4436.3765
27556,4623.088
27557,5901.7134
27558,6796.754
27559,6168.8003
27560,2877.737
27561,2316.5376
27562,3391.9614
27563,4077.4558
27564,6470.367
27565,5242.7275
27566,4845.289
27567,6619.6816
27568,5552.8506
27569,5409.248
27570,5182.936
27571,6316.071
27572,10381.204
27573,3177.8562
27574,5379.318
27575,6209.06
27576,7838.448
27577,3694.6597
27578,4957.581
27579,5855.605
27580,6675.5356
27581,7710.559
27582,7645.3174
27583,6220.5957
27584,4220.3687
27585,8553.768
27586,14811.923
27587,7830.034
27588,4700.671
27589,3789.6816
27590,5833.379
27591,3726.1003
27592,2474.2446
27593,16281.923
27594,17607.137
27595,2844.2625
27596,2114.4673
27597,9305.885
27598,4001.2727
27599,6288.2153
27600,3200.5737
27601,4383.8975
27602,6004.9917
27603,5466.063
27604,5754.0176
27605,3236.8674
27606,7956.542
27607,3013.8743
27608,4608.1187
27609,4135.129
27610,4930.116
27611,4575.3696
27612,6680.23
27613,5952.8564
27614,5939.607
27615,4260.21
27616,3424.3958
27617,3235.0493
27618,3002.3955
27619,4183.669
27620,6469.9106
27621,3986.7417
27622,3569.701
27623,3310.315
27624,3955.471
27625,3551.7324
27626,4604.2437
27627,5331.5605
27628,2319.9028
27629,4158.3643
27630,7121.497
27631,3029.5186
27632,5706.1772
27633,5451.6763
27634,2971.1836
27635,1955.4586
27636,8443.352
27637,6035.679
27638,4572.752
27639,9358.293
27640,5706.918
27641,3861.7412
27642,4557.633
27643,2957.8167
27644,3790.7302
27645,3130.0144
27646,2623.707
27647,4148.748
27648,5662.3364
27649,8788.593
27650,6765.5396
27651,3228.806
27652,4389.295
27653,3305.203
27654,4148.0713
27655,4076.5574
27656,8050.612
27657,3704.8345
27658,5007.3975
27659,3288.6565
27660,4132.4043
27661,4415.2593
27662,6174.5986
27663,6977.5967
27664,3672.368
27665,7362.0615
27666,7365.053
27667,8289.0625
27668,4006.578
27669,5084.095
27670,6793.9536
27671,6734.796
27672,10959.2
27673,2001.8193
27674,6492.3257
27675,4685.097
27676,8413.953
27677,5185.74
27678,6496.451
27679,5171.701
27680,5069.466
27681,4880.1187
27682,4630.0303
27683,3445.9746
27684,5128.2373
27685,6022.085
27686,12516.776
27687,7895.527
27688,7654.197
27689,8023.3223
27690,7157.4727
27691,4250.626
27692,2995.855
27693,4831.1533
27694,4899.737
27695,8877.601
27696,2943.0774
27697,3347.5332
27698,5803.1445
27699,3299.8345
27700,4977.2686
27701,3122.6091
27702,3027.6204
27703,4788.189
27704,2436.7935
27705,5436.5854
27706,5550.605
27707,5481.936
27708,6944.7437
27709,8501.372
27710,5693.5264
27711,6766.656
27712,4823.537
27713,5634.761
27714,2942.3938
27715,3094.7798
27716,4588.858
27717,8269.89
27718,2909.9934
27719,6988.0464
27720,3944.0435
27721,4128.5034
27722,4975.7397
27723,5663.4707
27724,4676.9307
27725,5189.0156
27726,7785.234
27727,5894.366
27728,2381.1648
27729,5137.378
27730,2766.6584
27731,5313.5527
27732,7330.628
27733,5052.473
27734,5524.312
27735,2529.2163
27736,3795.025
27737,4036.7773
27738,6903.9277
27739,5544.668
27740,3621.8625
27741,2827.803
27742,5977.014
27743,5040.151
27744,4967.28
27745,5105.1274
27746,7635.0933
27747,5562.78
27748,5318.781
27749,4586.39
27750,5102.372
27751,4178.1294
27752,4976.6562
27753,5300.2397
27754,9022.115
27755,7027.1274
27756,4474.4346
27757,2349.7952
27758,4615.8394
27759,6262.77
27760,5684.372
27761,3244.1228
27762,5810.0566
27763,2835.947
27764,7290.2354
27765,2807.8657
27766,4637.743
27767,7053.834
27768,4918.974
27769,7744.3896
27770,6203.442
27771,4194.71
27772,3907.263
27773,5446.6655
27774,4324.9575
27775,3021.0479
27776,6680.5806
27777,7955.6616
27778,3278.1257
27779,4035.6106
27780,3767.6218
27781,4998.6836
27782,3539.2622
27783,4567.429
27784,4139.2056
27785,7115.6035
27786,6601.9756
27787,6831.0957
27788,3645.645
27789,2819.8586
27790,6371.5327
27791,5408.99
27792,3097.2458
27793,4547.6616
27794,6291.647
27795,2758.6936
27796,7478.5405
27797,5311.5005
27798,5295.717
27799,3741.712
27800,3394.224
27801,8202.95
27802,5627.8057
27803,7436.2544
27804,4805.0537
27805,5062.6235
27806,3889.48
27807,2700.2314
27808,5955.395
27809,6192.984
27810,5062.913
27811,3181.3564
27812,4039.0266
27813,3652.4016
27814,4551.6455
27815,4478.8115
27816,3029.5012
27817,5923.46
27818,3230.861
27819,4118.646
27820,7217.6504
27821,6645.341
27822,5187.0166
27823,3322.1497
27824,2583.0762
27825,7105.356
27826,19319.91
27827,2342.9885
27828,5880.154
27829,4732.948
27830,3245.5437
27831,4976.7603
27832,6306.9805
27833,2835.9702
27834,6915.0654
27835,4762.426
27836,2533.9429
27837,8893.024
27838,2981.2546
27839,3570.416
27840,6162.5664
27841,4787.741
27842,6998.412
27843,3149.772
27844,4350.363
27845,5031.5815
27846,6514.216
27847,10438.721
27848,8988.3
27849,4079.5254
27850,2989.3398
27851,5340.763
27852,3927.9888
27853,2808.6494
27854,3676.4548
27855,3278.9766
27856,4970.1143
27857,5005.917
27858,4707.7607
27859,3660.3926
27860,4046.4502
27861,6440.037
27862,5559.0933
27863,2789.825
27864,2976.584
27865,5593.2827
27866,8801.905
27867,4321.6255
27868,5945.1846
27869,2291.8923
27870,6224.8154
27871,3794.7678
27872,3016.607
27873,4054.4792
27874,3057.7324
27875,3749.6514
27876,6125.2544
27877,3697.593
27878,5533.7363
27879,6088.621
27880,4558.3804
27881,5596.538
27882,5653.75
27883,6351.794
27884,5279.1846
27885,2675.1262
27886,7650.81
27887,3319.5203
27888,4205.5117
27889,4836.8574
27890,7936.2373
27891,6864.766
27892,3670.256
27893,3034.3662
27894,3786.2344
27895,5369.296
27896,4172.442
27897,6957.6855
27898,3147.2368
27899,3093.8174
27900,6023.211
27901,5284.646
27902,2495.7493
27903,5759.6187
27904,7718.594
27905,2602.9014
27906,4726.3887
27907,6978.0156
27908,6996.7036
27909,4000.101
27910,4116.8315
27911,3685.0012
27912,7099.0083
27913,4370.215
27914,2891.4856
27915,11110.425
27916,7613.6626
27917,7420.6313
27918,4869.545
27919,1688.5171
27920,6617.535
27921,3728.9875
27922,7671.797
27923,5082.369
27924,4005.4504
27925,6583.3813
27926,3842.5046
27927,5664.4863
27928,4648.7095
27929,3440.5222
27930,6481.7637
27931,10279.966
27932,5172.1846
27933,3282.4067
27934,5576.38
27935,2424.3884
27936,2178.405
27937,4583.2017
27938,3335.4934
27939,4041.0615
27940,4382.2124
27941,5306.3555
27942,3913.8618
27943,4396.8755
27944,3872.6978
27945,6024.3022
27946,5240.278
27947,5496.193
27948,4833.7485
27949,3975.4436
27950,5567.021
27951,6815.4307
27952,5928.615
27953,6258.4287
27954,4038.048
27955,3034.1782
27956,5628.2725
27957,6464.334
27958,3929.3904
27959,3338.6292
27960,18386.363
27961,3824.823
27962,5356.528
27963,3469.9001
27964,5563.8413
27965,7589.468
27966,6654.493
27967,6080.3804
27968,6874.9814
27969,4102.636
27970,6009.02
27971,5398.5576
27972,2108.319
27973,4464.092
27974,2971.0815
27975,3118.5603
27976,6960.0684
27977,13437.492
27978,4196.911
27979,2334.0493
27980,3924.0488
27981,4446.256
27982,3708.077
27983,1444.927
27984,3361.6812
27985,5316.0015
27986,4017.742
27987,5718.606
27988,12765.811
27989,4739.567
27990,2824.0679
27991,3434.472
27992,4489.7573
27993,4466.4346
27994,6011.445
27995,4670.3994
27996,3684.1821
27997,3112.3516
27998,4653.781
27999,2999.4783
28000,6171.1074
28001,2094.8882
28002,5011.273
28003,3768.312
28004,5305.4194
28005,4514.1924
28006,4291.473
28007,3447.28
28008,2728.0876
28009,5436.1084
28010,5882.942
28011,3233.4294
28012,4844.319
28013,3817.7732
28014,5012.0327
28015,2563.2944
28016,5777.479
28017,5565.715
28018,5329.43
28019,4303.0327
28020,3149.135
28021,3867.8242
28022,4639.3315
28023,6368.2456
28024,4927.6436
28025,5088.088
28026,6599.992
28027,5547.6567
28028,2880.7214
28029,4407.0415
28030,2783.8218
28031,4078.58
28032,5384.6006
28033,7281.4097
28034,6554.5474
28035,4711.889
28036,2133.6858
28037,1893.607
28038,4673.5815
28039,15482.417
28040,2551.4575
28041,4492.225
28042,3951.5413
28043,5797.49
28044,4134.1665
28045,6776.176
28046,5822.217
28047,4470.8423
28048,4541.593
28049,6122.8535
28050,3735.5278
28051,4604.555
28052,4725.203
28053,2824.647
28054,4845.659
28055,4526.857
28056,3886.5537
28057,4980.232
28058,2743.645
28059,2862.666
28060,6362.848
28061,6659.319
28062,2395.741
28063,5458.836
28064,5635.509
28065,4762.18
28066,3844.844
28067,3354.9373
28068,3369.9233
28069,3551.2073
28070,4678.202
28071,2291.9087
28072,4356.634
28073,3221.9998
28074,5354.214
28075,3725.823
28076,3369.2002
28077,5708.758
28078,7347.968
28079,4495.1787
28080,5592.877
28081,4456.2554
28082,5047.367
28083,5073.3555
28084,5690.882
28085,3528.5688
28086,3368.1492
28087,4011.4883
28088,2915.0227
28089,7740.092
28090,5468.0757
28091,5531.198
28092,6058.607
28093,6368.039
28094,2605.1086
28095,5682.697
28096,5281.3047
28097,5018.941
28098,5820.662
28099,8256.011
28100,5397.1367
28101,3938.4417
28102,3810.2854
28103,3934.1836
28104,3508.564
28105,6414.9565
28106,3135.648
28107,5376.302
28108,5992.444
28109,4681.0054
28110,7696.43
28111,3468.831
28112,5591.6504
28113,2533.503
28114,4898.994
28115,4374.941
28116,1988.2972
28117,5180.04
28118,4452.822
28119,5931.0527
28120,6441.0693
28121,3046.7114
28122,5861.327
28123,5254.1064
28124,7753.3027
28125,2399.7407
28126,1996.2821
28127,4743.864
28128,9028.115
28129,3422.1392
28130,7288.984
28131,4916.5117
28132,2941.1882
28133,4290.7896
28134,2508.5457
28135,6048.121
28136,5369.178
28137,5901.7476
28138,6131.667
28139,5869.585
28140,3491.1562
28141,5163.406
28142,2383.0022
28143,2232.581
28144,5894.58
28145,5749.711
28146,4764.1704
28147,4860.4077
28148,2968.5317
28149,4543.2305
28150,4838.925
28151,5549.917
28152,6265.9844
28153,2417.021
28154,3503.8413
28155,2833.5227
28156,4135.4644
28157,3460.6936
28158,3067.4558
28159,3867.2302
28160,2982.0227
28161,4237.8286
28162,4110.2197
28163,5437.5503
28164,4248.421
28165,6144.4067
28166,4046.682
28167,2069.0593
28168,6952.233
28169,4758.2207
28170,5051.423
28171,2537.3794
28172,6152.2886
28173,4568.3706
28174,5104.431
28175,7760.561
28176,7013.969
28177,5607.7114
28178,5214.7676
28179,4715.446
28180,7327.294
28181,8395.026
28182,2971.8838
28183,4551.537
28184,4998.2354
28185,5397.173
28186,5758.564
28187,6808.66
28188,3432.4216
28189,4670.7915
28190,2965.0308
28191,5566.957
28192,3478.799
28193,3046.8044
28194,6346.9673
28195,2767.7449
28196,5321.6885
28197,5995.028
28198,4760.064
28199,5661.8774
28200,4025.9866
28201,4686.3267
28202,5393.5757
28203,4489.8647
28204,8236.623
28205,4602.79
28206,6381.4224
28207,5185.0376
28208,2844.4458
28209,7673.4214
28210,2887.8647
28211,7292.516
28212,4417.7026
28213,4638.739
28214,6260.166
28215,3815.556
28216,3657.0593
28217,5561.114
28218,2477.0413
28219,2665.452
28220,6134.539
28221,5749.7437
28222,5857.795
28223,5234.812
28224,4511.2266
28225,3983.4077
28226,4861.9097
28227,2911.0999
28228,9764.604
28229,4985.6787
28230,7327.077
28231,4220.55
28232,2721.0684
28233,11212.663
28234,4807.662
28235,3209.82
28236,7416.443
28237,4088.6611
28238,4507.9746
28239,4623.2954
28240,3819.0808
28241,2849.166
28242,3834.025
28243,4502.4995
28244,3204.258
28245,6908.842
28246,4421.0835
28247,16990.88
28248,6381.696
28249,4109.553
28250,3786.339
28251,5857.7056
28252,3159.7817
28253,5788.986
28254,3874.135
28255,5726.0894
28256,5612.5005
28257,4258.9663
28258,3469.8108
28259,5878.8413
28260,5415.8774
28261,4518.3926
28262,5306.7505
28263,4807.575
28264,2907.4558
28265,4559.3413
28266,7069.7705
28267,8550.921
28268,6207.283
28269,7060.7065
28270,3586.734
28271,5683.3687
28272,2345.3794
28273,6825.631
28274,8656.284
28275,6696.044
28276,5091.846
28277,3172.1982
28278,4059.1384
28279,5454.308
28280,8670.472
28281,5251.556
28282,4814.528
28283,4408.6562
28284,5630.5386
28285,2850.1853
28286,7056.014
28287,4120.572
28288,4589.23
28289,6290.027
28290,3709.0886
28291,8247.181
28292,3695.213
28293,4069.657
28294,3973.734
28295,6229.5317
28296,9386.505
28297,5469.3174
28298,6039.019
28299,5788.754
28300,8723.918
28301,6238.1294
28302,5360.52
28303,2904.9536
28304,3223.5215
28305,4719.2437
28306,5735.398
28307,5939.562
28308,7401.419
28309,3572.6272
28310,6296.5337
28311,4387.738
28312,5274.4277
28313,3104.8755
28314,8547.4795
28315,3246.99
28316,3996.9658
28317,5273.0195
28318,5258.95
28319,5123.563
28320,3884.667
28321,5832.5723
28322,4892.1714
28323,4483.445
28324,6882.1
28325,6632.783
28326,5670.292
28327,3456.586
28328,5307.6973
28329,8505.492
28330,4928.8564
28331,3406.6643
28332,6514.688
28333,4059.669
28334,4732.7725
28335,6131.392
28336,2981.232
28337,6800.586
28338,4905.026
28339,5901.1167
28340,4924.923
28341,3116.5706
28342,5415.5723
28343,4850.4824
28344,6784.1562
28345,4625.4346
28346,4376.99
28347,4900.826
28348,5583.0483
28349,5707.429
28350,3695.093
28351,6256.3936
28352,4123.096
28353,5293.8584
28354,5538.811
28355,3117.0078
28356,5217.0215
28357,4738.916
28358,5963.034
28359,7525.6953
28360,7515.9756
28361,4784.4404
28362,7223.7866
28363,4025.0266
28364,3705.0962
28365,7612.196
28366,5915.149
28367,6586.968
28368,7788.361
28369,6364.2017
28370,5385.607
28371,5433.2783
28372,7107.769
28373,3757.1633
28374,2649.2168
28375,4674.5713
28376,4507.278
28377,6349.5767
28378,3414.6194
28379,5006.2705
28380,4962.7144
28381,3918.053
28382,5799.044
28383,3440.0134
28384,6007.7534
28385,6365.6406
28386,3499.8325
28387,5074.788
28388,3206.576
28389,6434.6035
28390,3163.9624
28391,4108.1895
28392,4218.626
28393,7210.302
28394,4748.7305
28395,4810.355
28396,7356.4106
28397,3955.022
28398,5197.3823
28399,9033.36
28400,5665.891
28401,6869.043
28402,5183.124
28403,5124.5015
28404,5838.478
28405,3786.8774
28406,5687.7725
28407,6013.3374
28408,4196.7993
28409,2790.9976
28410,3530.5251
28411,7621.4146
28412,8422.865
28413,5230.2603
28414,5933.605
28415,4584.015
28416,2823.265
28417,2272.6294
28418,3327.6655
28419,5405.5347
28420,6357.7217
28421,4795.9185
28422,4534.6533
28423,7321.8164
28424,7145.8423
28425,6601.4844
28426,4395.391
28427,5928.061
28428,7729.8223
28429,3564.2805
28430,5309.591
28431,4996.062
28432,6307.185
28433,3432.389
28434,4622.484
28435,4684.1636
28436,6664.733
28437,5968.2637
28438,7354.0327
28439,7067.7007
28440,5508.7524
28441,6705.254
28442,14456.3125
28443,9088.636
28444,5080.7793
28445,2980.0063
28446,5994.9766
28447,7415.4526
28448,2241.5293
28449,11527.552
28450,13276.383
28451,3716.7532
28452,2593.9893
28453,7106.386
28454,3733.7466
28455,7325.7563
28456,3364.8574
28457,5334.282
28458,3971.3425
28459,6191.43
28460,5673.625
28461,4889.3213
28462,6651.0605
28463,6093.978
28464,5965.401
28465,4357.897
28466,4627.3413
28467,4325.6304
28468,6865.29
28469,4846.7964
28470,5428.0464
28471,4271.832
28472,3361.62
28473,3781.4844
28474,4971.1763
28475,4220.3364
28476,5969.886
28477,6187.8823
28478,5352.4214
28479,4406.68
28480,4114.0874
28481,3907.919
28482,4357.7515
28483,5049.361
28484,3151.368
28485,4374.106
28486,6004.167
28487,6202.2173
28488,6056.989
28489,5557.1265
28490,3199.6243
28491,3318.4944
28492,8131.099
28493,4742.013
28494,5809.281
28495,11748.61
28496,6886.677
28497,5008.9404
28498,4571.317
28499,2933.1953
28500,3955.9163
28501,3744.8687
28502,3810.3582
28503,6355.345
28504,5490.8896
28505,10036.245
28506,8993.291
28507,5567.69
28508,5350.099
28509,3774.5972
28510,5173.127
28511,4650.417
28512,8345.585
28513,6255.2896
28514,6427.9907
28515,3309.1814
28516,5153.5894
28517,5356.4565
28518,5033.905
28519,5810.4775
28520,4363.4917
28521,6719.3516
28522,5301.216
28523,7560.1855
28524,6077.6724
28525,6025.5205
28526,6762.262
28527,6837.8296
28528,9067.016
28529,3476.51
28530,5140.348
28531,5175.8223
28532,7930.1084
28533,6311.6562
28534,6456.422
28535,7257.5303
28536,8572.962
28537,4863.561
28538,6253.0884
28539,4903.295
28540,3874.4492
28541,10843.51
28542,13384.182
28543,6038.714
28544,6951.5366
28545,7058.4507
28546,6789.911
28547,6804.8296
28548,3297.1064
28549,4583.04
28550,5470.3345
28551,7227.612
28552,2987.749
28553,4322.85
28554,5063.0728
28555,3669.479
28556,4723.7837
28557,3519.2405
28558,3182.9077
28559,5696.3833
28560,2672.194
28561,4197.628
28562,5040.7324
28563,5167.845
28564,7809.01
28565,8081.5156
28566,5173.2407
28567,6297.879
28568,6009.467
28569,7614.113
28570,6055.3657
28571,3316.7412
28572,4259.84
28573,7814.538
28574,3856.3335
28575,6273.6455
28576,3539.7922
28577,4288.7637
28578,5040.9487
28579,5883.8564
28580,4333.816
28581,5866.9487
28582,8282.978
28583,6090.0444
28584,4125.7124
28585,7734.38
28586,2644.9312
28587,4352.704
28588,5559.799
28589,4252.715
28590,5790.764
28591,2918.7305
28592,4767.6206
28593,5742.8267
28594,8213.755
28595,9045.715
28596,3805.3347
28597,3771.4407
28598,8981.967
28599,6624.3745
28600,5665.0483
28601,4387.173
28602,5779.97
28603,6496.2715
28604,5090.53
28605,4474.5884
28606,6820.8735
28607,5685.1094
28608,9615.65
28609,6502.2354
28610,10471.148
28611,5662.3096
28612,4963.6094
28613,2699.7717
28614,5357.3047
28615,5648.279
28616,5208.9214
28617,4738.5044
28618,4972.205
28619,2906.6821
28620,6829.9424
28621,3735.8022
28622,6991.353
28623,6440.9956
28624,5214.688
28625,6669.356
28626,5068.644
28627,5441.7373
28628,5067.218
28629,5033.3
28630,4149.8047
28631,3580.6213
28632,7650.4453
28633,6214.7656
28634,3612.8594
28635,4285.451
28636,5803.7256
28637,5517.4873
28638,3861.7156
28639,5558.3403
28640,4370.8735
28641,5871.0127
28642,5581.094
28643,7170.1953
28644,4560.829
28645,4288.899
28646,5180.8057
28647,5012.353
28648,3443.405
28649,4747.118
28650,6007.8906
28651,5806.7544
28652,9483.177
28653,7779.704
28654,7484.9487
28655,4270.0757
28656,4373.781
28657,8671.15
28658,7169.0806
28659,6679.389
28660,5074.6235
28661,6093.775
28662,4180.354
28663,2853.4
28664,9069.204
28665,5649.7554
28666,5345.1514
28667,3645.7007
28668,3346.8596
28669,7723.02
28670,4589.808
28671,4857.886
28672,3902.6475
28673,5446.5825
28674,4473.9224
28675,4485.866
28676,6030.678
28677,5131.4175
28678,4407.6006
28679,3579.0437
28680,2722.9587
28681,5873.539
28682,14635.396
28683,4263.255
28684,5325.03
28685,5607.9683
28686,3376.0757
28687,4224.219
28688,5577.3374
28689,3392.6638
28690,8507.407
28691,6476.134
28692,2708.6438
28693,6943.962
28694,3180.0154
28695,3968.404
28696,6752.968
28697,6704.0645
28698,8430.767
28699,3808.7556
28700,4875.103
28701,4018.2324
28702,5422.721
28703,12108.792
28704,7712.759
28705,5565.741
28706,3584.9688
28707,5130.473
28708,4359.057
28709,2896.9333
28710,6403.83
28711,3972.847
28712,6109.5933
28713,6392.6255
28714,4752.351
28715,3970.6343
28716,4697.923
28717,6022.8433
28718,5943.954
28719,2966.8289
28720,4524.267
28721,5325.0146
28722,7377.322
28723,5612.8003
28724,6631.164
28725,2505.7327
28726,6887.0576
28727,4434.57
28728,3863.1672
28729,4399.5986
28730,4829.232
28731,4167.5215
28732,6623.648
28733,4760.9175
28734,6301.0757
28735,5414.9424
28736,4805.196
28737,5613.5767
28738,4971.565
28739,6715.8403
28740,4949.506
28741,3185.4592
28742,8406.164
28743,3854.4983
28744,3959.8958
28745,5771.1616
28746,6420.3496
28747,7955.3887
28748,3493.3083
28749,4543.785
28750,5259.1157
28751,5582.532
28752,5446.2188
28753,6773.352
28754,3010.7622
28755,5376.748
28756,5427.244
28757,4518.8022
28758,3616.6733
28759,6469.6143
28760,6277.093
28761,3721.4895
28762,5430.092
28763,6880.223
28764,7892.658
28765,3815.3157
28766,3990.7595
28767,3835.6492
28768,6517.8765
28769,4631.647
28770,3008.8184
28771,7593.7764
28772,6819.332
28773,6309.195
28774,4586.9326
28775,3097.8103
28776,6090.6484
28777,3874.342
28778,8159.3154
28779,5031.869
28780,4361.195
28781,7356.516
28782,4440.78
28783,5159.856
28784,6500.685
28785,3766.6335
28786,6558.7373
28787,8789.548
28788,5695.8564
28789,3529.3127
28790,5116.979
28791,2715.7192
28792,2475.4644
28793,4855.616
28794,5262.217
28795,5373.3384
28796,4061.9429
28797,5054.045
28798,3695.3682
28799,8712.9
28800,4519.3237
28801,5231.967
28802,5209.304
28803,5196.738
28804,5024.7993
28805,5013.2617
28806,6321.592
28807,7641.395
28808,6774.903
28809,6757.736
28810,5476.135
28811,3089.402
28812,4691.1387
28813,8798.062
28814,6126.739
28815,4335.5815
28816,14236.925
28817,4097.657
28818,5189.06
28819,4130.7607
28820,7015.816
28821,6656.95
28822,6344.6064
28823,6733.2607
28824,7348.15
28825,5960.3105
28826,6340.239
28827,4844.5176
28828,2649.1687
28829,4318.469
28830,3042.1863
28831,3343.177
28832,7034.5845
28833,16328.201
28834,5204.0894
28835,3481.166
28836,4687.632
28837,4029.2983
28838,5669.5566
28839,2491.216
28840,5697.8345
28841,5294.1514
28842,4451.2974
28843,7653.306
28844,10685.405
28845,5141.6035
28846,3773.3982
28847,3632.069
28848,4699.6484
28849,4576.823
28850,5774.1733
28851,4190.339
28852,4164.2427
28853,4443.3516
28854,5002.7666
28855,5440.248
28856,5909.6562
28857,2975.8657
28858,6586.1826
28859,4288.547
28860,5674.8535
28861,3881.622
28862,3867.3743
28863,5211.8438
28864,3714.4033
28865,6751.364
28866,4859.916
28867,3589.503
28868,5184.533
28869,5632.472
28870,4328.4204
28871,3826.3594
28872,5352.1255
28873,5643.685
28874,5835.2153
28875,5826.4834
28876,3421.865
28877,3836.6663
28878,6712.4976
28879,5472.9756
28880,4435.2593
28881,4957.7466
28882,8598.298
28883,6697.1494
28884,4168.1177
28885,3845.0347
28886,4065.292
28887,5888.6626
28888,5046.2217
28889,7455.145
28890,5697.9863
28891,4954.1587
28892,3736.458
28893,2528.0618
28894,4746.8877
28895,12029.493
28896,2705.8713
28897,4617.68
28898,5970.587
28899,6182.9146
28900,4984.371
28901,7280.146
28902,5296.7324
28903,5061.5757
28904,3954.1545
28905,5220.586
28906,3786.7075
28907,4674.781
28908,6781.316
28909,3789.714
28910,5241.222
28911,5822.189
28912,3518.794
28913,6241.0933
28914,5486.126
28915,3053.127
28916,6736.1772
28917,5928.496
28918,4379.63
28919,8490.198
28920,6185.38
28921,6809.6797
28922,3627.1733
28923,3714.421
28924,4301.4155
28925,2565.713
28926,5801.268
28927,2774.6265
28928,5051.8325
28929,3192.1213
28930,5039.175
28931,3957.6487
28932,4547.935
28933,5029.182
28934,6575.3364
28935,4108.503
28936,6516.733
28937,4243.152
28938,5633.5522
28939,6287.2314
28940,6578.686
28941,3447.5002
28942,4417.7827
28943,5085.395
28944,4150.9097
28945,7374.4727
28946,4902.5
28947,6336.871
28948,7076.5034
28949,6655.8833
28950,2732.0466
28951,7129.612
28952,6003.291
28953,5642.533
28954,6088.563
28955,7953.401
28956,6944.823
28957,4526.9824
28958,4206.0894
28959,3779.5151
28960,5048.711
28961,5530.5493
28962,3517.9617
28963,5156.52
28964,6525.3477
28965,4752.034
28966,7122.074
28967,4615.2847
28968,6282.5977
28969,2876.163
28970,4077.483
28971,4960.1777
28972,3782.0796
28973,5359.5586
28974,6588.5137
28975,5976.906
28976,5174.4595
28977,3141.211
28978,5929.3784
28979,5657.159
28980,6181.682
28981,3330.4602
28982,2490.3154
28983,4993.275
28984,6589.312
28985,3576.0881
28986,6682.0845
28987,4942.8535
28988,5427.2075
28989,4243.69
28990,2566.6116
28991,5438.826
28992,6023.475
28993,5406.4937
28994,6704.8125
28995,6453.3066
28996,3584.9038
28997,5953.3447
28998,2683.3914
28999,2246.936
29000,5964.553
29001,8362.987
29002,5334.1704
29003,4656.987
29004,3060.0203
29005,4525.307
29006,8574.679
29007,5045.9233
29008,6445.6357
29009,4226.166
29010,4082.2776
29011,2924.6326
29012,3971.6797
29013,3462.3613
29014,3224.844
29015,5007.8276
29016,3188.74
29017,5584.3906
29018,4849.367
29019,4900.5225
29020,4005.0417
29021,7000.008
29022,4715.0186
29023,3514.4766
29024,7608.7695
29025,5815.862
29026,4622.81
29027,2596.6375
29028,7268.462
29029,5602.9316
29030,4812.3696
29031,6662.0825
29032,7971.3237
29033,6232.5986
29034,5905.6724
29035,4842.0596
29036,7098.961
29037,8915.309
29038,3338.3137
29039,3929.454
29040,4987.42
29041,5924.839
29042,5226.899
29043,8423.693
29044,5986.2456
29045,6190.6924
29046,3034.812
29047,5096.7686
29048,5535.3516
29049,3129.7815
29050,6201.2886
29051,2877.1084
29052,5982.7637
29053,5769.598
29054,5324.71
29055,5427.782
29056,4063.5007
29057,4101.411
29058,6151.778
29059,5341.38
29060,7229.073
29061,5146.2603
29062,7052.1724
29063,5082.258
29064,3508.939
29065,7861.5615
29066,2806.4543
29067,6983.842
29068,4538.505
29069,4436.6597
29070,5850.5137
29071,4009.2043
29072,4600.398
29073,6099.0254
29074,3047.3508
29075,2743.9094
29076,5662.5146
29077,5120.778
29078,6715.4946
29079,5130.9233
29080,4781.1284
29081,4708.6006
29082,5514.5513
29083,3107.2578
29084,9125.116
29085,5980.864
29086,10309.373
29087,4952.382
29088,4844.975
29089,8094.159
29090,6418.439
29091,3420.207
29092,8440.855
29093,5683.613
29094,4479.5337
29095,4603.4883
29096,4128.09
29097,3498.0469
29098,3915.912
29099,3998.2546
29100,3269.687
29101,7748.623
29102,5303.593
29103,16314.036
29104,5960.9585
29105,4053.9495
29106,5749.2773
29107,8367.064
29108,4556.2026
29109,6071.438
29110,4698.5503
29111,6530.964
29112,6391.101
29113,3838.4456
29114,4514.1665
29115,6140.077
29116,6574.709
29117,5775.3853
29118,6644.1553
29119,4409.064
29120,3809.0571
29121,4610.018
29122,8540.228
29123,9116.209
29124,7231.142
29125,6732.529
29126,3628.222
29127,5583.4478
29128,3458.532
29129,7863.181
29130,8623.29
29131,8410.383
29132,4922.2974
29133,3673.307
29134,3794.6304
29135,5232.4756
29136,8600.726
29137,5598.4175
29138,4649.286
29139,4033.413
29140,5963.8306
29141,3482.8635
29142,6820.2363
29143,3908.221
29144,5905.1655
29145,6178.399
29146,5137.736
29147,7091.476
29148,5489.4604
29149,4353.144
29150,5021.9243
29151,5855.086
29152,9593.894
29153,5435.414
29154,6816.7046
29155,6114.0063
29156,8236.411
29157,6102.5986
29158,7455.885
29159,3787.04
29160,4315.5986
29161,5330.2236
29162,6026.883
29163,8003.221
29164,6929.9087
29165,4444.8228
29166,6212.1226
29167,5465.1924
29168,7887.157
29169,3891.391
29170,10615.498
29171,3872.6755
29172,5443.1445
29173,6153.063
29174,5023.7163
29175,4724.9824
29176,5849.978
29177,6431.9956
29178,5118.356
29179,4802.0435
29180,7068.321
29181,6195.6245
29182,5560.472
29183,4230.098
29184,6447.6035
29185,9281.837
29186,5798.967
29187,4775.0166
29188,6455.8677
29189,5201.861
29190,6045.543
29191,6858.228
29192,3904.3716
29193,6428.426
29194,5786.435
29195,5848.734
29196,6710.1865
29197,4273.507
29198,5255.079
29199,4525.2554
29200,6405.119
29201,6121.7676
29202,4258.7227
29203,4831.043
29204,5472.2656
29205,5401.138
29206,5157.371
29207,7396.8174
29208,5531.251
29209,6089.9688
29210,5227.981
29211,4274.1064
29212,5179.0615
29213,7437.7085
29214,6410.7974
29215,7262.121
29216,7446.3047
29217,5069.152
29218,7763.552
29219,5250.1787
29220,5836.501
29221,8078.0864
29222,5603.7334
29223,8048.086
29224,7732.8896
29225,6986.607
29226,5815.24
29227,6638.524
29228,6699.021
29229,4905.222
29230,3783.9236
29231,4887.852
29232,6441.5913
29233,5818.325
29234,4319.573
29235,6440.4243
29236,5868.303
29237,5502.949
29238,5730.0176
29239,4495.886
29240,6855.128
29241,6297.825
29242,5539.255
29243,4841.6025
29244,4793.1377
29245,6275.4526
29246,3248.508
29247,5612.5327
29248,4003.9453
29249,7116.4043
29250,5901.1396
29251,5460.1743
29252,8436.107
29253,4684.351
29254,5017.0264
29255,9482.02
29256,5733.2812
29257,6492.2207
29258,6595.6123
29259,5057.97
29260,5648.952
29261,4850.0474
29262,6281.9805
29263,8106.397
29264,5359.0884
29265,2665.841
29266,4853.9536
29267,7403.735
29268,7816.156
29269,5050.724
29270,5626.308
29271,4446.2686
29272,4266.778
29273,3040.524
29274,4378.059
29275,5833.418
29276,5973.6455
29277,5732.74
29278,5831.254
29279,7044.9854
29280,7195.599
29281,6450.2915
29282,5054.8403
29283,7594.8843
29284,7786.4517
29285,4769.795
29286,5867.161
29287,4885.512
29288,6154.5366
29289,3516.579
29290,5518.1978
29291,4550.3306
29292,7913.727
29293,6192.5938
29294,6833.011
29295,7131.4004
29296,5778.2505
29297,6427.408
29298,15218.531
29299,9380.142
29300,5429.517
29301,2776.4907
29302,5706.074
29303,7757.9336
29304,5136.6035
29305,11223.427
29306,13346.692
29307,3880.989
29308,4405.8604
29309,6833.4087
29310,4898.4565
29311,8099.4185
29312,5283.5874
29313,6715.7446
29314,3898.1196
29315,5850.374
29316,6536.735
29317,6175.4883
29318,6704.397
29319,5775.352
29320,5677.3115
29321,5943.1943
29322,4635.3594
29323,5010.0444
29324,6784.952
29325,4475.523
29326,5394.7124
29327,5858.6445
29328,4505.026
29329,4211.979
29330,6055.4927
29331,5359.579
29332,6899.649
29333,6515.9126
29334,5564.308
29335,5441.5557
29336,3883.5776
29337,5954.509
29338,5555.2344
29339,4813.095
29340,4338.0596
29341,5650.5312
29342,6040.2114
29343,6904.086
29344,7285.6406
29345,5662.666
29346,4211.6255
29347,4568.353
29348,8437.089
29349,4728.102
29350,6343.088
29351,12165.931
29352,6431.425
29353,5579.439
29354,4420.776
29355,3991.0222
29356,5722.966
29357,3933.9622
29358,5230.829
29359,7499.069
29360,5376.0557
29361,10837.183
29362,9685.697
29363,4948.614
29364,6537.2773
29365,4411.984
29366,6463.0703
29367,5018.7017
29368,10811.414
29369,6421.8623
29370,6966.5244
29371,4070.053
29372,6399.837
29373,5092.2007
29374,7434.985
29375,5707.5327
29376,5453.158
29377,6108.084
29378,5191.377
29379,7333.621
29380,7453.652
29381,5581.9517
29382,7975.674
29383,6495.4785
29384,8159.93
29385,4311.373
29386,4681.2866
29387,5253.851
29388,7725.584
29389,6294.474
29390,6470.688
29391,6356.9336
29392,7996.6973
29393,4650.5234
29394,6557.0986
29395,5927.586
29396,3987.8027
29397,11666.695
29398,14185.015
29399,6265.9604
29400,6620.3257
29401,6952.3784
29402,8511.2705
29403,8491.534
29404,4890.175
29405,6350.558
29406,5395.459
29407,7409.3438
29408,4038.9343
29409,4686.8496
29410,4754.029
29411,4783.1763
29412,6159.64
29413,4106.7
29414,4163.7583
29415,5606.6846
29416,3745.376
29417,4035.6877
29418,4722.2607
29419,5018.448
29420,7714.841
29421,8018.273
29422,6933.3794
29423,5902.648
29424,6031.4087
29425,8772.672
29426,6559.482
29427,4353.8833
29428,4168.965
29429,7112.1973
29430,4510.379
29431,5915.9785
29432,3463.9636
29433,4607.042
29434,6608.37
29435,5356.0425
29436,5580.1255
29437,7494.2925
29438,8227.813
29439,7519.955
29440,5559.056
29441,8509.362
29442,3391.02
29443,4475.254
29444,5482.872
29445,3988.8872
29446,5811.3867
29447,4238.1074
29448,5611.43
29449,7047.055
29450,8784.192
29451,7673.1655
29452,4831.1167
29453,4438.188
29454,11462.986
29455,6518.1313
29456,5966.676
29457,4927.22
29458,5625.546
29459,7061.892
29460,4708.5557
29461,5892.365
29462,6919.5522
29463,6963.123
29464,10896.986
29465,6024.7734
29466,10521.464
29467,5658.9077
29468,5062.266
29469,3129.9785
29470,5535.7847
29471,5202.4365
29472,4853.9907
29473,6320.235
29474,4876.582
29475,3753.384
29476,5918.3657
29477,4215.1504
29478,6643.262
29479,6036.1226
29480,6400.5264
29481,6367.529
29482,5008.1284
29483,6452.765
29484,5995.0854
29485,4722.135
29486,5113.9834
29487,5484.232
29488,8073.4263
29489,6001.167
29490,4178.3403
29491,5546.44
29492,7466.0537
29493,6152.4233
29494,5263.371
29495,7008.0107
29496,5618.2266
29497,5475.8164
29498,5575.805
29499,7125.9473
29500,4845.5713
29501,6062.052
29502,5669.07
29503,4893.656
29504,3985.8823
29505,4757.7715
29506,6996.096
29507,7963.9673
29508,9184.605
29509,9706.644
29510,7448.2935
29511,5088.4375
29512,5076.6567
29513,10243.02
29514,8451.466
29515,6142.942
29516,6734.051
29517,7691.5864
29518,4951.839
29519,3617.7292
29520,8854.329
29521,5112.315
29522,6023.0327
29523,5317.8223
29524,3304.188
29525,9344.191
29526,5619.175
29527,4566.0264
29528,4581.6284
29529,4936.648
29530,5276.632
29531,6213.201
29532,5599.042
29533,4943.5044
29534,3957.007
29535,3766.7737
29536,3433.984
29537,6498.806
29538,14858.431
29539,4671.6963
29540,5094.0176
29541,5942.214
29542,4114.4443
29543,4171.654
29544,5251.416
29545,3928.9705
29546,6759.4697
29547,6665.998
29548,3568.4548
29549,6927.5293
29550,4146.991
29551,4677.042
29552,6949.4414
29553,6923.328
29554,8723.535
29555,5236.625
29556,5276.2847
29557,3948.6362
29558,5318.806
29559,11963.44
29560,7719.809
29561,6139.825
29562,4066.1567
29563,4932.2188
29564,5140.24
29565,4028.3838
29566,8288.541
29567,4299.816
29568,5144.0024
29569,6423.179
29570,4655.872
29571,5151.245
29572,5271.2695
29573,6665.4004
29574,6105.906
29575,3884.3076
29576,5157.784
29577,6114.887
29578,7321.558
29579,6715.187
29580,6630.0825
29581,3668.555
29582,7301.369
29583,4670.8496
29584,5538.8535
29585,5785.067
29586,6178.204
29587,5393.663
29588,6631.354
29589,5673.706
29590,5711.977
29591,5093.998
29592,5711.089
29593,6031.927
29594,4653.0884
29595,7634.3066
29596,5377.425
29597,4740.652
29598,8385.4795
29599,4689.9844
29600,3813.4526
29601,6114.49
29602,6574.7026
29603,7858.098
29604,4477.359
29605,5794.4106
29606,5398.8257
29607,5836.362
29608,5521.304
29609,6405.229
29610,2851.7004
29611,5228.8335
29612,5515.824
29613,4965.082
29614,3975.0303
29615,6405.9136
29616,6256.8706
29617,4789.0386
29618,6263.6777
29619,6473.429
29620,7652.7295
29621,4334.333
29622,5052.396
29623,5305.9
29624,6887.616
29625,6117.104
29626,3894.8413
29627,7637.133
29628,6390.687
29629,6091.9556
29630,4329.461
29631,3477.91
29632,5673.3433
29633,5148.126
29634,8031.0166
29635,5983.129
29636,4781.913
29637,7249.4497
29638,5234.782
29639,5051.611
29640,6896.6685
29641,4569.6997
29642,7329.999
29643,8875.94
29644,6281.777
29645,4161.237
29646,4702.1147
29647,3878.0063
29648,2905.7532
29649,6620.4707
29650,5263.0903
29651,7585.748
29652,3805.774
29653,5950.648
29654,5289.442
29655,8513.819
29656,4385.717
29657,4921.809
29658,5125.2295
29659,6684.4814
29660,4978.465
29661,6637.783
29662,7009.4146
29663,7356.2285
29664,6157.6543
29665,6903.888
29666,5949.7114
29667,4062.9697
29668,4904.511
29669,8924.897
29670,8062.4146
29671,6101.6904
29672,14888.433
29673,4672.6675
29674,4952.8022
29675,4843.145
29676,7023.817
29677,7653.4375
29678,6393.0034
29679,6759.0635
29680,7449.1035
29681,6036.6577
29682,6336.6777
29683,4777.4585
29684,4434.096
29685,4660.2754
29686,4029.8481
29687,4343.919
29688,6760.9526
29689,14320.281
29690,6104.898
29691,5329.4
29692,5426.602
29693,3821.118
29694,5992.9985
29695,3663.1206
29696,7761.9526
29697,5860.8745
29698,5981.7876
29699,9056.281
29700,10828.028
29701,5706.488
29702,6278.147
29703,3611.1401
29704,5052.743
29705,5433.221
29706,7008.4653
29707,4259.1045
29708,4021.2388
29709,4770.5776
29710,4874.987
29711,6074.885
29712,5778.879
29713,3834.716
29714,6660.71
29715,5704.3164
29716,6225.3677
29717,4149.8286
29718,3914.84
29719,6717.66
29720,3901.0508
29721,7947.971
29722,4891.952
29723,4341.529
29724,6050.4004
29725,5399.598
29726,4215.9907
29727,5510.949
29728,5251.777
29729,7563.6333
29730,8056.0347
29731,5950.194
29732,3956.7163
29733,4938.551
29734,6538.2437
29735,5481.957
29736,4471.674
29737,5819.4243
29738,10166.054
29739,6335.711
29740,5962.448
29741,5826.9004
29742,4096.887
29743,7681.623
29744,4899.2603
29745,9494.888
29746,5572.041
29747,4844.083
29748,4633.7856
29749,3797.77
29750,6156.057
29751,13290.268
29752,3533.3655
29753,4670.1855
29754,8053.476
29755,6039.935
29756,5472.0776
29757,6884.7197
29758,5195.0083
29759,5066.8506
29760,3977.0938
29761,7063.913
29762,4731.409
29763,5517.7607
29764,6283.155
29765,4612.116
29766,6811.1543
29767,5804.6167
29768,3447.8193
29769,7310.219
29770,7301.8706
29771,3734.3877
29772,6658.9126
29773,5957.872
29774,4687.1045
29775,8240.725
29776,6060.6353
29777,7808.6895
29778,4522.4116
29779,4547.237
29780,5894.0347
29781,3665.064
29782,6916.3057
29783,3394.3245
29784,5394.9697
29785,4320.1045
29786,5727.1543
29787,4866.313
29788,5977.231
29789,6243.8623
29790,6696.408
29791,5609.225
29792,6434.376
29793,5194.1807
29794,6097.292
29795,7463.854
29796,6883.84
29797,3304.2793
29798,5611.6064
29799,6028.401
29800,4145.793
29801,8938.255
29802,5255.3696
29803,6917.17
29804,7696.0264
29805,6775.93
29806,3629.1702
29807,8719.426
29808,8292.329
29809,5547.371
29810,6527.1777
29811,7696.0996
29812,5953.918
29813,4864.3223
29814,6002.0654
29815,5017.419
29816,4874.09
29817,5879.772
29818,4742.0
29819,5135.521
29820,6367.2437
29821,5650.0786
29822,6959.113
29823,5540.1055
29824,5512.4844
29825,3350.0537
29826,6486.8354
29827,5936.22
29828,5246.4243
29829,5614.0
29830,6285.1987
29831,7370.9917
29832,5265.847
29833,4120.5913
29834,5780.345
29835,6292.055
29836,6379.548
29837,4548.4556
29838,3650.4788
29839,5722.0327
29840,6659.154
29841,5123.382
29842,6509.775
29843,6069.1567
29844,5497.1626
29845,4399.1284
29846,3315.5706
29847,5700.7534
29848,6184.861
29849,5397.8677
29850,7393.763
29851,6754.185
29852,4574.519
29853,7191.894
29854,3303.8223
29855,3033.336
29856,5956.5195
29857,9011.82
29858,6811.973
29859,6254.001
29860,3940.362
29861,6182.307
29862,7620.819
29863,5034.774
29864,6271.7905
29865,4952.505
29866,4271.8643
29867,4198.2407
29868,5037.176
29869,4945.863
29870,4101.9043
29871,5130.0815
29872,3959.8542
29873,6742.2837
29874,5464.937
29875,4680.7153
29876,5362.6113
29877,7162.8745
29878,4561.299
29879,4152.7354
29880,7488.8477
29881,6546.175
29882,5652.607
29883,3383.6719
29884,8829.61
29885,5510.1504
29886,4762.3257
29887,7311.258
29888,6619.915
29889,7317.593
29890,5798.1924
29891,5936.1577
29892,7908.324
29893,11138.914
29894,3879.8896
29895,4200.2437
29896,4951.121
29897,6155.4697
29898,6203.223
29899,6772.958
29900,7491.3555
29901,5290.5923
29902,3971.7366
29903,4964.305
29904,7651.2188
29905,4030.9668
29906,6044.5225
29907,3434.9734
29908,6154.061
29909,5988.53
29910,6551.784
29911,7239.0366
29912,5798.237
29913,4104.8047
29914,5811.8633
29915,6150.6807
29916,7211.1816
29917,6258.2554
29918,6729.813
29919,5246.039
29920,4298.495
29921,8517.832
29922,3712.8445
29923,8211.436
29924,5653.0166
29925,4152.3984
29926,5709.488
29927,4978.731
29928,5751.96
29929,6918.272
29930,3215.8152
29931,3621.251
29932,5767.4634
29933,7484.649
29934,8095.9814
29935,4849.492
29936,5197.893
29937,5329.791
29938,5568.731
29939,4910.3203
29940,8603.803
29941,7295.0767
29942,10151.365
29943,4146.141
29944,5463.29
29945,9240.498
29946,6982.4434
29947,4197.7
29948,8585.956
29949,5609.311
29950,4477.85
29951,4547.2583
29952,4022.524
29953,4760.609
29954,4936.7563
29955,4309.4897
29956,4316.941
29957,8363.666
29958,6365.4585
29959,16351.515
29960,5613.6196
29961,3709.9802
29962,5518.882
29963,7898.924
29964,4573.5107
29965,5810.4165
29966,4583.866
29967,6470.54
29968,6302.6807
29969,3540.13
29970,4433.618
29971,5616.903
29972,6307.179
29973,5656.5063
29974,6260.8286
29975,4053.4968
29976,3728.6816
29977,4183.3813
29978,7981.6553
29979,8665.677
29980,7283.959
29981,6146.693
29982,3626.675
29983,4972.893
29984,3351.8057
29985,7548.837
29986,7678.759
29987,8247.259
29988,4640.199
29989,3572.2388
29990,3763.8284
29991,4772.007
29992,8700.286
29993,5070.1865
29994,4258.605
29995,3803.861
29996,5815.7676
29997,3404.965
29998,6038.1553
29999,3606.3274
30000,5692.0874
30001,5823.472
30002,4850.2554
30003,6321.326
30004,5280.242
30005,4272.0684
30006,4897.326
30007,5489.4863
30008,8647.802
30009,4877.159
30010,6615.339
30011,6074.7686
30012,7639.872
30013,5545.673
30014,7046.477
30015,3734.9722
30016,4162.6187
30017,5231.1187
30018,5367.3193
30019,7083.1343
30020,6353.8115
30021,4335.4326
30022,5664.2646
30023,5342.562
30024,7454.0713
30025,3716.8525
30026,10086.538
30027,3783.9343
30028,5299.613
30029,6023.6646
30030,4682.595
30031,4471.3926
30032,5605.5186
30033,5730.291
30034,4556.9194
30035,4463.7217
30036,6303.847
30037,5672.6235
30038,5445.985
30039,4062.8147
30040,6198.793
30041,8417.942
30042,5560.4507
30043,4627.072
30044,5707.6147
30045,5038.4106
30046,5311.911
30047,6082.0156
30048,3775.1877
30049,5905.65
30050,5552.6333
30051,5389.7285
30052,6319.759
30053,3994.8235
30054,4878.397
30055,4230.8164
30056,5823.989
30057,5959.594
30058,4015.9294
30059,4527.613
30060,5050.739
30061,4863.102
30062,5017.8354
30063,7166.2095
30064,5393.0303
30065,5901.359
30066,4888.8594
30067,3995.3838
30068,4777.65
30069,7091.6724
30070,6231.8257
30071,6384.5757
30072,6686.8726
30073,4700.0923
30074,6945.6313
30075,5072.4893
30076,5464.327
30077,7210.955
30078,5187.2886
30079,7693.531
30080,6837.51
30081,6337.808
30082,5153.5747
30083,6346.059
30084,6161.7144
30085,4782.944
30086,3686.8013
30087,4852.468
30088,6093.664
30089,5392.13
30090,4212.321
30091,6217.754
30092,5825.839
30093,5127.117
30094,5165.6914
30095,4450.3633
30096,6586.396
30097,5767.843
30098,5255.1743
30099,4532.327
30100,4537.453
30101,5729.3945
30102,3182.0151
30103,5290.966
30104,3730.03
30105,6531.7363
30106,5715.2905
30107,5288.211
30108,7613.7715
30109,4540.09
30110,4431.373
30111,9377.557
30112,5182.4517
30113,5869.042
30114,6362.1987
30115,4514.5024
30116,5125.073
30117,4594.675
30118,6103.297
30119,7786.4443
30120,5099.1704
30121,2370.0024
30122,4442.1016
30123,6604.9863
30124,6983.6353
30125,4739.5894
30126,5357.519
30127,4138.7515
30128,4458.449
30129,2942.1453
30130,4217.3706
30131,5245.774
30132,5301.1045
30133,5551.3887
30134,5633.9014
30135,6359.7534
30136,6679.9434
30137,5861.4336
30138,4588.1143
30139,7344.9194
30140,7009.5283
30141,4511.6484
30142,5698.106
30143,4517.772
30144,5703.4023
30145,3201.0532
30146,5347.0127
30147,4255.701
30148,7586.7827
30149,5585.8716
30150,6484.2
30151,7058.7065
30152,5128.7114
30153,5915.0137
30154,14888.191
30155,8629.106
30156,5370.93
30157,2587.6333
30158,5168.0273
30159,7667.905
30160,4844.5083
30161,12220.157
30162,13717.463
30163,3730.5425
30164,4020.5598
30165,6326.6343
30166,4629.063
30167,8026.8354
30168,5030.247
30169,6361.1855
30170,3999.1052
30171,5372.406
30172,5803.7144
30173,5851.3955
30174,6122.6025
30175,5046.8477
30176,5118.727
30177,5742.5474
30178,4256.493
30179,4845.1416
30180,6252.3965
30181,4169.3545
30182,4940.7183
30183,5507.171
30184,4351.048
30185,4151.5786
30186,5735.261
30187,5191.1743
30188,5999.3013
30189,5786.7773
30190,5553.2847
30191,5097.5317
30192,3614.8865
30193,5678.4595
30194,5386.753
30195,4419.3423
30196,4120.8076
30197,5504.3774
30198,5357.3047
30199,6639.4487
30200,7019.7246
30201,5136.795
30202,4073.9956
30203,4302.528
30204,7617.8535
30205,4373.5723
30206,6184.9966
30207,12066.597
30208,5709.7656
30209,5468.0654
30210,3906.1262
30211,3846.858
30212,5397.111
30213,3818.9824
30214,4906.289
30215,7190.6387
30216,4797.442
30217,11522.265
30218,9623.587
30219,4363.396
30220,6238.463
30221,4264.263
30222,6128.603
30223,4970.8965
30224,9767.976
30225,5745.9224
30226,6889.4824
30227,4010.023
30228,6062.8037
30229,4517.8237
30230,7076.746
30231,5109.7266
30232,5203.4487
30233,5473.957
30234,5429.1753
30235,6809.2705
30236,7062.491
30237,4976.219
30238,7687.6113
30239,5810.8047
30240,7980.156
30241,4070.9578
30242,4301.1245
30243,4821.4395
30244,7122.7876
30245,5732.2915
30246,5629.2124
30247,5737.2476
30248,7108.9756
30249,4127.047
30250,6594.782
30251,5682.61
30252,3639.4426
30253,11328.39
30254,13710.936
30255,5653.103
30256,6080.8037
30257,6556.6543
30258,8223.231
30259,8123.1772
30260,4755.5303
30261,6135.634
30262,4890.375
30263,6697.8457
30264,3875.1182
30265,4626.3086
30266,4446.9346
30267,4572.835
30268,5887.7524
30269,3969.199
30270,4055.7983
30271,4982.755
30272,3594.8142
30273,3745.4153
30274,4336.934
30275,4855.2314
30276,6923.7573
30277,7240.3696
30278,6708.894
30279,5285.5884
30280,5484.2373
30281,8226.699
30282,6329.2236
30283,4237.586
30284,3925.7712
30285,6589.6133
30286,4320.752
30287,5529.858
30288,3232.538
30289,4551.7153
30290,6641.393
30291,5048.1616
30292,4995.4854
30293,6647.2744
30294,7336.84
30295,7315.164
30296,5240.6274
30297,8101.9604
30298,3276.2407
30299,3997.3584
30300,5050.2905
30301,3734.9043
30302,5741.5996
30303,4108.142
30304,5431.102
30305,6594.2095
30306,8677.215
30307,6968.5977
30308,4720.558
30309,4349.3755
30310,11418.467
30311,5876.834
30312,5900.937
30313,4353.576
30314,5200.308
30315,7033.437
30316,4278.038
30317,5547.747
30318,6231.974
30319,6649.373
30320,10278.024
30321,5465.031
30322,10405.551
30323,5074.3135
30324,4591.932
30325,3092.3862
30326,5471.587
30327,4868.486
30328,4416.9355
30329,5941.1597
30330,4448.6997
30331,3625.7202
30332,5424.822
30333,4050.5671
30334,6464.402
30335,5346.686
30336,6228.8604
30337,5983.477
30338,4497.9062
30339,6186.171
30340,5792.6865
30341,4380.6284
30342,4540.1284
30343,5251.6313
30344,7914.4443
30345,5581.233
30346,4048.713
30347,5414.4
30348,6981.378
30349,6014.5244
30350,4986.097
30351,6638.024
30352,5441.696
30353,5635.213
30354,5227.6616
30355,6439.0728
30356,4835.5195
30357,5714.7344
30358,5296.141
30359,4550.2
30360,3832.065
30361,4334.6143
30362,6369.9287
30363,7500.5996
30364,8338.138
30365,9395.157
30366,6606.473
30367,4783.6875
30368,4750.475
30369,9819.726
30370,8077.1772
30371,5588.627
30372,6511.265
30373,7206.795
30374,4817.8813
30375,3504.0452
30376,8612.555
30377,4713.6157
30378,5794.057
30379,5047.565
30380,3096.1262
30381,8859.634
30382,5073.583
30383,4388.646
30384,4392.3276
30385,4720.1396
30386,5063.4253
30387,5813.0664
30388,5192.8926
30389,4576.291
30390,3665.774
30391,3721.532
30392,3323.5571
30393,5838.7896
30394,15012.569
30395,4553.4697
30396,4545.4194
30397,5888.0225
30398,3974.3896
30399,3927.6252
30400,4677.31
30401,3883.4036
30402,6118.026
30403,5888.578
30404,3454.5718
30405,6240.022
30406,4052.086
30407,4533.568
30408,6219.824
30409,6317.7397
30410,8652.306
30411,4973.4814
30412,5217.9424
30413,3670.7534
30414,4956.952
30415,11975.93
30416,7474.6113
30417,5448.1567
30418,3937.157
30419,4355.8647
30420,4984.4473
30421,3889.8918
30422,8037.584
30423,4257.4556
30424,4779.473
30425,5811.4087
30426,4209.216
30427,5009.4233
30428,5308.983
30429,6071.119
30430,5330.259
30431,3732.5537
30432,4848.0586
30433,5577.832
30434,6853.814
30435,6543.9463
30436,5961.5386
30437,3524.8716
30438,6451.079
30439,4451.0127
30440,5222.0947
30441,5487.403
30442,5904.501
30443,5249.598
30444,5952.1353
30445,5439.2935
30446,5370.013
30447,4647.743
30448,5527.4585
30449,5410.8584
30450,4375.6587
30451,6764.055
30452,4841.589
30453,4488.687
30454,7560.993
30455,4516.6733
30456,3607.0396
30457,6067.3276
30458,5853.4106
30459,7739.8853
30460,4315.961
30461,5499.759
30462,5228.794
30463,5766.2754
30464,4949.676
30465,5872.525
30466,2701.253
30467,4954.6167
30468,5025.9546
30469,4658.4756
30470,3849.8315
30471,5901.8545
30472,5861.579
30473,4535.9946
30474,6201.975
30475,6055.0767
30476,7050.578
30477,3865.0066
30478,4865.2085
30479,5188.3228
30480,6128.1646
30481,5928.202
30482,3793.852
30483,7900.8306
30484,5892.0
30485,5652.6177
30486,4107.723
30487,3327.5005
30488,5245.669
30489,4965.4087
30490,7370.57
30491,5396.9976
30492,4738.188
30493,6598.463
30494,5211.5156
30495,4677.377
30496,6644.4976
30497,4420.3374
30498,7085.0063
30499,7835.413
30500,6167.2705
30501,4026.0864
30502,4387.2563
30503,3642.9265
30504,2855.675
30505,6165.9824
30506,4738.8706
30507,7262.53
30508,3515.1907
30509,5360.9697
30510,5014.8257
30511,8385.112
30512,3872.4316
30513,4542.0044
30514,4843.4824
30515,6481.7573
30516,4459.2827
30517,6484.4907
30518,6794.4463
30519,7196.306
30520,5525.9775
30521,6246.5366
30522,5266.9873
30523,3935.2983
30524,4391.1753
30525,8051.771
30526,7731.4517
30527,5752.75
30528,15539.223
30529,4577.8755
30530,4675.0483
30531,4770.059
30532,6390.973
30533,7125.8115
30534,5877.406
30535,6075.945
30536,6546.8496
30537,5851.2446
30538,5846.6255
30539,4413.836
30540,4178.412
30541,4185.6646
30542,3864.3098
30543,4212.9517
30544,6282.9453
30545,13927.744
30546,5848.2485
30547,5023.558
30548,5344.713
30549,3489.641
30550,5304.139
30551,3478.122
30552,7483.328
30553,5236.8247
30554,5669.87
30555,8683.813
30556,11023.093
30557,5655.346
30558,5917.4175
30559,3313.6514
30560,4996.872
30561,5187.066
30562,6370.682
30563,4001.0552
30564,3585.7246
30565,4779.929
30566,4564.4023
30567,5870.5483
30568,5375.43
30569,3622.042
30570,5906.1626
30571,5455.057
30572,5725.969
30573,3835.1733
30574,3616.3489
30575,6369.9346
30576,3781.221
30577,7606.5273
30578,4532.392
30579,3866.1902
30580,5880.5576
30581,4937.637
30582,3876.157
30583,4961.446
30584,4927.0137
30585,7024.8555
30586,7464.1387
30587,5351.39
30588,3856.819
30589,4768.3574
30590,6249.9517
30591,5135.702
30592,4142.9346
30593,5631.0005
30594,9686.889
30595,6185.7046
30596,5684.4805
30597,5474.265
30598,3991.94
30599,7268.774
30600,4690.817
30601,9227.437
30602,5014.735
30603,4489.5264
30604,4495.9976
30605,3518.0085
30606,5962.6304
30607,12341.443
30608,3441.7466
30609,4141.935
30610,7462.494
30611,5717.897
30612,5330.559
30613,6258.4404
30614,4790.6377
30615,4554.395
30616,3748.0493
30617,6676.4336
30618,4552.666
30619,5340.3457
30620,5713.007
30621,4467.0693
30622,6139.4214
30623,5290.002
30624,3188.3718
30625,7106.386
30626,6882.855
30627,3598.5403
30628,6104.537
30629,5301.3823
30630,4159.3877
30631,7549.521
30632,5434.9263
30633,7423.3643
30634,4370.2485
30635,3984.449
30636,5649.41
30637,3293.7803
30638,6437.28
30639,3343.0974
30640,5142.7856
30641,4168.4316
30642,5144.704
30643,4705.238
30644,5655.179
30645,5697.416
30646,5895.446
30647,5216.0166
30648,6175.877
30649,5099.4966
30650,6039.215
30651,6872.51
30652,6827.63
30653,3045.8047
30654,5200.6753
30655,5793.0347
30656,4040.9111
30657,8099.2793
30658,4897.2515
30659,6866.2
30660,7630.063
30661,6701.277
30662,3497.1494
30663,8262.833
30664,7906.537
30665,5103.3745
30666,6370.6396
30667,7156.66
30668,5364.136
30669,4817.987
30670,5612.383
30671,4827.8735
30672,4744.801
30673,5433.978
30674,4551.7847
30675,4805.7686
30676,5861.238
30677,5466.0786
30678,6342.38
30679,5254.092
30680,5446.286
30681,3260.4175
30682,6276.2188
30683,5729.646
30684,4945.3438
30685,5394.687
30686,5747.4844
30687,7133.9995
30688,4880.64
30689,4000.204
30690,5280.3125
30691,5615.7134
30692,5981.4966
30693,4309.7363
30694,3442.574
30695,5610.6753
30696,6886.6113
30697,4817.321
30698,6109.879
30699,5530.6914
30700,5344.8047
30701,4024.3508
30702,3236.6296
30703,5077.388
30704,5520.6455
30705,5129.837
30706,7164.118
30707,6686.203
30708,4445.6494
30709,6892.874
30710,3084.4019
30711,2929.335
30712,5534.4014
30713,8983.501
30714,6507.0186
30715,5793.9688
30716,3815.4758
30717,5718.797
30718,7535.938
30719,4657.947
30720,5982.039
30721,4778.343
30722,4177.8022
30723,4088.9187
30724,4866.694
30725,4783.0625
30726,3995.5476
30727,4586.5913
30728,3860.78
30729,6435.733
30730,5382.469
30731,4423.7666
30732,5120.3774
30733,6333.783
30734,4497.735
30735,4101.5054
30736,6675.7715
30737,6360.536
30738,5165.79
30739,3272.8264
30740,8640.893
30741,5007.1685
30742,4472.28
30743,6869.2856
30744,6553.697
30745,6997.2905
30746,5340.9873
30747,5765.236
30748,6981.5645
30749,11133.964
30750,3799.3933
30751,3863.0308
30752,4356.679
30753,6077.8926
30754,5480.038
30755,6739.564
30756,6943.9287
30757,4911.5713
30758,3830.6797
30759,4761.331
30760,7295.981
30761,3966.7197
30762,5555.2505
30763,3348.1816
30764,5602.5576
30765,5726.6245
30766,6194.803
30767,7008.2446
30768,5595.129
30769,3688.4407
30770,5341.7515
30771,6119.076
30772,6672.8555
30773,5999.982
30774,6045.4106
30775,4936.8555
30776,4101.521
30777,8212.039
30778,3604.5872
30779,7914.837
30780,5084.1147
30781,3724.8423
30782,5439.6772
30783,4857.8677
30784,5607.257
30785,6665.108
30786,3176.0105
30787,3597.4832
30788,5405.6943
30789,7238.153
30790,7816.409
30791,4300.193
30792,5136.618
30793,5268.826
30794,5124.8677
30795,4546.096
30796,7853.497
30797,6894.61
30798,9808.736
30799,3800.5425
30800,5186.932
30801,10179.336
30802,6881.647
30803,4047.7358
30804,7601.4067
30805,5451.77
30806,4129.508
30807,4241.351
30808,3801.9639
30809,4556.507
30810,4816.048
30811,4009.648
30812,4247.185
30813,7680.6924
30814,6099.3164
30815,15936.16
30816,5061.1655
30817,3706.266
30818,5510.5234
30819,7964.1343
30820,4590.053
30821,5817.027
30822,4585.957
30823,6484.0947
30824,6326.58
30825,3517.2065
30826,4442.9067
30827,5572.3975
30828,6328.282
30829,5665.8374
30830,6221.2124
30831,4051.1545
30832,3736.4937
30833,4155.6875
30834,7985.295
30835,8660.67
30836,7302.3096
30837,6121.9893
30838,3634.2734
30839,4880.4355
30840,3351.9111
30841,7564.6504
30842,7619.663
30843,8268.036
30844,4610.713
30845,3579.9348
30846,3768.959
30847,4748.658
30848,8718.512
30849,5036.623
30850,4184.918
30851,3801.6628
30852,5827.9507
30853,3412.099
30854,5985.566
30855,3583.273
30856,5706.8413
30857,5794.98
30858,4844.938
30859,6247.645
30860,5272.245
30861,4274.73
30862,4902.8975
30863,5429.3306
30864,8563.481
30865,4832.905
30866,6632.0054
30867,6087.4946
30868,7632.2246
30869,5501.7314
30870,7049.3677
30871,3739.2214
30872,4171.3394
30873,5242.077
30874,5300.998
30875,7015.883
30876,6322.725
30877,4342.585
30878,5628.058
30879,5346.212
30880,7429.697
30881,3719.6865
30882,10112.682
30883,3793.4685
30884,5303.2334
30885,6027.4175
30886,4658.9995
30887,4459.908
30888,5621.427
30889,5680.383
30890,4510.323
30891,4445.781
30892,6257.157
30893,5644.0405
30894,5449.3784
30895,4066.5059
30896,6211.779
30897,8384.112
30898,5562.987
30899,4618.231
30900,5648.403
30901,5048.9663
30902,5261.4736
30903,6011.1235
30904,3776.9094
30905,5858.857
30906,5558.95
30907,5362.5703
30908,6307.684
30909,4004.889
30910,4835.39
30911,4211.899
30912,5787.2466
30913,5964.1377
30914,4011.9092
30915,4523.08
30916,5026.027
30917,4824.651
30918,5015.5
30919,7181.2217
30920,5404.328
30921,5913.7217
30922,4883.9653
30923,4005.4504
30924,4752.664
30925,7110.0537
30926,6240.32
30927,6318.3423
30928,6635.4097
30929,4676.4937
30930,6859.811
30931,5083.1157
30932,5462.4614
30933,7148.1533
30934,5152.95
30935,7765.085
30936,6727.0854
30937,6297.2964
30938,5108.6885
30939,6348.953
30940,6097.7925
30941,4794.9946
30942,3688.483
30943,4862.6333
30944,6109.4595
30945,5375.8657
30946,4221.146
30947,6222.4946
30948,5838.0435
30949,5131.775
30950,5131.496
30951,4457.705
30952,6600.194
30953,5730.974
30954,5259.948
30955,4510.151
30956,4568.401
30957,5683.9976
30958,3188.6821
30959,5304.6807
30960,3705.8772
30961,6489.9854
30962,5729.6895
30963,5299.2896
30964,7565.733
30965,4549.601
30966,4370.3774
30967,9397.2
30968,5148.1455
30969,5808.156
30970,6360.724
30971,4256.2373
30972,5084.464
30973,4587.716
30974,6116.083
30975,7814.605
30976,5091.4478
30977,2357.3613
30978,4442.8345
30979,6544.165
30980,6911.307
30981,4708.9014
30982,5343.76
30983,4134.699
30984,4467.7896
30985,2970.6792
30986,4226.206
30987,5200.085
30988,5253.49
30989,5563.0186
30990,5644.4766
30991,6257.044
30992,6623.389
30993,5816.3223
30994,4539.4272
30995,7360.306
30996,6963.1294
30997,4504.815
30998,5705.8726
30999,4495.6675
31000,5675.4976
31001,3172.0044
31002,5356.262
31003,4234.8784
31004,7602.676
31005,5548.8955
31006,6461.412
31007,7073.4937
31008,5084.042
31009,5878.9365
31010,14919.377
31011,8521.383
31012,5377.5327
31013,2574.9714
31014,5110.511
31015,7687.2227
31016,4828.6655
31017,12229.438
31018,13727.881
31019,3738.3584
31020,4027.1926
31021,6287.7534
31022,4636.699
31023,8043.65
31024,5032.311
31025,6384.1924
31026,3985.3955
31027,5346.12
31028,5723.719
31029,5852.361
31030,6091.7524
31031,4997.635
31032,5079.3306
31033,5749.08
31034,4235.6665
31035,4854.236
31036,6234.781
31037,4148.954
31038,4926.3887
31039,5529.046
31040,4385.6665
31041,4162.039
31042,5742.9033
31043,5233.6636
31044,5999.5073
31045,5679.4727
31046,5564.9185
31047,5062.4062
31048,3569.6567
31049,5628.122
31050,5397.863
31051,4349.0894
31052,4087.5342
31053,5518.245
31054,5283.97
31055,6643.82
31056,7037.4097
31057,5092.5454
31058,4063.8806
31059,4289.083
31060,7559.9546
31061,4339.3345
31062,6197.9536
31063,12091.873
31064,5632.1284
31065,5470.747
31066,3829.9783
31067,3843.9307
31068,5410.7085
31069,3826.9836
31070,4916.568
31071,7185.168
31072,4747.4805
31073,11531.016
31074,9643.746
31075,4282.1455
31076,6251.5317
31077,4267.071
31078,6143.2876
31079,4981.3105
31080,9660.971
31081,5690.4424
31082,6903.9146
31083,4018.424
31084,6077.33
31085,4465.5146
31086,7088.1963
31087,5057.203
31088,5194.324
31089,5410.5796
31090,5436.1553
31091,6778.826
31092,7072.1846
31093,4901.658
31094,7674.9585
31095,5757.751
31096,7972.1675
31097,4069.6997
31098,4267.539
31099,4791.396
31100,7076.132
31101,5681.255
31102,5571.35
31103,5713.59
31104,7034.947
31105,4079.261
31106,6598.016
31107,5682.155
31108,3611.7773
31109,11393.555
31110,13739.656
31111,5608.8506
31112,6051.0527
31113,6550.0913
31114,8222.572
31115,8122.929
31116,4763.757
31117,6135.142
31118,4845.7236
31119,6640.1514
31120,3876.7893
31121,4631.9956
31122,4442.483
31123,4560.355
31124,5890.2915
31125,3977.515
31126,4064.2954
31127,4901.738
31128,3578.8252
31129,3735.7952
31130,4315.714
31131,4850.371
31132,6862.1147
31133,7174.2656
31134,6722.948
31135,5231.742
31136,5435.4087
31137,8230.246
31138,6342.483
31139,4241.7837
31140,3906.5623
31141,6529.45
31142,4318.786
31143,5502.8022
31144,3216.7202
31145,4561.251
31146,6658.125
31147,5002.156
31148,4933.202
31149,6581.366
31150,7185.36
31151,7330.4883
31152,5215.857
31153,8079.851
31154,3283.105
31155,3957.2976
31156,5013.147
31157,3725.3113
31158,5753.628
31159,4116.9927
31160,5442.48
31161,6589.1924
31162,8695.392
31163,6869.135
31164,4712.7886
31165,4351.5083
31166,11589.053
31167,5824.5107
31168,5913.299
31169,4297.5933
31170,5159.5996
31171,7045.6035
31172,4257.106
31173,5550.139
31174,6170.183
31175,6644.314
31176,10259.084
31177,5416.373
31178,10427.348
31179,5010.188
31180,4550.005
31181,3098.8655
31182,5485.3726
31183,4844.6655
31184,4350.844
31185,5934.912
31186,4408.08
31187,3628.1077
31188,5396.447
31189,4048.7244
31190,6477.9443
31191,5297.869
31192,6241.909
31193,5954.202
31194,4451.671
31195,6199.13
31196,5804.822
31197,4380.766
31198,4489.2866
31199,5264.863
31200,7934.383
31201,5575.646
31202,4055.717
31203,5432.584
31204,6962.326
31205,6027.1245
31206,4982.3037
31207,6653.9287
31208,5441.26
31209,5639.493
31210,5222.4287
31211,6332.0615
31212,4845.65
31213,5722.578
31214,5247.7856
31215,4516.734
31216,3830.8809
31217,4116.3877
31218,6307.2812
31219,7477.164
31220,8256.137
31221,9410.357
31222,6498.2173
31223,4790.254
31224,4752.5234
31225,9840.295
31226,8096.53
31227,5561.2837
31228,6506.311
31229,7185.312
31230,4830.02
31231,3511.3867
31232,8630.597
31233,4690.5527
31234,5886.669
31235,5047.4106
31236,3093.0264
31237,8833.225
31238,5010.1255
31239,4348.5747
31240,4395.219
31241,4697.045
31242,5063.0195
31243,5808.6436
31244,5152.2427
31245,4571.7095
31246,3647.8367
31247,3729.329
31248,3321.028
31249,5783.0527
31250,15023.971
31251,4563.0093
31252,4482.7524
31253,5891.691
31254,3976.1035
31255,3916.08
31256,4628.599
31257,3893.1882
31258,6086.026
31259,5814.9297
31260,3461.8096
31261,6191.1763
31262,4060.5752
31263,4536.5527
31264,6160.4507
31265,6234.412
31266,8670.431
31267,4985.3984
31268,5228.8735
31269,3652.7917
31270,4932.6987
31271,12001.016
31272,7441.193
31273,5380.8267
31274,3941.9973
31275,4310.5015
31276,4986.5967
31277,3883.4888
31278,7999.5957
31279,4266.375
31280,4774.6885
31281,5726.488
31282,4162.031
31283,5001.1777
31284,5312.291
31285,6013.165
31286,5270.5103
31287,3734.8794
31288,4834.8276
31289,5536.809
31290,6810.264
31291,6538.9673
31292,5896.88
31293,3531.1719
31294,6362.144
31295,4462.2275
31296,5229.2627
31297,5483.2275
31298,5904.3203
31299,5254.7983
31300,5897.7915
31301,5438.8574
31302,5343.7393
31303,4618.7817
31304,5523.253
31305,5350.206
31306,4373.13
31307,6640.4746
31308,4795.3696
31309,4488.55
31310,7486.634
31311,4528.053
31312,3604.955
31313,6073.3374
31314,5807.591
31315,7750.434
31316,4325.003
31317,5512.9365
31318,5239.7476
31319,5778.355
31320,4870.929
31321,5851.8867
31322,2688.033
31323,4951.754
31324,5001.364
31325,4635.682
31326,3859.5317
31327,5870.985
31328,5832.9004
31329,4535.8564
31330,6214.9673
31331,6017.3477
31332,7006.6475
31333,3824.086
31334,4861.265
31335,5187.907
31336,6030.7935
31337,5916.289
31338,3793.548
31339,7906.831
31340,5853.8516
31341,5608.369
31342,4103.611
31343,3334.4722
31344,5220.003
31345,4975.811
31346,7324.6455
31347,5345.4775
31348,4748.1147
31349,6538.2188
31350,5224.6455
31351,4654.491
31352,6658.417
31353,4429.598
31354,7099.848
31355,7774.0815
31356,6180.1904
31357,4034.5212
31358,4365.79
31359,3624.2092
31360,2862.8723
31361,6150.675
31362,4679.6797
31363,7250.5767
31364,3497.9902
31365,5309.7935
31366,5011.01
31367,8402.677
31368,3819.0408
31369,4506.448
31370,4819.784
31371,6495.336
31372,4388.428
31373,6474.392
31374,6789.2764
31375,7211.3813
31376,5448.796
31377,6185.103
31378,5165.046
31379,3901.1326
31380,4304.6006
31381,7972.586
31382,7743.9614
31383,5760.646
31384,15514.922
31385,4587.4663
31386,4670.368
31387,4773.0312
31388,6328.119
31389,7081.412
31390,5827.2505
31391,6010.046
31392,6487.0767
31393,5863.5024
31394,5793.2446
31395,4386.2524
31396,4175.233
31397,4138.7437
31398,3874.0464
31399,4220.2397
31400,6252.2056
31401,13956.919
31402,5850.7705
31403,5018.276
31404,5353.9585
31405,3472.5657
31406,5227.3076
31407,3449.3953
31408,7457.748
31409,5180.025
31410,5683.721
31411,8678.787
31412,11031.465
31413,5667.194
31414,5912.825
31415,3297.4368
31416,5007.3403
31417,5197.9326
31418,6291.005
31419,3997.0496
31420,3536.2856
31421,4791.972
31422,4519.5093
31423,5882.846
31424,5358.807
31425,3622.1008
31426,5848.0757
31427,5460.721
31428,5651.097
31429,3815.0137
31430,3598.6536
31431,6376.5483
31432,3780.918
31433,7611.194
31434,4498.3184
31435,3827.648
31436,5883.4414
31437,4913.478
31438,3855.881
31439,4918.2188
31440,4895.1123
31441,7027.013
31442,7443.777
31443,5298.5415
31444,3864.8997
31445,4780.3716
31446,6198.663
31447,5130.561
31448,4122.6636
31449,5642.797
31450,9707.181
31451,6198.663
31452,5675.882
31453,5487.638
31454,4000.3032
31455,7276.321
31456,4686.1206
31457,9233.186
31458,4968.493
31459,4452.8984
31460,4493.395
31461,3526.6035
31462,5975.1216
31463,12263.03
31464,3437.6777
31465,4099.522
31466,7450.084
31467,5718.0767
31468,5333.8804
31469,6207.3843
31470,4760.196
31471,4524.5044
31472,3745.8833
31473,6692.743
31474,4553.335
31475,5341.986
31476,5647.185
31477,4468.442
31478,6086.781
31479,5243.1123
31480,3185.1797
31481,7102.273
31482,6857.646
31483,3603.4458
31484,6072.451
31485,5218.4795
31486,4103.1567
31487,7515.7676
31488,5381.2524
31489,7434.503
31490,4376.8066
31491,3942.5916
31492,5663.2114
31493,3088.5093
31494,6446.939
31495,3348.881
31496,5153.5596
31497,4169.7124
31498,5099.1025
31499,4717.0923
31500,5655.271
31501,5649.949
31502,5855.0356
31503,5223.8433
31504,6183.4688
31505,5110.1797
31506,6051.8667
31507,6882.8223
31508,6841.933
31509,3016.0518
31510,5202.273
31511,5801.7275
31512,4049.3772
31513,8027.4937
31514,4873.29
31515,6880.584
31516,7646.0464
31517,6681.0713
31518,3502.4746
31519,8269.96
31520,7925.851
31521,5061.7397
31522,6383.9854
31523,7119.0454
31524,5337.891
31525,4828.0806
31526,5618.2104
31527,4827.307
31528,4754.7407
31529,5405.555
31530,4556.511
31531,4793.906
31532,5813.4214
31533,5477.53
31534,6320.0903
31535,5261.9756
31536,5457.696
31537,3267.2488
31538,6293.0933
31539,5733.998
31540,4927.23
31541,5405.9883
31542,5709.8687
31543,7129.87
31544,4856.7603
31545,4008.585
31546,5219.3857
31547,5560.255
31548,5975.5093
31549,4309.8066
31550,3442.298
31551,5622.429
31552,6891.842
31553,4809.089
31554,6079.986
31555,5481.6694
31556,5356.0015
31557,4004.6597
31558,3238.6497
31559,5008.0854
31560,5466.1255
31561,5124.7017
31562,7176.5107
31563,6700.2095
31564,4454.9634
31565,6903.217
31566,3092.1738
31567,2935.4727
31568,5507.323
31569,9002.319
31570,6511.961
31571,5802.6626
31572,3825.0894
31573,5720.5537
31574,7551.7246
31575,4653.2837
31576,5967.273
31577,4786.609
31578,4186.555
31579,4099.221
31580,4876.889
31581,4831.204
31582,3997.6826
31583,4533.6675
31584,3869.0974
31585,6435.2173
31586,5393.745
31587,4402.1216
31588,5138.133
31589,6282.1123
31590,4507.1577
31591,4111.8394
31592,6602.234
31593,6363.6553
31594,5106.184
31595,3278.4885
31596,8658.993
31597,4957.7183
31598,4467.8027
31599,6833.1807
31600,6590.437
31601,7011.949
31602,5321.567
31603,5777.3135
31604,6974.5757
31605,11157.287
31606,3807.3535
31607,3845.7573
31608,4251.0435
31609,6090.625
31610,5433.0503
31611,6756.5435
31612,6954.3486
31613,4906.6543
31614,3829.8176
31615,4756.5645
31616,7286.8984
31617,3967.3025
31618,5528.0703
31619,3355.1965
31620,5547.2285
31621,5707.609
31622,6190.3145
31623,7022.926
31624,5591.101
31625,3645.8782
31626,5298.1724
31627,6131.895
31628,6627.117
31629,5995.6343
31630,5991.8267
31631,4918.3315
31632,4115.7437
31633,8229.241
31634,3612.1392
31635,7926.713
31636,5145.617
31637,3689.6653
31638,5434.232
31639,4868.045
31640,5614.1978
31641,6679.0703
31642,3182.6648
31643,3598.5884
31644,5379.246
31645,7257.6133
31646,7829.915
31647,4227.3877
31648,5147.3794
31649,5274.0454
31650,5098.0615
31651,4547.4927
31652,7794.12
31653,6911.452
31654,9833.446
31655,3775.5981
31656,5197.799
31657,10191.382
31658,6896.063
31659,4056.216
31660,7539.3965
31661,5463.191
31662,4116.7373
31663,4220.598
31664,3802.0835
31665,4548.9287
31666,4826.1377
31667,3982.1616
31668,4256.083
31669,7721.8047
31670,6114.2163
31671,15969.541
31672,5002.7666
31673,3709.9731
31674,5497.262
31675,7989.7593
31676,4481.495
31677,5779.8047
31678,4564.398
31679,6521.079
31680,6368.7075
31681,3520.513
31682,4371.9414
31683,5515.172
31684,6369.3755
31685,5629.905
31686,6134.943
31687,4062.0823
31688,3731.4072
31689,4083.7927
31690,7968.4956
31691,8416.843
31692,7185.668
31693,6025.5264
31694,3583.5293
31695,4844.3003
31696,3344.539
31697,7508.359
31698,7482.907
31699,8337.963
31700,4468.5996
31701,3549.0261
31702,3720.8186
31703,4730.3936
31704,8686.232
31705,4924.791
31706,4103.8145
31707,3767.9453
31708,5894.158
31709,3392.0813
31710,5990.084
31711,3521.4736
31712,5740.8823
31713,5758.492
31714,4860.528
31715,6164.5596
31716,5297.4243
31717,4280.941
31718,4817.849
31719,5395.371
31720,8263.913
31721,4758.8516
31722,6625.0317
31723,6144.307
31724,7625.872
31725,5465.0674
31726,7068.631
31727,3717.2852
31728,4195.1543
31729,5158.1235
31730,5250.97
31731,6968.897
31732,6240.5933
31733,4323.0645
31734,5529.695
31735,5324.4814
31736,7409.358
31737,3654.5588
31738,10107.494
31739,3743.79
31740,5298.122
31741,5945.6553
31742,4622.828
31743,4433.876
31744,5618.6714
31745,5596.1484
31746,4474.52
31747,4442.9487
31748,6235.4883
31749,5585.174
31750,5449.529
31751,4106.3477
31752,6279.56
31753,8235.186
31754,5601.676
31755,4644.0737
31756,5615.2637
31757,5066.2803
31758,5223.465
31759,5962.568
31760,3739.7065
31761,5789.814
31762,5598.5293
31763,5285.392
31764,6342.979
31765,3970.2593
31766,4694.017
31767,4152.0977
31768,5741.633
31769,5988.313
31770,4000.9673
31771,4450.045
31772,4978.6504
31773,4789.1387
31774,5047.873
31775,7216.549
31776,5422.861
31777,5955.8267
31778,4882.382
31779,3970.8162
31780,4686.304
31781,7062.4106
31782,6285.9604
31783,6175.2407
31784,6532.777
31785,4610.097
31786,6827.1157
31787,5041.646
31788,5490.806
31789,7076.0513
31790,5068.4844
31791,7802.049
31792,6658.1567
31793,6218.9106
31794,5097.07
31795,6309.5435
31796,6021.924
31797,4811.438
31798,3700.5254
31799,4830.9136
31800,6175.7417
31801,5232.7505
31802,4183.074
31803,6170.7188
31804,5890.415
31805,5206.418
31806,5115.881
31807,4420.6113
31808,6563.324
31809,5659.6367
31810,5319.481
31811,4458.071
31812,4614.6904
31813,5559.703
31814,3241.2273
31815,5341.5273
31816,3660.801
31817,6409.929
31818,5772.9507
31819,5327.0977
31820,7483.421
31821,4578.4434
31822,4325.5684
31823,9344.709
31824,5118.7954
31825,5732.9424
31826,6305.7295
31827,4218.151
31828,5031.543
31829,4633.609
31830,6111.1377
31831,7857.873
31832,5136.79
31833,2328.9932
31834,4549.445
31835,6380.722
31836,6758.9604
31837,4663.1567
31838,5284.036
31839,4072.4763
31840,4501.675
31841,2941.897
31842,4185.2656
31843,5145.9604
31844,5222.493
31845,5598.2837
31846,5598.428
31847,6157.778
31848,6440.246
31849,5755.785
31850,4482.517
31851,7396.945
31852,6795.302
31853,4545.862
31854,5678.0806
31855,4391.0625
31856,5543.4463
31857,3123.4968
31858,5398.182
31859,4136.5967
31860,7664.0737
31861,5527.464
31862,6391.9976
31863,7144.091
31864,5061.46
31865,5814.6025
31866,14836.043
31867,8363.067
31868,5360.2437
31869,2549.6362
31870,5042.108
31871,7644.508
31872,4860.445
31873,12026.108
31874,13631.243
31875,3769.937
31876,4055.477
31877,6269.458
31878,4645.0747
31879,7982.127
31880,5088.1514
31881,6361.586
31882,3976.3425
31883,5311.085
31884,5665.07
31885,5895.5586
31886,6035.063
31887,4966.361
31888,5026.463
31889,5792.808
31890,4221.496
31891,4873.913
31892,6227.904
31893,4099.1743
31894,4865.0645
31895,5476.4585
31896,4399.985
31897,4190.591
31898,5832.4277
31899,5251.6113
31900,5961.311
31901,5651.011
31902,5596.3833
31903,5095.5386
31904,3551.4443
31905,5651.388
31906,5410.27
31907,4342.32
31908,4124.0913
31909,5471.895
31910,5207.6597
31911,6707.371
31912,7084.053
31913,5029.1533
31914,4035.9302
31915,4313.084
31916,7400.3105
31917,4278.8506
31918,6247.448
31919,12160.235
31920,5572.578
31921,5452.961
31922,3775.843
31923,3810.0674
31924,5375.2764
31925,3823.8892
31926,4967.8677
31927,7235.1367
31928,4666.552
31929,11346.177
31930,9659.515
31931,4247.5537
31932,6306.06
31933,4308.6104
31934,6196.3457
31935,4934.958
31936,9303.906
31937,5570.548
31938,6999.0664
31939,4050.5515
31940,6080.8096
31941,4407.6846
31942,7162.8677
31943,5001.4355
31944,5164.3564
31945,5387.683
31946,5346.421
31947,6669.8013
31948,7124.3843
31949,4837.374
31950,7607.3545
31951,5735.71
31952,7967.371
31953,4109.698
31954,4256.103
31955,4776.7705
31956,7049.166
31957,5609.91
31958,5439.075
31959,5691.816
31960,6887.1367
31961,4044.7754
31962,6643.1606
31963,5647.81
31964,3579.3032
31965,11301.658
31966,13843.847
31967,5539.033
31968,5936.2256
31969,6493.911
31970,8155.495
31971,8185.3105
31972,4721.45
31973,6085.0913
31974,4736.1504
31975,6580.456
31976,3838.603
31977,4627.478
31978,4443.326
31979,4601.9077
31980,5834.269
31981,4016.236
31982,4033.44
31983,4829.223
31984,3596.272
31985,3729.2153
31986,4286.04
31987,4795.813
31988,6810.427
31989,7044.1655
31990,6743.673
31991,5200.8735
31992,5378.8354
31993,8275.437
31994,6330.854
31995,4208.8784
31996,3874.926
31997,6502.539
31998,4352.953
31999,5306.872
32000,3166.946
32001,4530.166
32002,6695.7695
32003,4920.8984
32004,4831.84
32005,6512.8677
32006,7043.299
32007,7355.625
32008,5240.008
32009,8063.9756
32010,3256.3176
32011,3929.5215
32012,4928.3345
32013,3723.787
32014,5714.4185
32015,4094.8867
32016,5481.23
32017,6565.1587
32018,8754.617
32019,6671.4556
32020,4724.599
32021,4381.7607
32022,11652.75
32023,5763.8887
32024,5880.2656
32025,4261.262
32026,5143.8994
32027,6999.5137
32028,4241.5894
32029,5500.058
32030,6105.964
32031,6610.0093
32032,10249.235
32033,5390.0425
32034,10369.103
32035,4975.2036
32036,4527.885
32037,3077.7444
32038,5434.3306
32039,4790.19
32040,4356.447
32041,5949.882
32042,4373.209
32043,3610.9265
32044,5376.779
32045,4068.0269
32046,6520.756
32047,5253.0845
32048,6275.71
32049,5821.906
32050,4421.324
32051,6249.195
32052,5848.9736
32053,4378.7275
32054,4442.559
32055,5302.3486
32056,7988.8066
32057,5557.3013
32058,4087.4602
32059,5377.0557
32060,7013.7217
32061,6011.0493
32062,5012.0713
32063,6657.7373
32064,5459.9194
32065,5554.8423
32066,5219.102
32067,6234.8105
32068,5012.712
32069,5749.1567
32070,5179.487
32071,4512.023
32072,3884.8857
32073,4051.5486
32074,6228.8066
32075,7519.001
32076,8088.2246
32077,9196.878
32078,6430.5845
32079,4825.7876
32080,4790.121
32081,9780.822
32082,8166.455
32083,5417.319
32084,6442.2305
32085,7185.353
32086,4858.2476
32087,3523.4292
32088,8675.882
32089,4651.615
32090,5854.3765
32091,5067.537
32092,3086.8657
32093,8824.004
32094,4970.484
32095,4328.0405
32096,4430.718
32097,4646.617
32098,5099.0684
32099,5839.1406
32100,5102.1387
32101,4565.0684
32102,3613.8762
32103,3703.9124
32104,3331.871
32105,5702.5757
32106,14935.237
32107,4534.671
32108,4402.3945
32109,5847.5566
32110,4006.36
32111,3863.5024
32112,4627.7295
32113,3856.959
32114,5956.2983
32115,5730.9634
32116,3480.5583
32117,6078.698
32118,4074.5007
32119,4583.6523
32120,6088.087
32121,6191.767
32122,8719.451
32123,5005.2773
32124,5262.021
32125,3635.1992
32126,4868.105
32127,11790.199
32128,7328.2305
32129,5368.5894
32130,3983.1304
32131,4254.6787
32132,5031.826
32133,3842.3286
32134,8036.6333
32135,4282.6562
32136,4780.2803
32137,5700.77
32138,4092.86
32139,5022.7773
32140,5337.728
32141,5925.415
32142,5205.0723
32143,3703.7073
32144,4883.192
32145,5505.732
32146,6701.3027
32147,6541.094
32148,5852.4614
32149,3549.7034
32150,6334.164
32151,4425.349
32152,5252.959
32153,5432.428
32154,5889.96
32155,5214.0366
32156,5864.8955
32157,5482.783
32158,5260.882
32159,4608.5015
32160,5541.284
32161,5276.491
32162,4370.3315
32163,6559.1064
32164,4715.608
32165,4464.897
32166,7355.8916
32167,4544.8735
32168,3572.065
32169,6095.4956
32170,5780.9956
32171,7807.118
32172,4336.2725
32173,5555.277
32174,5267.2437
32175,5738.977
32176,4765.3477
32177,5715.323
32178,2650.7249
32179,4895.3784
32180,4881.8833
32181,4602.654
32182,3879.786
32183,5841.1963
32184,5763.0806
32185,4570.694
32186,6238.683
32187,6003.079
32188,6971.097
32189,3764.5537
32190,4890.1978
32191,5252.363
32192,5956.861
32193,5869.434
32194,3763.5735
32195,7906.914
32196,5798.0874
32197,5505.8423
32198,4114.8765
32199,3364.729
32200,5160.3135
32201,4948.9346
32202,7196.704
32203,5280.111
32204,4715.7563
32205,6391.7964
32206,5189.382
32207,4594.5347
32208,6749.1426
32209,4397.979
32210,7153.6914
32211,7638.393
32212,6229.597
32213,4087.1638
32214,4325.775
32215,3645.4155
32216,2836.2244
32217,6095.7397
32218,4591.809
32219,7213.1426
32220,3481.1926
32221,5303.0767
32222,5040.9487
32223,8383.177
32224,3780.4492
32225,4454.156
32226,4735.554
32227,6510.2656
32228,4386.8633
32229,6387.2256
32230,6858.9214
32231,7257.094
32232,5403.947
32233,6091.2993
32234,5165.499
32235,3914.5115
32236,4270.239
32237,7994.7983
32238,7666.179
32239,5786.75
32240,15064.103
32241,4577.12
32242,4661.1865
32243,4755.943
32244,6201.0166
32245,7043.487
32246,5743.6978
32247,5966.317
32248,6295.2607
32249,5894.271
32250,5686.4
32251,4308.162
32252,4188.165
32253,4070.841
32254,3841.713
32255,4186.196
32256,6142.9185
32257,14047.756
32258,5897.054
32259,5042.079
32260,5312.818
32261,3463.5803
32262,5197.4614
32263,3464.4492
32264,7520.6436
32265,5142.3345
32266,5731.111
32267,8739.142
32268,10740.867
32269,5623.845
32270,5932.45
32271,3290.266
32272,5039.0835
32273,5232.3857
32274,6236.2617
32275,3950.618
32276,3493.185
32277,4828.7114
32278,4497.5376
32279,5830.603
32280,5234.058
32281,3652.6733
32282,5749.755
32283,5427.477
32284,5469.427
32285,3746.8804
32286,3517.3608
32287,6361.0396
32288,3800.76
32289,7571.1323
32290,4466.7754
32291,3804.2966
32292,5973.4805
32293,4892.75
32294,3856.613
32295,4872.672
32296,4848.8125
32297,7049.9526
32298,7478.141
32299,5244.748
32300,3883.4072
32301,4801.805
32302,6159.1816
32303,5053.6733
32304,4078.8796
32305,5667.859
32306,9883.148
32307,6293.8076
32308,5653.6206
32309,5557.073
32310,4026.7432
32311,7273.58
32312,4685.9463
32313,9143.752
32314,4919.7344
32315,4417.2646
32316,4457.807
32317,3531.5154
32318,5995.6113
32319,11533.006
32320,3409.945
32321,4007.1511
32322,7650.956
32323,5688.89
32324,5418.6055
32325,6183.0737
32326,4624.257
32327,4265.48
32328,3738.4226
32329,6765.352
32330,4579.684
32331,5359.426
32332,5624.4355
32333,4491.154
32334,6066.4478
32335,5217.6235
32336,3201.3555
32337,7204.142
32338,6908.7695
32339,3622.3564
32340,5980.048
32341,5180.544
32342,4083.6096
32343,7478.113
32344,5342.098
32345,7438.5527
32346,4397.874
32347,3885.864
32348,5704.2295
32349,3043.9978
32350,6502.6196
32351,3324.182
32352,5105.6045
32353,4128.6416
32354,5062.0005
32355,4677.7246
32356,5664.6753
32357,5513.9307
32358,5729.6294
32359,5252.7686
32360,6225.843
32361,5151.0337
32362,5995.554
32363,6937.269
32364,6880.6167
32365,2929.5947
32366,5228.714
32367,5829.3853
32368,4074.8118
32369,7928.7393
32370,4837.157
32371,6801.754
32372,7675.222
32373,6643.75
32374,3521.4434
32375,8406.052
32376,7893.9907
32377,5072.7407
32378,6424.4536
32379,7235.585
32380,5307.9146
32381,4783.154
32382,5584.0073
32383,4855.2407
32384,4779.692
32385,5309.0234
32386,4532.392
32387,4871.668
32388,5689.4927
32389,5440.201
32390,6215.4297
32391,5302.3887
32392,5420.503
32393,3290.5142
32394,6291.581
32395,5770.308
32396,4963.9644
32397,5360.8726
32398,5685.7817
32399,7153.1455
32400,4775.827
32401,4022.332
32402,5189.001
32403,5474.3384
32404,6057.3877
32405,4341.6196
32406,3453.5273
32407,5637.0786
32408,6886.8345
32409,4844.6235
32410,5977.2593
32411,5426.017
32412,5319.9937
32413,3963.2212
32414,3205.5422
32415,4962.923
32416,5401.1074
32417,5142.8545
32418,7232.6733
32419,6751.0225
32420,4411.807
32421,6936.872
32422,3115.9434
32423,2944.959
32424,5434.8125
32425,9053.043
32426,6584.11
32427,5750.303
32428,3843.4065
32429,5662.7847
32430,7470.7266
32431,4675.4097
32432,6046.2524
32433,4744.099
32434,4202.5317
32435,4121.421
32436,4837.1016
32437,4785.025
32438,3963.777
32439,4525.9155
32440,3881.7185
32441,6540.421
32442,5353.1924
32443,4365.282
32444,5114.7344
32445,6286.8057
32446,4540.6875
32447,4126.842
32448,6556.3853
32449,6400.9355
32450,5097.454
32451,3263.3582
32452,8733.784
32453,4906.7993
32454,4467.2314
32455,6798.4717
32456,6625.152
32457,6987.3867
32458,5374.538
32459,5814.2974
32460,7102.625
32461,11335.307
32462,3800.5496
32463,3765.3008
32464,4220.747
32465,6054.713
32466,5425.2666
32467,6725.0776
32468,6916.18
32469,4969.939
32470,3816.5388
32471,4816.7373
32472,7352.181
32473,3948.3198
32474,5528.2866
32475,3376.678
32476,5478.329
32477,5700.21
32478,6232.872
32479,7050.3696
32480,5648.3813
32481,3643.8718
32482,5257.4355
32483,6161.003
32484,6658.474
32485,6021.9185
32486,5959.7705
32487,4866.5684
32488,4157.9595
32489,8180.7217
32490,3633.9927
32491,7858.3076
32492,5103.258
32493,3669.8115
32494,5493.001
32495,4902.266
32496,5605.0107
32497,6718.192
32498,3178.0562
32499,3584.3396
32500,5345.5234
32501,7267.519
32502,7894.8643
32503,4210.983
32504,5188.3276
32505,5301.787
32506,5093.6772
32507,4526.494
32508,7622.0034
32509,6980.2656
32510,9981.812
32511,3763.6453
32512,5196.599
32513,10039.863
32514,6992.2603
32515,4042.3184
32516,7520.2993
32517,5500.677
32518,4112.5103
32519,4203.6904
32520,3796.9512
32521,4613.177
32522,4850.464
32523,4001.0056
32524,4220.047
32525,7681.9966
32526,6175.0938
32527,16124.345
32528,4978.8164
32529,4076.1296
32530,5729.28
32531,8673.591
32532,4879.011
32533,6238.808
32534,4971.954
32535,6894.465
32536,6774.1016
32537,3896.5916
32538,4811.4473
32539,6036.923
32540,6784.978
32541,5989.244
32542,6724.635
32543,4467.692
32544,4102.769
32545,4514.0547
32546,8419.01
32547,9266.976
32548,7762.856
32549,6570.728
32550,3917.4216
32551,5279.8745
32552,3684.8289
32553,7954.8574
32554,8152.4
32555,8760.146
32556,4976.556
32557,3829.6567
32558,4083.1812
32559,5163.9375
32560,8893.864
32561,5403.05
32562,4494.934
32563,4148.72
32564,6149.631
32565,3692.873
32566,6546.1562
32567,3872.7974
32568,6107.519
32569,6320.7295
32570,5293.2827
32571,6729.036
32572,5632.236
32573,4504.5356
32574,5306.528
32575,5800.206
32576,8921.118
32577,5245.5137
32578,7072.03
32579,6374.3228
32580,8233.693
32581,5932.4336
32582,7540.662
32583,4039.1038
32584,4466.7544
32585,5666.129
32586,5858.063
32587,7712.0894
32588,6785.4893
32589,4765.952
32590,6079.3247
32591,5770.435
32592,7957.4756
32593,4028.9756
32594,10709.004
32595,4077.6462
32596,5722.158
32597,6424.9746
32598,5022.327
32599,4860.2593
32600,5918.5464
32601,6144.354
32602,4883.192
32603,4797.602
32604,6833.969
32605,6107.962
32606,5784.3657
32607,4386.9634
32608,6803.973
32609,9093.422
32610,5969.8066
32611,5057.5605
32612,6145.362
32613,5489.3867
32614,5799.7246
32615,6492.01
32616,4055.7788
32617,6362.8906
32618,5960.9644
32619,5766.7866
32620,6907.6953
32621,4301.149
32622,5104.1
32623,4629.403
32624,6297.627
32625,6446.755
32626,4390.748
32627,4887.577
32628,5458.0967
32629,5259.0503
32630,5356.1807
32631,7750.3604
32632,5870.9175
32633,6327.413
32634,5278.3735
32635,4292.3
32636,5179.21
32637,7540.8345
32638,6663.6523
32639,6802.2925
32640,7137.0146
32641,5085.759
32642,7568.1504
32643,5433.1074
32644,5812.329
32645,7751.2476
32646,5561.3154
32647,8240.324
32648,7308.497
32649,6761.798
32650,5579.9556
32651,6723.0894
32652,6581.5356
32653,5210.989
32654,3976.2554
32655,5040.5884
32656,6566.28
32657,5741.945
32658,4504.1836
32659,6655.953
32660,6317.5107
32661,5489.3135
32662,5583.7886
32663,4731.558
32664,6960.9316
32665,6236.9575
32666,5588.739
32667,4882.377
32668,4906.528
32669,6079.7944
32670,3561.5105
32671,5725.9146
32672,4042.758
32673,6952.916
32674,6218.656
32675,5675.541
32676,8155.7207
32677,4916.502
32678,4739.1104
32679,9755.332
32680,5581.813
32681,6261.5215
32682,6833.155
32683,4622.8853
32684,5495.181
32685,4992.9365
32686,6506.1123
32687,8490.813
32688,5425.9346
32689,2602.9336
32690,4888.9854
32691,6978.655
32692,7332.74
32693,5222.105
32694,5782.2144
32695,4425.362
32696,4766.3564
32697,3145.0698
32698,4534.809
32699,5648.7207
32700,5716.381
32701,6016.837
32702,6033.112
32703,6725.8535
32704,6895.412
32705,6286.1465
32706,4912.555
32707,7971.2476
32708,7488.905
32709,4932.2095
32710,6074.7744
32711,4790.382
32712,6034.7007
32713,3458.9412
32714,5810.86
32715,4584.8677
32716,8122.441
32717,5975.0645
32718,6926.8623
32719,7368.011
32720,5544.451
32721,6368.1304
32722,15176.613
32723,9158.747
32724,5579.439
32725,2852.303
32726,5477.6655
32727,8006.7944
32728,5282.5493
32729,11829.476
32730,12615.46
32731,3959.8767
32732,4393.4253
32733,6849.7686
32734,4983.7676
32735,8408.562
32736,5390.978
32737,6809.089
32738,4359.922
32739,5872.368
32740,6201.484
32741,6284.186
32742,6590.393
32743,5467.142
32744,5489.633
32745,6214.4277
32746,4636.0757
32747,5257.1895
32748,6773.6816
32749,4532.2446
32750,5361.348
32751,5979.523
32752,4771.0693
32753,4509.5273
32754,6187.109
32755,5690.193
32756,6610.1104
32757,6350.213
32758,5859.365
32759,5447.268
32760,3856.3594
32761,5978.314
32762,5830.347
32763,4714.3936
32764,4451.9897
32765,5923.189
32766,5715.874
32767,7111.655
32768,7487.134
32769,5542.1724
32770,4395.714
32771,4697.1074
32772,8279.96
32773,4625.5806
32774,6643.338
32775,12638.98
32776,6090.358
32777,5768.129
32778,4149.951
32779,4122.333
32780,5795.5327
32781,4071.0586
32782,5307.7275
32783,7651.27
32784,5110.882
32785,10894.295
32786,10265.877
32787,4620.355
32788,6652.1455
32789,4596.586
32790,6604.9614
32791,5316.219
32792,9789.987
32793,6150.657
32794,7331.9355
32795,4349.981
32796,6481.807
32797,4814.096
32798,7538.224
32799,5483.8447
32800,5584.396
32801,5877.7983
32802,5570.713
32803,7237.4214
32804,7594.001
32805,5277.115
32806,8295.287
32807,6267.8975
32808,8464.284
32809,4382.062
32810,4621.9194
32811,5184.8994
32812,7657.505
32813,6128.802
32814,6021.901
32815,6158.6646
32816,7517.8467
32817,4419.1523
32818,6992.14
32819,6013.4346
32820,3923.087
32821,12027.485
32822,14596.839
32823,6108.3813
32824,6482.005
32825,7107.6943
32826,8788.685
32827,8722.263
32828,5041.406
32829,6557.555
32830,5178.296
32831,7212.413
32832,4063.6443
32833,4887.521
32834,4800.8755
32835,4964.3525
32836,6292.373
32837,4289.427
32838,4352.409
32839,5319.9883
32840,3876.4084
32841,4083.5747
32842,4664.02
32843,5234.293
32844,7440.3413
32845,7792.99
32846,7140.5005
32847,5692.717
32848,5872.671
32849,8846.622
32850,6657.8647
32851,4536.3193
32852,4216.6465
32853,7046.5513
32854,4640.527
32855,5888.275
32856,3438.665
32857,4873.5083
32858,7058.6123
32859,5337.7485
32860,5261.599
32861,7110.9697
32862,7725.5176
32863,7829.6685
32864,5706.542
32865,8430.252
32866,3509.1833
32867,4315.8374
32868,5368.482
32869,4060.401
32870,6147.496
32871,4420.3877
32872,5836.0728
32873,7027.596
32874,8980.742
32875,7216.4663
32876,5097.2544
32877,4656.0674
32878,12667.92
32879,6294.9966
32880,6194.4253
32881,4681.421
32882,5589.6025
32883,7493.5635
32884,4623.3926
32885,5953.35
32886,6666.545
32887,7043.245
32888,11022.283
32889,5853.5557
32890,10923.042
32891,5460.737
32892,4917.2715
32893,3311.0317
32894,5758.399
32895,5306.315
32896,4709.5034
32897,6393.9185
32898,4748.6357
32899,3897.7292
32900,5828.0063
32901,4336.7812
32902,6922.701
32903,5777.005
32904,6765.746
32905,6373.2954
32906,4858.5903
32907,6655.8833
32908,6281.639
32909,4737.89
32910,4861.14
32911,5644.8374
32912,8415.59
32913,5993.89
32914,4399.955
32915,5736.268
32916,7389.632
32917,6332.285
32918,5420.2134
32919,7096.7744
32920,5896.509
32921,5561.5757
32922,5640.5854
32923,6805.9653
32924,5279.0386
32925,6243.2485
32926,5627.87
32927,4872.616
32928,4087.5537
32929,4462.551
32930,6805.3164
32931,8188.403
32932,8833.469
32933,9491.33
32934,7021.131
32935,5184.919
32936,5129.196
32937,10362.438
32938,8704.968
32939,6111.4175
32940,6963.7607
32941,7601.8564
32942,5206.785
32943,3805.2002
32944,9203.547
32945,5097.3857
32946,6271.85
32947,5433.2056
32948,3397.6936
32949,9353.563
32950,5432.4023
32951,4661.689
32952,4719.0815
32953,5071.1685
32954,5429.1753
32955,6337.4272
32956,5534.5913
32957,4916.549
32958,3961.131
32959,3984.6504
32960,3601.6416
32961,6253.84
32962,14808.251
32963,4842.6094
32964,4831.522
32965,6132.9946
32966,4295.237
32967,4243.9653
32968,5056.581
32969,4230.9414
32970,6507.0186
32971,6271.4795
32972,3769.2683
32973,6756.221
32974,4396.7163
32975,4825.8384
32976,6599.6587
32977,6835.136
32978,9145.052
32979,5303.4966
32980,5660.819
32981,4001.5703
32982,5348.9766
32983,12254.378
32984,7830.251
32985,5878.9927
32986,4229.8115
32987,4686.5767
32988,5352.151
32989,4152.7393
32990,8752.112
32991,4530.9136
32992,5172.313
32993,6234.2812
32994,4451.45
32995,5434.605
32996,5744.4263
32997,6442.0894
32998,5787.3735
32999,4022.3857
33000,5193.943
33001,5995.251
33002,7450.56
33003,6897.1353
33004,6393.784
33005,3830.581
33006,6898.813
33007,4768.2393
33008,5722.4854
33009,5886.871
33010,6276.3564
33011,5614.5034
33012,6398.146
33013,5839.603
33014,5855.5547
33015,5004.122
33016,5989.8896
33017,5799.271
33018,4780.399
33019,7180.1597
33020,5201.231
33021,4778.5615
33022,8036.25
33023,4855.7505
33024,3909.2725
33025,6531.7363
33026,6312.632
33027,8211.679
33028,4661.3467
33029,5919.7207
33030,5669.0537
33031,6173.9155
33032,5209.026
33033,6236.773
33034,2963.782
33035,5219.3955
33036,5410.9355
33037,5071.13
33038,4175.201
33039,6340.251
33040,6389.937
33041,4869.763
33042,6687.032
33043,6490.8457
33044,7634.256
33045,4134.3877
33046,5266.5103
33047,5525.1553
33048,6526.3247
33049,6349.934
33050,4015.715
33051,8686.597
33052,6273.813
33053,5971.367
33054,4503.8354
33055,3586.0222
33056,5652.1055
33057,5323.323
33058,7814.061
33059,5801.224
33060,5073.1616
33061,6952.233
33062,5585.0566
33063,5127.332
33064,7066.5073
33065,4768.08
33066,7587.0576
33067,8360.547
33068,6690.069
33069,4363.7876
33070,4773.163
33071,3930.5674
33072,3019.3076
33073,6597.808
33074,4981.182
33075,7688.088
33076,3841.2512
33077,5810.184
33078,5451.4424
33079,8736.35
33080,4157.5073
33081,4864.239
33082,5145.514
33083,7015.7354
33084,4758.5024
33085,6740.7275
33086,7198.778
33087,7807.066
33088,5906.061
33089,6654.709
33090,5656.598
33091,4227.549
33092,4665.8975
33093,8580.528
33094,8098.924
33095,6303.9795
33096,15000.934
33097,4915.466
33098,5017.175
33099,5093.0747
33100,6770.3228
33101,7612.159
33102,6244.5293
33103,6535.974
33104,6989.88
33105,6343.9043
33106,6185.1323
33107,4704.8066
33108,4534.3164
33109,4474.268
33110,4171.6895
33111,4482.278
33112,6770.9556
33113,14314.75
33114,6286.614
33115,5415.562
33116,5682.6533
33117,3816.5205
33118,5856.5103
33119,3819.915
33120,7904.9536
33121,5623.84
33122,6115.5054
33123,9323.129
33124,10668.826
33125,5959.969
33126,6381.3125
33127,3576.2861
33128,5420.989
33129,5627.408
33130,6783.05
33131,4320.2695
33132,3868.3262
33133,5164.864
33134,4916.202
33135,6246.328
33136,5754.292
33137,3896.9001
33138,6358.886
33139,5866.2383
33140,5978.1543
33141,4089.1682
33142,3932.0938
33143,6785.399
33144,4086.1892
33145,8079.674
33146,4826.46
33147,4276.2554
33148,6319.584
33149,5323.8364
33150,4221.6772
33151,5423.6523
33152,5395.3506
33153,7654.438
33154,7841.6562
33155,5733.998
33156,4182.751
33157,5184.934
33158,6579.665
33159,5492.5034
33160,4550.756
33161,6029.3496
33162,10329.393
33163,6704.6973
33164,6024.7104
33165,5884.7095
33166,4305.422
33167,7757.5415
33168,5137.7993
33169,9832.358
33170,5399.8555
33171,4796.3853
33172,4796.98
33173,3800.2778
33174,6475.0283
33175,13287.29
33176,3671.1736
33177,4404.1924
33178,7974.7305
33179,6033.256
33180,5741.72
33181,6765.9653
33182,5315.9053
33183,4880.938
33184,4112.451
33185,7242.31
33186,4967.512
33187,5829.53
33188,6098.1064
33189,4832.8633
33190,6676.357
33191,5667.0693
33192,3454.9048
33193,7627.0723
33194,7480.902
33195,3905.9697
33196,6493.9175
33197,5682.3496
33198,4548.6943
33199,8186.6616
33200,5837.0024
33201,7940.341
33202,4739.418
33203,4258.7104
33204,6244.589
33205,3463.4976
33206,6952.3853
33207,3614.5142
33208,5458.503
33209,4461.7466
33210,5530.9604
33211,5036.974
33212,6059.3174
33213,6066.6274
33214,6374.4746
33215,5670.898
33216,6508.552
33217,5525.9194
33218,6431.7314
33219,7422.4365
33220,7253.3228
33221,3257.0508
33222,5658.4814
33223,6215.305
33224,4342.8457
33225,8763.766
33226,5327.387
33227,7222.1816
33228,8226.079
33229,6971.117
33230,3801.6772
33231,8801.964
33232,8407.175
33233,5439.423
33234,6905.0605
33235,7671.116
33236,5822.2725
33237,5142.4966
33238,5990.3354
33239,5245.2734
33240,5132.7295
33241,5806.1284
33242,4900.3726
33243,5218.435
33244,6185.5923
33245,5859.8906
33246,6777.0356
33247,5668.6646
33248,5844.228
33249,3538.705
33250,6630.4873
33251,6129.48
33252,5391.8677
33253,5806.123
33254,6180.1553
33255,7749.3477
33256,5245.864
33257,4364.945
33258,5603.8296
33259,5954.1055
33260,6457.1426
33261,4621.8975
33262,3723.67
33263,6013.3257
33264,7564.6357
33265,5185.0376
33266,6497.79
33267,5883.885
33268,5666.118
33269,4271.5713
33270,3401.9521
33271,5392.454
33272,5847.4116
33273,5536.693
33274,7829.2803
33275,7214.6973
33276,4741.5654
33277,7408.849
33278,3376.8777
33279,3148.1047
33280,5945.1675
33281,9495.033
33282,7026.162
33283,6277.476
33284,4188.4365
33285,6211.0503
33286,7998.688
33287,5080.794
33288,6469.83
33289,5077.4946
33290,4624.0493
33291,4494.6724
33292,5209.9053
33293,5214.8027
33294,4331.167
33295,4896.345
33296,4197.912
33297,6905.3374
33298,5729.236
33299,4757.4766
33300,5563.3315
33301,6866.344
33302,4905.47
33303,4444.14
33304,7112.3535
33305,6772.8804
33306,5500.0894
33307,3547.6282
33308,9033.73
33309,5337.046
33310,4835.247
33311,7302.7065
33312,7182.7354
33313,7469.2734
33314,5793.7197
33315,6243.1597
33316,7571.4863
33317,11440.29
33318,4128.421
33319,4213.5986
33320,4583.5254
33321,6485.3877
33322,5860.5503
33323,7068.5835
33324,7426.3457
33325,5346.518
33326,4137.027
33327,5230.719
33328,7922.9033
33329,4234.3374
33330,5933.18
33331,3633.088
33332,5983.722
33333,6139.017
33334,6583.7583
33335,7617.563
33336,5937.415
33337,3933.632
33338,5675.741
33339,6430.4805
33340,7148.8076
33341,6361.616
33342,6471.546
33343,5392.284
33344,4532.941
33345,8735.509
33346,3922.552
33347,8498.308
33348,5558.4834
33349,4034.6445
33350,5929.0845
33351,5265.857
33352,5983.477
33353,7057.0103
33354,3420.3018
33355,3832.288
33356,5844.1943
33357,7673.634
33358,8515.257
33359,4624.098
33360,5580.562
33361,5622.44
33362,5498.956
33363,4935.8335
33364,8317.971
33365,7545.288
33366,10492.072
33367,4036.7195
33368,5586.0317
33369,10051.419
33370,7256.3535
33371,4376.7773
33372,8143.121
33373,5894.518
33374,4470.437
33375,4649.1577
33376,4071.7112
33377,4881.8506
33378,5251.937
33379,4343.364
33380,4543.547
33381,8272.524
33382,6570.296
33383,17071.951
33384,5366.127
33385,6134.0713
33386,4042.1604
33387,3503.467
33388,3290.0999
33389,4553.691
33390,4534.597
33391,5471.6704
33392,5459.711
33393,6101.242
33394,3980.1677
33395,6267.1323
33396,4448.1265
33397,3936.5637
33398,5992.575
33399,6115.3247
33400,3427.1113
33401,6721.8325
33402,5891.4097
33403,12805.479
33404,6682.3203
33405,7369.726
33406,2477.5967
33407,4454.929
33408,2752.1428
33409,7160.0195
33410,8548.825
33411,5970.1367
33412,7454.342
33413,3544.5364
33414,4318.3164
33415,6716.4043
33416,8537.58
33417,7565.798
33418,5656.593
33419,5946.71
33420,5397.7803
33421,3335.7034
33422,5550.134
33423,5224.247
33424,4309.671
33425,8340.858
33426,2605.6729
33427,4738.4414
33428,3703.414
33429,3910.2197
33430,4791.643
33431,6590.789
33432,9251.856
33433,7611.2734
33434,6487.4233
33435,5720.952
33436,10528.842
33437,6426.6665
33438,5677.7285
33439,3433.3745
33440,2577.8079
33441,5859.9575
33442,3754.913
33443,5678.8604
33444,5072.165
33445,4317.8716
33446,8836.106
33447,4228.2266
33448,5078.488
33449,3742.59
33450,6160.5215
33451,3674.9963
33452,3770.3003
33453,6153.5444
33454,7459.776
33455,7331.2993
33456,4996.529
33457,5492.7075
33458,4478.431
33459,5828.19
33460,9517.301
33461,7651.496
33462,3368.1523
33463,3192.0027
33464,5757.5093
33465,9286.024
33466,3836.897
33467,2447.8372
33468,5731.3184
33469,4407.155
33470,4052.8667
33471,5344.1216
33472,3174.2537
33473,6505.2563
33474,3733.7217
33475,7571.0527
33476,3051.7932
33477,3308.7332
33478,6883.0386
33479,5888.8423
33480,7565.1196
33481,5085.924
33482,5721.0776
33483,6619.4604
33484,6446.0537
33485,7275.023
33486,3789.1287
33487,4908.18
33488,4148.3364
33489,4504.0977
33490,6280.0635
33491,3196.4119
33492,6835.717
33493,4676.177
33494,6283.209
33495,6401.845
33496,6727.5024
33497,6214.754
33498,4517.169
33499,4418.925
33500,3453.2737
33501,6821.622
33502,7572.295
33503,4871.2266
33504,6394.5586
33505,7320.685
33506,4034.71
33507,3990.0896
33508,6204.987
33509,3774.1577
33510,2897.247
33511,3983.6929
33512,5206.5767
33513,4626.8115
33514,3555.563
33515,5373.2256
33516,4349.0396
33517,4664.9897
33518,7854.269
33519,3705.1985
33520,6196.204
33521,7202.328
33522,3463.4348
33523,5957.332
33524,3836.015
33525,6253.935
33526,2425.589
33527,3342.3225
33528,5369.624
33529,8346.684
33530,3684.966
33531,3772.574
33532,7229.597
33533,4362.4014
33534,5461.836
33535,9210.914
33536,7671.804
33537,6177.6973
33538,5213.4844
33539,3389.4902
33540,5190.986
33541,2638.2993
33542,4841.852
33543,6442.415
33544,2871.3845
33545,3365.0918
33546,2420.9143
33547,4445.777
33548,4632.884
33549,5914.2183
33550,6811.1543
33551,6181.8706
33552,2883.837
33553,2321.447
33554,3399.1494
33555,4086.0957
33556,6484.076
33557,5242.7275
33558,4855.5557
33559,6633.707
33560,5564.616
33561,5420.7095
33562,5193.918
33563,6316.071
33564,10403.198
33565,3177.8562
33566,5390.716
33567,6222.2153
33568,7855.0557
33569,3694.6597
33570,4968.0854
33571,5868.012
33572,6675.5356
33573,7726.896
33574,7645.3174
33575,6233.776
33576,4229.3115
33577,8553.768
33578,14843.304
33579,7846.624
33580,4710.631
33581,3797.712
33582,5845.739
33583,3733.9958
33584,2479.4883
33585,16281.923
33586,17644.438
33587,2850.29
33588,2118.949
33589,9325.602
33590,4001.2727
33591,6301.5386
33592,3200.5737
33593,4393.1865
33594,6004.9917
33595,5477.6445
33596,5766.2095
33597,3243.7268
33598,7973.3994
33599,3020.2612
33600,4617.883
33601,4143.891
33602,4940.5625
33603,4575.3696
33604,6694.384
33605,5965.469
33606,5939.607
33607,4269.237
33608,3424.3958
33609,3241.9045
33610,3002.3955
33611,4192.5337
33612,6483.6187
33613,3995.1895
33614,3569.701
33615,3317.3296
33616,3955.471
33617,3559.2585
33618,4604.2437
33619,5331.5605
33620,2324.8196
33621,4167.1753
33622,7136.5854
33623,3035.9385
33624,5706.1772
33625,5451.6763
33626,2977.4773
33627,1959.6033
33628,8461.241
33629,6048.4673
33630,4582.4414
33631,9378.12
33632,5719.01
33633,3869.9243
33634,4567.2896
33635,2964.0903
33636,3798.7627
33637,3136.6472
33638,2629.2673
33639,4157.539
33640,5674.334
33641,8807.213
33642,6765.5396
33643,3228.806
33644,4389.295
33645,3312.207
33646,4156.861
33647,4085.1956
33648,8067.6685
33649,3712.685
33650,5018.008
33651,3295.6252
33652,4141.1606
33653,4424.6147
33654,6187.6816
33655,6977.5967
33656,3680.1497
33657,7377.6597
33658,7380.6577
33659,8306.625
33660,4015.0676
33661,5094.8677
33662,6808.3486
33663,6749.0654
33664,10959.2
33665,2006.0623
33666,6506.0815
33667,4695.0244
33668,8431.779
33669,5185.74
33670,6510.216
33671,5171.701
33672,5080.2075
33673,4890.459
33674,4639.841
33675,3453.2769
33676,5128.2373
33677,6034.844
33678,12516.776
33679,7912.2554
33680,7670.414
33681,8040.3213
33682,7172.637
33683,4259.633
33684,3002.2036
33685,4841.39
33686,4910.119
33687,8877.601
33688,2949.303
33689,3354.627
33690,5815.44
33691,3306.8271
33692,4987.8145
33693,3129.2263
33694,3034.0364
33695,4798.3345
33696,2441.9578
33697,5448.105
33698,5550.605
33699,5493.5513
33700,6944.7437
33701,8519.384
33702,5705.59
33703,6766.656
33704,4833.758
33705,5646.7007
33706,2948.6292
33707,3101.338
33708,4598.5815
33709,8287.411
33710,2916.1602
33711,7002.8525
33712,3952.401
33713,4137.2515
33714,4986.2827
33715,5675.4707
33716,4686.8403
33717,5200.0103
33718,7801.7285
33719,5906.8555
33720,2386.2114
33721,5148.263
33722,2772.5217
33723,5324.8115
33724,7346.1597
33725,5063.1787
33726,5536.017
33727,2534.5776
33728,3803.0664
33729,4045.331
33730,6903.9277
33731,5556.416
33732,3621.8625
33733,2833.797
33734,6059.5312
33735,5050.83
33736,4977.805
33737,5115.9443
33738,7635.0933
33739,5574.5664
33740,5330.0503
33741,4596.108
33742,5102.372
33743,4186.9824
33744,4987.201
33745,5311.47
33746,9041.23
33747,7042.016
33748,4483.9155
33749,2354.7751
33750,4625.62
33751,6276.0396
33752,5684.372
33753,3250.9976
33754,5822.3667
33755,2841.9585
33756,7305.681
33757,2813.8162
33758,4647.5703
33759,7068.7793
33760,4929.397
33761,7760.798
33762,6216.586
33763,4194.71
33764,3915.5422
33765,5458.206
33766,4334.122
33767,3027.45
33768,6680.5806
33769,7955.6616
33770,3285.0725
33771,4044.1619
33772,3775.6055
33773,5009.275
33774,3539.2622
33775,4577.107
33776,4139.2056
33777,7130.6797
33778,6615.964
33779,6845.569
33780,3653.3704
33781,2819.8586
33782,6385.0327
33783,5420.451
33784,3103.8093
33785,4557.298
33786,6304.9775
33787,2764.5398
33788,7494.3857
33789,5322.755
33790,5306.9375
33791,3749.6406
33792,3401.4167
33793,8220.33
33794,5639.73
33795,7452.01
33796,4815.235
33797,5073.3506
33798,3897.7217
33799,2705.9539
33800,5968.013
33801,6206.1055
33802,5073.6406
33803,3188.0981
33804,4039.0266
33805,3660.141
33806,4561.29
33807,4478.8115
33808,3035.9211
33809,5923.46
33810,3237.7075
33811,4118.646
33812,7232.9424
33813,6659.4204
33814,5198.007
33815,3329.1897
33816,2588.5505
33817,7120.41
33818,19319.91
33819,2347.954
33820,5892.6123
33821,4742.977
33822,3252.4214
33823,4987.3057
33824,6306.9805
33825,2841.9895
33826,6929.717
33827,4772.5166
33828,2539.313
33829,8911.865
33830,2987.5723
33831,3577.982
33832,6175.6235
33833,4797.8857
33834,7013.2397
33835,3156.4465
33836,4350.363
33837,5031.5815
33838,6528.018
33839,10460.837
33840,9007.344
33841,4088.17
33842,2989.3398
33843,5352.0796
33844,3936.312
33845,2814.6016
33846,3684.2454
33847,3285.925
33848,4980.645
33849,5016.524
33850,4707.7607
33851,3660.3926
33852,4055.0247
33853,6453.682
33854,5570.872
33855,2795.7373
33856,2982.8933
33857,5605.134
33858,8801.905
33859,4330.7827
33860,5945.1846
33861,2296.7498
33862,6238.0044
33863,3802.809
33864,3022.9998
33865,4063.0706
33866,3064.2122
33867,3757.597
33868,6125.2544
33869,3697.593
33870,5545.4614
33871,6101.522
33872,4568.039
33873,5608.396
33874,5665.729
33875,6365.252
33876,5290.37
33877,2680.7903
33878,7667.02
33879,3326.5547
33880,4214.423
33881,4847.106
33882,7953.052
33883,6879.311
33884,3678.0334
33885,3040.7966
33886,3794.2576
33887,5380.673
33888,4181.283
33889,6972.4272
33890,3147.2368
33891,3100.3735
33892,6035.9727
33893,5284.646
33894,2501.0383
33895,5759.6187
33896,7718.594
33897,2608.4175
33898,4726.3887
33899,6992.8003
33900,7011.528
33901,4008.5771
33902,4125.5547
33903,3692.8098
33904,7114.0493
33905,4379.475
33906,2897.6133
33907,11110.425
33908,7629.7935
33909,7436.354
33910,4879.863
33911,1692.0963
33912,6631.556
33913,3736.8894
33914,7688.0513
33915,5082.369
33916,4013.938
33917,6597.33
33918,3850.647
33919,5664.4863
33920,4658.5596
33921,3447.8127
33922,6495.497
33923,10301.746
33924,5172.1846
33925,3282.4067
33926,5588.1953
33927,2429.5264
33928,2183.022
33929,4592.913
33930,3342.5615
33931,4049.6245
33932,4391.498
33933,5317.599
33934,3922.1553
33935,4406.1924
33936,3880.9038
33937,6037.067
33938,5251.381
33939,5496.193
33940,4843.9907
33941,3983.8677
33942,5578.8164
33943,6815.4307
33944,5928.615
33945,6271.689
33946,4046.6047
33947,3034.1782
33948,5640.1978
33949,6478.031
33950,3937.7166
33951,3345.7039
33952,18425.316
33953,3832.9277
33954,5367.8774
33955,3477.253
33956,5575.63
33957,7605.548
33958,6654.493
33959,6080.3804
33960,6889.548
33961,4111.3296
33962,6009.02
33963,5409.9966
33964,2112.7876
33965,4473.5513
33966,2977.3777
33967,3125.169
33968,6974.815
33969,13465.961
33970,4205.804
33971,2338.996
33972,3932.3638
33973,4455.6772
33974,3715.9343
33975,1447.9901
33976,3368.8047
33977,5327.265
33978,4026.2554
33979,5730.7227
33980,12792.856
33981,4749.6094
33982,2830.0525
33983,3441.7498
33984,4489.7573
33985,4475.899
33986,6024.1816
33987,4680.2954
33988,3691.989
33989,3118.947
33990,4663.6416
33991,3005.8345
33992,6184.1826
33993,2099.3284
33994,5011.273
33995,3776.297
33996,5316.6606
33997,4523.758
33998,4300.5664
33999,3454.585
34000,2733.8691
34001,5447.627
34002,5895.4067
34003,3240.2815
34004,4854.5835
34005,3817.7732
34006,5022.653
34007,2568.7268
34008,5789.72
34009,5565.715
34010,5340.7227
34011,4312.1504
34012,3155.8083
34013,3876.0203
34014,4649.162
34015,6381.739
34016,4927.6436
34017,5098.869
34018,6613.976
34019,5559.4116
34020,2886.8262
34021,4416.38
34022,2789.7212
34023,4087.2224
34024,5384.6006
34025,7296.837
34026,6554.5474
34027,4721.8735
34028,2138.208
34029,1893.607
34030,4673.5815
34031,15515.218
34032,2556.8599
34033,4501.7437
34034,3959.9146
34035,5809.774
34036,4142.927
34037,6776.176
34038,5834.553
34039,4480.3154
34040,4541.593
34041,6135.8267
34042,3743.4436
34043,4614.312
34044,4725.203
34045,2830.633
34046,4855.9263
34047,4536.449
34048,3894.7893
34049,4990.784
34050,2749.4595
34051,2868.7327
34052,6376.3296
34053,6659.319
34054,2400.818
34055,5458.836
34056,5635.509
34057,4772.271
34058,3844.844
34059,3362.0466
34060,3377.0645
34061,3558.7324
34062,4688.1147
34063,2296.766
34064,4365.865
34065,3228.8274
34066,5365.5586
34067,3733.718
34068,3376.3396
34069,5708.758
34070,7363.536
34071,4504.7036
34072,5604.7275
34073,4465.6978
34074,5058.062
34075,5084.105
34076,5702.94
34077,3536.0461
34078,3375.2866
34079,4019.9885
34080,2921.2
34081,7756.4907
34082,5479.6616
34083,5542.9175
34084,6058.607
34085,6381.5317
34086,2605.1086
34087,5694.7373
34088,5292.495
34089,5029.5757
34090,5832.995
34091,8273.503
34092,5408.5723
34093,3946.787
34094,3818.3596
34095,3942.52
34096,3515.9988
34097,6428.5483
34098,3142.2927
34099,5387.6934
34100,6005.1406
34101,4690.924
34102,7712.7363
34103,3476.1816
34104,5603.498
34105,2538.872
34106,4909.3745
34107,4384.211
34108,1992.5115
34109,5191.0156
34110,4452.822
34111,5931.0527
34112,6454.7163
34113,3053.1677
34114,5861.327
34115,5265.2393
34116,7753.3027
34117,2404.8267
34118,2000.5133
34119,4753.9155
34120,9047.242
34121,3429.3909
34122,7304.4272
34123,4926.929
34124,2947.424
34125,4299.8813
34126,2513.862
34127,6048.121
34128,5380.5547
34129,5914.252
34130,6144.6587
34131,5869.585
34132,3498.5542
34133,5174.346
34134,2388.0527
34135,2232.581
34136,5907.0693
34137,5761.8936
34138,4774.265
34139,4870.706
34140,2974.821
34141,4552.8574
34142,4849.1777
34143,5561.6763
34144,6279.2607
34145,2422.1436
34146,3511.266
34147,2839.5303
34148,4144.227
34149,3468.027
34150,3073.956
34151,3867.2302
34152,2988.342
34153,4246.808
34154,4118.929
34155,5449.072
34156,4257.423
34157,6157.4253
34158,4055.2566
34159,2073.4448
34160,6966.963
34161,4768.3027
34162,5062.126
34163,2542.7566
34164,6165.3237
34165,4578.0503
34166,5115.2466
34167,7777.0034
34168,7013.969
34169,5619.5933
34170,5225.817
34171,4725.4375
34172,7342.8184
34173,8412.813
34174,2978.1816
34175,4561.1816
34176,5008.826
34177,5408.6084
34178,5770.765
34179,6823.086
34180,3439.695
34181,4680.6885
34182,2971.314
34183,5578.7524
34184,3486.171
34185,3053.261
34186,6360.415
34187,2773.6128
34188,5321.6885
34189,6007.7305
34190,4770.15
34191,5661.8774
34192,4034.5176
34193,4696.2563
34194,5405.0034
34195,4499.3784
34196,8254.074
34197,4612.543
34198,6394.943
34199,5196.024
34200,2850.471
34201,7689.679
34202,2893.9846
34203,7307.9673
34204,4427.0635
34205,4648.568
34206,6260.166
34207,3823.641
34208,3664.8088
34209,5572.897
34210,2482.2908
34211,2671.1008
34212,6147.537
34213,5749.7437
34214,5870.2065
34215,5234.812
34216,4511.2266
34217,3983.4077
34218,4861.9097
34219,2917.2705
34220,9785.292
34221,4996.2427
34222,7342.601
34223,4229.493
34224,2726.8347
34225,11236.419
34226,4817.849
34227,3216.622
34228,7432.1562
34229,4097.325
34230,4507.9746
34231,4633.092
34232,3827.1733
34233,2855.2024
34234,3842.1492
34235,4512.04
34236,3211.0483
34237,6923.48
34238,4430.4517
34239,17026.877
34240,6381.696
34241,4109.553
34242,3794.3625
34243,5870.117
34244,3166.4778
34245,5801.2515
34246,3874.135
34247,5738.2217
34248,5624.3926
34249,4114.205
34250,3477.1633
34251,5891.2974
34252,5427.3525
34253,4527.967
34254,6150.2817
34255,4817.7617
34256,2976.0005
34257,4569.0024
34258,7084.7495
34259,8569.038
34260,6220.4355
34261,7075.6665
34262,3594.3342
34263,5695.411
34264,2476.5308
34265,6840.093
34266,8674.624
34267,8990.804
34268,5102.635
34269,3178.9204
34270,4067.7397
34271,5689.1997
34272,8688.842
34273,5262.6836
34274,4824.729
34275,4223.901
34276,5642.4688
34277,2856.224
34278,7070.964
34279,4129.303
34280,5583.8047
34281,6806.193
34282,3716.9482
34283,8247.181
34284,4625.92
34285,4078.2805
34286,3982.154
34287,6242.7305
34288,9406.392
34289,5480.906
34290,6051.8145
34291,5801.019
34292,8723.918
34293,6238.1294
34294,5371.878
34295,3051.7961
34296,3230.3525
34297,4729.243
34298,5747.5503
34299,7672.909
34300,7401.419
34301,3580.1978
34302,6309.8745
34303,5522.0625
34304,5285.6035
34305,3111.455
34306,8565.59
34307,3253.8706
34308,5030.2905
34309,5284.1924
34310,5270.093
34311,5134.419
34312,3892.8987
34313,5844.93
34314,4902.5376
34315,5206.299
34316,7247.79
34317,6646.837
34318,5682.3066
34319,3463.9106
34320,5307.6973
34321,9622.586
34322,4939.3
34323,3413.8833
34324,6514.688
34325,4059.669
34326,6658.7344
34327,8391.889
34328,2987.5496
34329,6814.995
34330,4915.419
34331,5901.1167
34332,4935.358
34333,3123.175
34334,5427.0474
34335,4654.718
34336,6784.1562
34337,4899.7837
34338,4376.99
34339,4911.2104
34340,5819.563
34341,5707.429
34342,4581.4795
34343,7223.084
34344,4227.1094
34345,5293.8584
34346,5550.547
34347,3123.613
34348,5228.0757
34349,5494.6777
34350,6163.966
34351,7541.64
34352,7531.9
34353,4965.944
34354,7239.092
34355,4033.5554
34356,3712.9473
34357,7612.196
34358,5870.6543
34359,6600.9243
34360,7804.862
34361,7011.8687
34362,5385.607
34363,5444.7905
34364,7107.769
34365,3851.9475
34366,2937.0554
34367,4684.476
34368,4516.8286
34369,6363.0303
34370,3421.8552
34371,5016.878
34372,6606.398
34373,4123.879
34374,5811.331
34375,3447.303
34376,6020.4824
34377,6379.128
34378,3853.8145
34379,5074.788
34380,3375.0354
34381,6448.237
34382,3429.1357
34383,4116.8945
34384,4227.565
34385,7225.578
34386,5496.14
34387,5553.6504
34388,9923.888
34389,3963.4026
34390,5208.3945
34391,9052.499
34392,5677.8965
34393,6883.5967
34394,5194.1064
34395,5135.3594
34396,5838.478
34397,4442.0293
34398,5699.8237
34399,6026.078
34400,4205.692
34401,2796.9124
34402,3538.0063
34403,7637.5625
34404,8440.711
34405,5394.44
34406,5946.177
34407,4593.728
34408,3144.035
34409,2277.4458
34410,3334.717
34411,5416.9883
34412,6371.1924
34413,4795.9185
34414,4544.262
34415,7337.3296
34416,7160.9824
34417,6615.4717
34418,5322.1255
34419,5928.061
34420,7746.1997
34421,3564.2805
34422,5320.841
34423,5006.648
34424,6320.5483
34425,3432.389
34426,4778.256
34427,4694.089
34428,6664.733
34429,5980.909
34430,7354.0327
34431,7082.6753
34432,5520.425
34433,6705.254
34434,14486.939
34435,9107.892
34436,5091.545
34437,2986.3186
34438,6007.6787
34439,7431.1636
34440,2999.753
34441,11527.552
34442,13304.51
34443,4795.653
34444,2599.4866
34445,7121.443
34446,3733.7466
34447,7341.278
34448,3364.8574
34449,5345.5845
34450,3971.3425
34451,6885.7114
34452,6582.2324
34453,4899.681
34454,7312.2554
34455,6106.89
34456,5978.0405
34457,6161.726
34458,5725.308
34459,4325.6304
34460,7969.9097
34461,4642.014
34462,5428.0464
34463,4280.884
34464,3361.62
34465,3789.4973
34466,4971.1763
34467,4229.2793
34468,6577.431
34469,6200.993
34470,5352.4214
34471,4416.0176
34472,4114.0874
34473,3916.1997
34474,4357.7515
34475,5049.361
34476,3696.602
34477,4383.3745
34478,6016.8887
34479,6215.3584
34480,6056.989
34481,5557.1265
34482,3206.4048
34483,3325.5266
34484,8148.3267
34485,4924.913
34486,5821.5894
34487,11773.501
34488,6901.268
34489,5019.5537
34490,4581.0034
34491,2939.414
34492,3964.2988
34493,3752.804
34494,3818.4324
34495,6368.8105
34496,5502.524
34497,10057.508
34498,8993.291
34499,5567.69
34500,5350.099
34501,3782.5955
34502,5184.0884
34503,4660.271
34504,11449.656
34505,6268.543
34506,6441.61
34507,3714.4067
34508,5164.509
34509,5367.8057
34510,5298.334
34511,5810.4775
34512,4372.738
34513,6733.5884
34514,5312.448
34515,7576.2036
34516,6090.55
34517,6038.2876
34518,6776.5894
34519,6852.317
34520,9067.016
34521,3483.877
34522,5101.1265
34523,5186.789
34524,7946.9097
34525,6311.6562
34526,6470.1016
34527,7257.5303
34528,8591.125
34529,4873.8667
34530,6266.337
34531,4913.6846
34532,3874.4492
34533,10866.483
34534,13384.182
34535,6317.987
34536,6966.265
34537,7073.406
34538,6804.2974
34539,6819.2476
34540,3304.0933
34541,4592.751
34542,5481.9253
34543,7227.612
34544,2994.0806
34545,4332.01
34546,5073.801
34547,3885.4417
34548,4733.7925
34549,3526.6978
34550,3189.6526
34551,5708.453
34552,2868.571
34553,4206.5225
34554,5040.7324
34555,5178.795
34556,7809.01
34557,8526.944
34558,5928.819
34559,6297.879
34560,6022.1997
34561,7630.2446
34562,6068.196
34563,3323.7695
34564,4489.4062
34565,7831.0947
34566,3864.5051
34567,6286.938
34568,3547.2932
34569,4297.8516
34570,6404.606
34571,6174.01
34572,5425.0493
34573,7538.052
34574,8300.526
34575,6102.9478
34576,4134.4546
34577,8413.006
34578,2650.5364
34579,4361.9272
34580,5571.5786
34581,4261.726
34582,5803.0337
34583,2924.9158
34584,4777.7227
34585,5754.9946
34586,8213.755
34587,9064.88
34588,3805.3347
34589,3779.4324
34590,9000.997
34591,6638.41
34592,5677.0513
34593,4904.1416
34594,5779.97
34595,6510.0356
34596,5101.316
34597,4484.0693
34598,6820.8735
34599,5697.155
34600,9636.022
34601,6516.0117
34602,10493.333
34603,5734.2056
34604,4974.1265
34605,2705.4932
34606,5368.656
34607,5421.6816
34608,5208.9214
34609,4748.545
34610,5242.5625
34611,2912.8418
34612,6844.413
34613,3743.7185
34614,7420.1787
34615,6454.6426
34616,5347.5737
34617,6683.487
34618,5079.384
34619,5441.7373
34620,6062.1387
34621,5043.965
34622,5328.5356
34623,4222.1445
34624,7650.4453
34625,6214.7656
34626,3620.5151
34627,4294.532
34628,5816.0225
34629,5529.1777
34630,3861.7156
34631,5570.1177
34632,4370.8735
34633,5448.027
34634,5987.068
34635,7185.387
34636,4570.493
34637,4288.899
34638,6098.566
34639,5022.9736
34640,3450.7017
34641,4757.1772
34642,7502.489
34643,5819.0576
34644,9503.269
34645,7796.187
34646,7500.807
34647,4279.124
34648,4383.0483
34649,8689.521
34650,7184.27
34651,6411.433
34652,5085.376
34653,6106.686
34654,4189.212
34655,2859.44
34656,9625.459
34657,5679.288
34658,5356.4766
34659,4011.9053
34660,3346.8596
34661,7739.3833
34662,5897.2007
34663,4857.886
34664,3910.9172
34665,5446.5825
34666,4483.4023
34667,4485.866
34668,6043.456
34669,5142.2905
34670,4230.768
34671,3586.6277
34672,2728.7292
34673,5885.984
34674,14635.396
34675,4272.288
34676,5336.3125
34677,5619.8506
34678,3383.2297
34679,4233.17
34680,5577.3374
34681,3399.853
34682,8767.018
34683,6489.8555
34684,2777.6843
34685,6958.6743
34686,3261.0613
34687,3976.813
34688,6767.2754
34689,6718.2686
34690,8448.629
34691,3816.8264
34692,4875.103
34693,4018.2324
34694,5434.211
34695,12134.445
34696,8924.727
34697,5577.534
34698,3584.9688
34699,5141.3438
34700,4368.2935
34701,2903.071
34702,6417.3984
34703,3981.2651
34704,6256.817
34705,6406.17
34706,4752.351
34707,3970.6343
34708,4707.8774
34709,6635.7764
34710,5956.5483
34711,2973.116
34712,4882.731
34713,6266.062
34714,7377.322
34715,5624.693
34716,6631.164
34717,2569.603
34718,8489.388
34719,4443.9663
34720,3871.3533
34721,4408.921
34722,4839.465
34723,4176.352
34724,6623.648
34725,4760.9175
34726,6422.5547
34727,5426.4155
34728,4815.3774
34729,6029.5454
34730,4772.1113
34731,7511.876
34732,5316.2754
34733,3192.2097
34734,8423.975
34735,3862.666
34736,3968.2866
34737,5783.3896
34738,6672.6963
34739,7972.2437
34740,3582.3364
34741,4553.413
34742,5572.1313
34743,5594.3604
34744,5457.7583
34745,6787.703
34746,3010.7622
34747,5388.14
34748,5438.743
34749,4518.8022
34750,3738.1409
34751,6469.6143
34752,6277.093
34753,3729.3755
34754,5430.092
34755,6894.8003
34756,7909.3804
34757,4200.985
34758,4193.5337
34759,4634.5503
34760,6531.6865
34761,4641.461
34762,3015.1943
34763,7593.7764
34764,6545.7627
34765,6322.5625
34766,4596.652
34767,3104.375
34768,6122.486
34769,3882.5518
34770,8176.6025
34771,5031.869
34772,4370.436
34773,7372.1025
34774,4450.1895
34775,5159.856
34776,7872.419
34777,3774.615
34778,6572.634
34779,8808.17
34780,5695.8564
34781,3529.3127
34782,4911.693
34783,2875.5635
34784,2480.7104
34785,4865.9043
34786,5726.2856
34787,5384.7236
34788,3898.9749
34789,5568.402
34790,4128.145
34791,8731.36
34792,4528.9
34793,5433.7603
34794,5220.342
34795,5196.738
34796,5543.822
34797,5023.8843
34798,6334.986
34799,7641.395
34800,6774.903
34801,6772.0537
34802,5487.738
34803,3089.402
34804,4701.079
34805,8816.701
34806,6139.7197
34807,4344.7686
34808,14267.087
34809,4106.34
34810,5216.1855
34811,4139.5137
34812,7030.6807
34813,8059.5312
34814,6344.6064
34815,6733.2607
34816,7363.7188
34817,6203.726
34818,6340.239
34819,4854.782
34820,2654.783
34821,4638.4863
34822,3048.6333
34823,3350.2615
34824,7049.489
34825,16362.794
34826,5215.1157
34827,3488.5427
34828,4697.5645
34829,4037.8364
34830,5681.5693
34831,2496.4958
34832,5709.907
34833,5921.6973
34834,4460.7295
34835,7669.5215
34836,10708.044
34837,5152.498
34838,4251.9644
34839,3639.7656
34840,4699.6484
34841,4586.5215
34842,7232.5493
34843,4199.218
34844,4173.067
34845,4837.9463
34846,5013.3667
34847,5451.775
34848,5922.1777
34849,2982.1707
34850,6586.1826
34851,4297.6343
34852,5686.8774
34853,3889.8472
34854,3875.569
34855,5222.8867
34856,4066.215
34857,6765.6685
34858,4870.214
34859,3597.1091
34860,5195.5186
34861,5632.472
34862,4578.893
34863,5155.6396
34864,5386.1
34865,5643.685
34866,5847.579
34867,5838.8286
34868,3429.1162
34869,3844.7961
34870,6986.627
34871,5484.572
34872,4435.2593
34873,4968.2515
34874,10501.764
34875,6711.339
34876,4176.9497
34877,3853.1824
34878,4436.169
34879,5901.1396
34880,5046.2217
34881,7470.9404
34882,5697.9863
34883,4964.656
34884,3744.3757
34885,2528.0618
34886,4746.8877
34887,13277.054
34888,2711.6055
34889,4627.465
34890,5983.2373
34891,6196.0146
34892,4994.9326
34893,7280.146
34894,5307.955
34895,6001.253
34896,3954.1545
34897,5231.6475
34898,3794.7317
34899,4684.686
34900,6781.316
34901,4254.857
34902,6211.198
34903,5834.5254
34904,3526.2505
34905,6254.317
34906,5497.75
34907,3059.597
34908,6750.4497
34909,5928.496
34910,4388.9097
34911,8490.198
34912,6185.38
34913,6824.108
34914,3627.1733
34915,3722.292
34916,4310.5303
34917,3223.9304
34918,5813.56
34919,2780.5078
34920,5062.5366
34921,3198.8857
34922,5848.2876
34923,3966.035
34924,4557.572
34925,5029.182
34926,6589.2676
34927,4357.943
34928,6530.5405
34929,4923.875
34930,5645.489
34931,6300.5527
34932,6592.625
34933,3454.806
34934,4955.0327
34935,5096.1704
34936,4519.5396
34937,9208.982
34938,5513.7046
34939,6350.2974
34940,7076.5034
34941,6669.986
34942,2732.0466
34943,7656.6577
34944,6016.0107
34945,5654.489
34946,6101.4634
34947,7970.2515
34948,7434.9497
34949,4536.5747
34950,4215.0015
34951,4004.7056
34952,5254.9033
34953,5542.2676
34954,3525.4163
34955,5167.446
34956,6539.1733
34957,4762.103
34958,7137.164
34959,4625.064
34960,6295.909
34961,2882.2651
34962,4291.6816
34963,4970.688
34964,3790.0938
34965,5370.9146
34966,6588.5137
34967,5976.906
34968,5185.4233
34969,3221.2683
34970,5929.3784
34971,5669.1455
34972,6181.682
34973,3337.5178
34974,2495.5933
34975,5003.855
34976,6603.273
34977,3583.666
34978,6696.242
34979,6017.5317
34980,5438.707
34981,4252.682
34982,2572.0508
34983,5438.826
34984,6036.238
34985,5417.949
34986,6719.0186
34987,6453.3066
34988,3592.5002
34989,5965.9585
34990,2689.0781
34991,2246.936
34992,5977.191
34993,9566.975
34994,5345.4727
34995,4666.8545
34996,3289.9336
34997,4534.896
34998,8592.846
34999,5056.6147
35000,6459.2925
35001,4235.121
35002,4090.928
35003,2999.1748
35004,3980.0957
35005,3469.6982
35006,3231.678
35007,5007.8276
35008,3195.4973
35009,7029.3125
35010,4859.6426
35011,4926.1396
35012,4013.5283
35013,7014.839
35014,4725.0093
35015,3788.019
35016,7624.89
35017,5828.1846
35018,5790.438
35019,2602.1404
35020,7283.862
35021,5614.803
35022,4822.5664
35023,7839.375
35024,7971.3237
35025,6245.804
35026,5918.185
35027,4852.3193
35028,7114.002
35029,11021.19
35030,3345.388
35031,3937.7805
35032,4997.9873
35033,5937.3926
35034,5758.8438
35035,8441.54
35036,5998.929
35037,5930.3516
35038,3041.2434
35039,5107.568
35040,5547.08
35041,3136.4138
35042,6214.4277
35043,3093.292
35044,5982.7637
35045,5781.8228
35046,5335.992
35047,5427.782
35048,4072.111
35049,4411.428
35050,6164.8125
35051,5352.6973
35052,7244.3896
35053,5157.164
35054,7067.114
35055,5093.0264
35056,3516.3745
35057,7878.218
35058,2877.9856
35059,6998.639
35060,5831.287
35061,4446.061
35062,5850.5137
35063,4017.6997
35064,4610.1455
35065,6111.948
35066,3053.8086
35067,2749.7244
35068,5674.512
35069,5120.778
35070,8170.428
35071,5130.9233
35072,4781.1284
35073,4708.6006
35074,5514.5513
35075,3113.8425
35076,9144.449
35077,5993.5356
35078,11224.786
35079,5161.618
35080,4855.2407
35081,8111.308
35082,6432.0386
35083,3427.4548
35084,8458.739
35085,5915.73
35086,4479.5337
35087,4632.7114
35088,4136.8374
35089,3505.4595
35090,4015.7073
35091,4152.4736
35092,3276.6157
35093,7765.0405
35094,5314.83
35095,16348.599
35096,5960.9585
35097,5109.273
35098,7589.265
35099,10109.297
35100,5820.107
35101,7517.732
35102,6008.16
35103,8330.642
35104,8207.2705
35105,5498.29
35106,5862.5576
35107,7615.703
35108,8094.854
35109,7276.5913
35110,8105.7246
35111,6082.741
35112,5082.568
35113,6144.102
35114,10544.409
35115,11222.003
35116,9530.29
35117,8273.668
35118,5012.779
35119,6730.7437
35120,4576.003
35121,8570.885
35122,10699.162
35123,9859.986
35124,6296.137
35125,5375.1733
35126,4951.8247
35127,6576.415
35128,10056.242
35129,7284.612
35130,5666.94
35131,5487.3716
35132,7687.296
35133,4498.786
35134,8188.7935
35135,4888.2812
35136,7432.8936
35137,7975.8184
35138,6180.108
35139,8151.086
35140,6677.128
35141,5584.119
35142,6289.583
35143,7396.3027
35144,11199.495
35145,6987.44
35146,8430.911
35147,7762.8335
35148,10271.488
35149,7390.922
35150,9762.024
35151,5218.7085
35152,5356.078
35153,6969.103
35154,7215.3857
35155,9665.505
35156,8188.2466
35157,5608.856
35158,7460.943
35159,6666.9453
35160,10599.038
35161,4698.698
35162,12772.436
35163,5113.6807
35164,6628.704
35165,8039.585
35166,6474.429
35167,6443.933
35168,7674.2705
35169,7719.3823
35170,6201.153
35171,6086.566
35172,8464.284
35173,7593.682
35174,7519.1733
35175,5211.1377
35176,7754.1978
35177,10861.811
35178,7083.256
35179,5475.832
35180,7957.5435
35181,6343.8257
35182,6942.863
35183,7641.162
35184,4722.1436
35185,7935.283
35186,7150.0215
35187,7793.362
35188,7775.4233
35189,5372.114
35190,6797.3438
35191,6070.5347
35192,8118.6147
35193,8140.7837
35194,5588.2803
35195,5803.5205
35196,6912.1045
35197,6673.1167
35198,6519.518
35199,8930.219
35200,7391.662
35201,7772.7466
35202,6567.495
35203,5372.8667
35204,6822.741
35205,9066.887
35206,8000.641
35207,8961.738
35208,8908.874
35209,6692.1685
35210,9299.319
35211,6479.9834
35212,7855.4077
35213,9744.2295
35214,7322.7314
35215,9803.825
35216,9323.564
35217,8516.743
35218,7033.5176
35219,8086.7974
35220,8299.807
35221,6614.4937
35222,4962.942
35223,6555.135
35224,7987.8013
35225,7316.6714
35226,5800.549
35227,7893.765
35228,6871.717
35229,7068.82
35230,6986.7
35231,5576.045
35232,7491.963
35233,7678.151
35234,7309.4033
35235,6312.734
35236,5943.7217
35237,7617.4395
35238,4246.0347
35239,6825.5527
35240,5415.6343
35241,8735.866
35242,7198.7227
35243,6697.762
35244,9560.763
35245,5855.013
35246,6087.1055
35247,10487.1
35248,6990.6797
35249,7800.1587
35250,8352.752
35251,6247.1387
35252,6874.9946
35253,5922.539
35254,7986.6357
35255,10125.47
35256,6639.9805
35257,3631.307
35258,5933.1123
35259,8357.135
35260,9350.441
35261,6631.1133
35262,7181.7354
35263,5354.3057
35264,5399.8403
35265,3659.834
35266,5483.9233
35267,7023.9443
35268,7338.6313
35269,7165.348
35270,7153.7324
35271,8530.865
35272,8781.052
35273,7850.2246
35274,6204.892
35275,9449.752
35276,9396.949
35277,6324.746
35278,8075.552
35279,5503.275
35280,7108.1216
35281,4802.011
35282,7062.5117
35283,5605.369
35284,8732.126
35285,7505.6953
35286,9348.363
35287,8505.865
35288,6988.78
35289,8193.372
35290,15792.754
35291,11931.989
35292,6956.08
35293,3645.9478
35294,6890.724
35295,9880.509
35296,6538.331
35297,11268.078
35298,14465.002
35299,4432.0957
35300,5835.733
35301,8268.406
35302,6079.3306
35303,9389.89
35304,6951.1255
35305,8132.8213
35306,4545.125
35307,7292.781
35308,7941.1436
35309,7514.635
35310,8276.763
35311,7000.4414
35312,6871.2773
35313,7290.242
35314,5782.165
35315,6227.975
35316,8141.343
35317,6053.437
35318,6798.4785
35319,7431.8867
35320,5756.318
35321,6103.53
35322,7387.9194
35323,6622.985
35324,8421.685
35325,7356.6562
35326,7437.78
35327,6556.7856
35328,5052.218
35329,7757.046
35330,6912.032
35331,5870.9624
35332,5297.359
35333,7529.594
35334,7850.629
35335,8252.012
35336,8163.5737
35337,6854.834
35338,5383.645
35339,5551.9287
35340,10625.719
35341,6197.457
35342,8018.625
35343,14741.106
35344,7806.954
35345,7002.0645
35346,5667.702
35347,5032.8867
35348,7523.9873
35349,4976.7793
35350,6210.12
35351,9273.802
35352,6310.489
35353,14061.1875
35354,12593.533
35355,5935.343
35356,7954.933
35357,5619.448
35358,7885.217
35359,6223.3315
35360,13152.381
35361,7929.753
35362,8482.492
35363,5531.71
35364,7738.195
35365,6133.065
35366,9559.65
35367,7454.3984
35368,6697.986
35369,7093.952
35370,6161.8965
35371,8510.394
35372,9078.595
35373,6693.8027
35374,10114.756
35375,7821.6743
35376,9702.82
35377,5381.2065
35378,6058.3237
35379,6491.626
35380,10620.825
35381,7679.4106
35382,8642.096
35383,7311.7183
35384,9094.246
35385,5628.8955
35386,8589.077
35387,7245.1846
35388,4900.078
35389,14309.141
35390,15758.194
35391,8071.055
35392,8133.76
35393,9846.436
35394,10451.433
35395,10445.514
35396,6482.623
35397,7798.2393
35398,6501.1187
35399,9030.948
35400,4927.1123
35401,6253.8755
35402,6008.3433
35403,6077.1157
35404,7598.109
35405,5230.6343
35406,5567.531
35407,6841.5806
35408,4975.669
35409,5264.8223
35410,5988.9355
35411,6730.6797
35412,9307.696
35413,9878.982
35414,7758.363
35415,7165.7173
35416,7347.4634
35417,10608.939
35418,7752.105
35419,5808.7266
35420,5339.801
35421,8671.108
35422,5562.992
35423,7303.0757
35424,4009.1394
35425,5727.985
35426,8896.35
35427,6667.378
35428,6680.797
35429,9032.353
35430,9776.065
35431,9463.19
35432,6740.3613
35433,10300.714
35434,4101.6226
35435,5941.6357
35436,6622.6753
35437,5258.288
35438,7225.296
35439,5592.1943
35440,6451.239
35441,8389.096
35442,10918.584
35443,9076.819
35444,6353.957
35445,5882.9697
35446,11285.674
35447,7896.438
35448,6920.6216
35449,5957.014
35450,6821.5176
35451,9083.106
35452,5625.632
35453,7229.6387
35454,8339.673
35455,8490.312
35456,13295.364
35457,7311.3555
35458,12203.502
35459,7351.1084
35460,6143.3403
35461,3954.973
35462,7088.115
35463,7046.0537
35464,5720.3843
35465,7732.7056
35466,5947.419
35467,4957.666
35468,7092.295
35469,5212.813
35470,8232.358
35471,7207.3794
35472,8050.3276
35473,8149.205
35474,6616.3804
35475,7918.5215
35476,7360.924
35477,5965.3267
35478,6268.029
35479,6748.0547
35480,11467.754
35481,6973.1455
35482,5352.8657
35483,7448.322
35484,9267.152
35485,7513.517
35486,7004.4756
35487,8494.863
35488,6925.151
35489,6423.5103
35490,6980.765
35491,8746.905
35492,6683.888
35493,7463.576
35494,7132.2715
35495,6029.0796
35496,4774.7295
35497,6073.691
35498,8719.967
35499,9352.537
35500,10844.068
35501,12769.622
35502,8976.914
35503,6209.0244
35504,5902.8057
35505,11184.37
35506,10368.439
35507,8253.515
35508,8510.175
35509,9158.371
35510,6355.418
35511,4474.883
35512,10882.622
35513,6289.673
35514,6861.5977
35515,6570.5337
35516,4002.1086
35517,10807.518
35518,6761.978
35519,5905.7173
35520,5656.0693
35521,5824.5996
35522,6531.481
35523,8224.455
35524,7246.463
35525,5689.9536
35526,4967.5024
35527,4593.4697
35528,4219.6724
35529,7916.46
35530,15978.835
35531,5719.1567
35532,6128.0244
35533,6770.6846
35534,5169.1465
35535,5485.2153
35536,6318.6436
35537,4934.299
35538,7553.3096
35539,8137.329
35540,4739.1963
35541,8493.397
35542,5583.3257
35543,5905.3853
35544,8470.405
35545,8452.603
35546,9954.079
35547,6511.0356
35548,6693.292
35549,5305.3433
35550,6173.827
35551,12900.469
35552,9811.225
35553,7433.191
35554,5224.9297
35555,5852.6846
35556,6348.5957
35557,5108.932
35558,10049.76
35559,5681.97
35560,6347.3604
35561,7945.659
35562,6104.3857
35563,6676.9683
35564,7146.953
35565,8124.2075
35566,8042.3613
35567,4806.0254
35568,6269.452
35569,7626.105
35570,9345.689
35571,8409.283
35572,7969.446
35573,4871.138
35574,8162.1333
35575,5819.224
35576,6712.888
35577,7490.7554
35578,7516.4272
35579,7004.93
35580,7970.373
35581,7004.1953
35582,7249.0483
35583,6212.567
35584,7017.6226
35585,7846.115
35586,6259.127
35587,9213.507
35588,6883.656
35589,6031.2075
35590,10040.773
35591,5924.4883
35592,4848.063
35593,8238.006
35594,8413.512
35595,10539.663
35596,5502.8706
35597,7104.312
35598,6583.501
35599,7299.9556
35600,6843.767
35601,7985.333
35602,3718.1504
35603,6728.478
35604,6663.366
35605,6040.9375
35606,4939.851
35607,7915.0557
35608,7699.543
35609,5858.544
35610,8471.755
35611,8193.544
35612,9455.559
35613,5518.8716
35614,6694.8755
35615,6799.192
35616,8315.178
35617,7855.033
35618,5235.2314
35619,7424.1855
35620,8520.79
35621,7613.6045
35622,5847.6904
35623,4175.03
35624,7137.879
35625,6945.161
35626,9757.687
35627,7613.735
35628,6034.735
35629,9029.295
35630,6875.7817
35631,6613.4907
35632,8059.7007
35633,5967.296
35634,8133.845
35635,11169.36
35636,8114.2256
35637,5267.093
35638,6391.9976
35639,5122.864
35640,3728.3757
35641,8539.046
35642,6470.528
35643,9342.044
35644,5123.6655
35645,7620.2007
35646,6925.772
35647,10839.395
35648,5375.4507
35649,6450.722
35650,6641.1143
35651,8324.986
35652,6114.578
35653,8084.777
35654,8516.013
35655,9206.163
35656,7478.3193
35657,8245.584
35658,6968.857
35659,5019.2524
35660,6144.348
35661,10716.523
35662,9821.842
35663,7345.438
35664,14536.891
35665,6659.268
35666,6430.505
35667,6604.6904
35668,8462.371
35669,9634.837
35670,7855.37
35671,8124.479
35672,8765.956
35673,7361.268
35674,7706.0156
35675,6282.634
35676,5852.406
35677,6101.475
35678,5048.157
35679,5732.428
35680,8658.398
35681,15738.054
35682,7529.551
35683,6520.4697
35684,7436.361
35685,4869.517
35686,7243.0146
35687,4694.071
35688,9711.515
35689,7044.871
35690,7266.424
35691,11199.495
35692,12105.501
35693,6642.9834
35694,8043.205
35695,4538.271
35696,6409.727
35697,5937.7437
35698,8657.003
35699,5615.285
35700,4970.389
35701,5851.6855
35702,5995.1367
35703,7448.1587
35704,7160.0264
35705,4400.975
35706,8072.695
35707,7195.2563
35708,8018.1504
35709,5205.077
35710,5197.655
35711,8120.009
35712,4779.341
35713,9656.328
35714,5987.439
35715,5959.5205
35716,7606.868
35717,6664.866
35718,5406.014
35719,6912.164
35720,7166.5854
35721,9525.256
35722,10438.273
35723,7190.735
35724,4644.2197
35725,6314.065
35726,7555.111
35727,6226.223
35728,6015.3853
35729,6514.6943
35730,11674.542
35731,8522.7
35732,7288.254
35733,7258.299
35734,5014.046
35735,9304.306
35736,6134.668
35737,11863.235
35738,7372.391
35739,6302.314
35740,5727.881
35741,4629.9106
35742,7581.0825
35743,15434.986
35744,4708.286
35745,6074.8613
35746,10065.713
35747,8006.8857
35748,7336.735
35749,8354.106
35750,6830.255
35751,5777.159
35752,5309.7935
35753,8759.779
35754,6162.79
35755,6773.83
35756,7800.2705
35757,5589.4907
35758,8256.216
35759,7021.285
35760,4334.1177
35761,9245.091
35762,8814.179
35763,4881.888
35764,8064.3066
35765,7284.4663
35766,5583.501
35767,9852.964
35768,7205.922
35769,8693.898
35770,5494.29
35771,5799.293
35772,7002.0444
35773,4934.374
35774,8277.221
35775,4617.923
35776,6419.9697
35777,5452.638
35778,6950.8335
35779,6199.6504
35780,7236.814
35781,8198.828
35782,8358.522
35783,7336.028
35784,8138.905
35785,6813.097
35786,7477.4707
35787,8910.021
35788,7922.4194
35789,4132.629
35790,6766.611
35791,7448.265
35792,5051.119
35793,10759.446
35794,6823.75
35795,8493.462
35796,9572.231
35797,7379.475
35798,4871.7007
35799,11242.39
35800,10109.026
35801,6841.5938
35802,8150.915
35803,9384.9375
35804,6807.7964
35805,5965.452
35806,7323.4927
35807,6591.185
35808,5944.2603
35809,7374.8174
35810,5771.6733
35811,6518.0757
35812,7857.9404
35813,6963.262
35814,8655.9375
35815,6769.806
35816,6888.523
35817,4288.7515
35818,8516.167
35819,7348.353
35820,6448.2124
35821,7068.334
35822,7664.593
35823,9068.858
35824,6354.6846
35825,5467.387
35826,7153.985
35827,7579.0366
35828,7779.8374
35829,5477.514
35830,4901.607
35831,7774.5854
35832,6662.807
35833,6486.897
35834,8176.166
35835,7413.3804
35836,6766.8105
35837,5421.1284
35838,4448.5215
35839,7627.2617
35840,7489.369
35841,6722.095
35842,9379.067
35843,7928.4443
35844,5797.91
35845,8764.944
35846,4178.456
35847,4043.9382
35848,7449.047
35849,10967.983
35850,8379.012
35851,7610.7437
35852,5363.0513
35853,7780.8022
35854,9754.635
35855,6264.329
35856,8136.049
35857,6176.1714
35858,4873.448
35859,5496.4023
35860,6188.2656
35861,6234.9175
35862,5104.616
35863,6413.482
35864,5188.6196
35865,7710.3975
35866,7508.359
35867,6225.3086
35868,6634.068
35869,8569.8955
35870,5844.289
35871,5335.066
35872,9162.862
35873,8324.479
35874,7035.893
35875,4386.227
35876,12036.608
35877,6915.0854
35878,6313.7456
35879,9260.411
35880,8394.53
35881,8276.281
35882,7167.303
35883,7406.6943
35884,10352.372
35885,13707.745
35886,5259.231
35887,5381.489
35888,5974.398
35889,7057.071
35890,7598.254
35891,9078.725
35892,8992.631
35893,6406.8726
35894,5100.1826
35895,6652.513
35896,9323.103
35897,5295.707
35898,7399.3438
35899,4644.5386
35900,7723.1455
35901,8004.5264
35902,7938.8794
35903,9047.242
35904,7010.197
35905,4821.251
35906,7210.2944
35907,8062.061
35908,8748.099
35909,7642.2188
35910,8164.1655
35911,7158.039
35912,5275.9526
35913,9854.195
35914,5046.7754
35915,10002.226
35916,6837.1577
35917,5112.8467
35918,7051.2236
35919,6559.7446
35920,7242.1445
35921,8335.8955
35922,4322.2153
35923,4800.715
35924,7322.4243
35925,9910.522
35926,9777.445
35927,5981.457
35928,7123.175
35929,7346.419
35930,6850.056
35931,6248.0923
35932,10363.121
35933,8790.445
35934,11362.334
35935,5039.2324
35936,6596.676
35937,8857.547
35938,9011.133
35939,5670.503
35940,10231.732
35941,6850.239
35942,5713.1104
35943,6045.1626
35944,5047.0737
35945,5823.689
35946,6689.5776
35947,5448.744
35948,5768.371
35949,10422.783
35950,7670.297
35951,17112.46
35952,6869.115
35953,4971.8164
35954,7649.876
35955,10077.788
35956,6139.5093
35957,7459.363
35958,6096.7803
35959,8300.004
35960,8199.337
35961,5381.5503
35962,5913.0
35963,7469.6436
35964,8055.735
35965,7242.3657
35966,8098.9546
35967,5957.213
35968,5108.986
35969,6042.9546
35970,10403.765
35971,11368.7295
35972,9681.411
35973,8073.5957
35974,5096.7734
35975,6528.784
35976,4598.6475
35977,8544.024
35978,10337.0205
35979,9783.164
35980,6338.153
35981,5397.4355
35982,5027.719
35983,6399.6904
35984,10083.941
35985,7144.99
35986,5606.0854
35987,5463.4463
35988,7637.934
35989,4548.7983
35990,7930.2744
35991,4846.6206
35992,7419.846
35993,7815.403
35994,6205.863
35995,7903.0464
35996,6652.4307
35997,5603.1504
35998,6349.6978
35999,7217.994
36000,10922.531
36001,6807.056
36002,8498.98
36003,7722.269
36004,9912.952
36005,7243.6504
36006,9782.978
36007,5273.844
36008,5359.339
36009,7075.16
36010,7019.2227
36011,9400.383
36012,8045.929
36013,5690.4097
36014,7334.6426
36015,6703.2266
36016,10492.433
36017,4646.134
36018,12766.772
36019,5158.0303
36020,6637.9795
36021,8141.661
36022,6371.071
36023,6407.6426
36024,7721.746
36025,7536.9946
36026,5980.025
36027,5942.69
36028,8204.766
36029,7353.605
36030,7490.948
36031,5177.891
36032,7710.2725
36033,10519.938
36034,7045.7983
36035,5617.5244
36036,7654.124
36037,6354.927
36038,6713.919
36039,7351.6553
36040,4753.7524
36041,7768.848
36042,7117.5923
36043,7654.9414
36044,7789.364
36045,5209.6865
36046,6704.889
36047,5990.341
36048,7864.779
36049,8138.02
36050,5551.3467
36051,5788.936
36052,6757.89
36053,6475.1826
36054,6484.398
36055,8898.548
36056,7400.5576
36057,7733.2734
36058,6450.7837
36059,5210.417
36060,6705.2217
36061,9164.427
36062,8058.7627
36063,8541.286
36064,8667.661
36065,6549.504
36066,9157.009
36067,6481.3184
36068,7884.382
36069,9538.557
36070,7180.1875
36071,9751.983
36072,9045.025
36073,8343.993
36074,6849.7686
36075,8044.0337
36076,8075.598
36077,6622.454
36078,4993.4365
36079,6550.1475
36080,7954.5386
36081,7214.305
36082,5814.081
36083,7889.422
36084,6882.041
36085,6920.06
36086,6798.7896
36087,5646.9375
36088,7474.5186
36089,7555.673
36090,7286.224
36091,6177.78
36092,5923.172
36093,7436.063
36094,4221.0127
36095,6803.999
36096,5346.013
36097,8615.233
36098,7170.852
36099,6671.831
36100,9231.406
36101,5869.048
36102,5883.9185
36103,10507.444
36104,6820.8477
36105,7580.8657
36106,8328.505
36107,6059.7393
36108,6727.2266
36109,5847.9307
36110,7941.3027
36111,10164.173
36112,6616.9546
36113,3573.7556
36114,5755.9336
36115,8197.343
36116,9063.021
36117,6522.815
36118,7185.771
36119,5349.9766
36120,5728.367
36121,3680.171
36122,5468.832
36123,6877.9136
36124,7066.2783
36125,7176.305
36126,7155.2065
36127,8242.454
36128,8745.9375
36129,7693.7363
36130,6013.974
36131,9451.699
36132,9140.099
36133,6286.464
36134,8134.2173
36135,5449.6743
36136,7053.8677
36137,4683.5557
36138,7059.0835
36139,5560.398
36140,8684.277
36141,7357.0776
36142,9174.546
36143,8475.061
36144,6802.4673
36145,8023.0464
36146,15823.391
36147,11583.859
36148,6925.924
36149,3532.4824
36150,6687.7847
36151,9872.766
36152,6565.109
36153,11500.592
36154,14411.765
36155,4382.062
36156,5803.493
36157,8139.852
36158,6072.2603
36159,9427.66
36160,6953.453
36161,8082.626
36162,4453.88
36163,7122.5024
36164,7683.7114
36165,7494.986
36166,7992.6177
36167,6734.0767
36168,6718.8965
36169,7245.0186
36170,5643.2275
36171,6229.2583
36172,7956.466
36173,5975.6177
36174,6690.0303
36175,7357.134
36176,5794.847
36177,6102.6914
36178,7309.571
36179,6634.574
36180,7978.9985
36181,7188.993
36182,7431.9507
36183,6520.613
36184,4916.193
36185,7767.796
36186,6931.938
36187,5703.544
36188,5244.8384
36189,7531.454
36190,7579.015
36191,8175.7295
36192,8168.909
36193,6709.374
36194,5401.525
36195,5556.57
36196,10366.967
36197,6094.0537
36198,7985.2646
36199,14783.908
36200,7544.252
36201,6996.7036
36202,5440.7563
36203,5056.422
36204,7260.0366
36205,4939.8276
36206,6198.279
36207,9215.95
36208,6167.8003
36209,14285.618
36210,12714.073
36211,5673.1484
36212,7874.8823
36213,5571.106
36214,7829.0635
36215,6269.2544
36216,12817.245
36217,7703.37
36218,8434.313
36219,5519.303
36220,7683.0884
36221,5852.428
36222,9551.338
36223,7197.83
36224,6679.7646
36225,6810.732
36226,6149.4546
36227,8458.538
36228,9046.207
36229,6457.9126
36230,10104.506
36231,7625.2466
36232,9966.315
36233,5339.9077
36234,5928.5244
36235,6357.564
36236,10481.58
36237,7535.507
36238,8350.88
36239,7053.087
36240,8793.724
36241,5420.1045
36242,8597.724
36243,7205.434
36244,4800.495
36245,14303.409
36246,15773.683
36247,7905.361
36248,7978.253
36249,9732.943
36250,10443.601
36251,10404.776
36252,6501.708
36253,7792.3955
36254,6355.3086
36255,8808.481
36256,4917.06
36257,6207.4434
36258,5897.6396
36259,6034.5625
36260,7590.1265
36261,5185.636
36262,5568.9062
36263,6600.817
36264,4964.8213
36265,5204.0845
36266,5877.1255
36267,6707.1475
36268,9047.035
36269,9510.178
36270,7780.3345
36271,6931.8916
36272,7213.734
36273,10551.381
36274,7713.6416
36275,5805.4917
36276,5210.3525
36277,8430.509
36278,5523.042
36279,7128.9253
36280,3996.5044
36281,5755.785
36282,8917.315
36283,6575.179
36284,6548.673
36285,8715.386
36286,9508.989
36287,9511.629
36288,6752.478
36289,10311.664
36290,4098.5483
36291,5775.3794
36292,6500.505
36293,5243.8477
36294,7260.362
36295,5571.4565
36296,6471.1323
36297,8333.599
36298,10947.583
36299,8874.789
36300,6355.527
36301,5847.501
36302,11946.28
36303,7697.597
36304,6927.424
36305,5763.2236
36306,6736.852
36307,9201.194
36308,5439.1323
36309,7146.565
36310,8173.258
36311,8428.491
36312,13221.164
36313,7145.856
36314,12215.496
36315,7125.268
36316,6004.276
36317,3974.1697
36318,7140.419
36319,6965.2417
36320,5518.2817
36321,7698.265
36322,5746.487
36323,4939.1445
36324,6867.6475
36325,5191.5703
36326,8231.306
36327,6934.967
36328,8029.952
36329,8017.6304
36330,6423.326
36331,7867.6074
36332,7308.274
36333,5849.5093
36334,6073.019
36335,6711.0317
36336,11509.634
36337,6905.8706
36338,5345.1562
36339,7466.3813
36340,9139.994
36341,7437.907
36342,6966.019
36343,8434.369
36344,6930.642
36345,6308.196
36346,6867.9424
36347,8438.779
36348,6822.9688
36349,7422.649
36350,6943.9424
36351,5882.6445
36352,4711.75
36353,5929.4463
36354,8443.014
36355,9360.3545
36356,10617.756
36357,12696.199
36358,8661.893
36359,6181.959
36360,5858.192
36361,11123.011
36362,10318.207
36363,8026.9272
36364,8558.95
36365,9042.101
36366,6343.5415
36367,4478.431
36368,10876.946
36369,6135.733
36370,6837.1772
36371,6548.086
36372,3983.7422
36373,10722.996
36374,6501.249
36375,5885.748
36376,5619.7
36377,5768.729
36378,6495.646
36379,8115.456
36380,7128.4424
36381,5608.979
36382,4899.7886
36383,4615.7646
36384,4243.86
36385,7737.7227
36386,15520.649
36387,5738.6157
36388,5921.6465
36389,6790.345
36390,5169.3784
36391,5452.1597
36392,6148.9854
36393,4970.7114
36394,7321.3486
36395,7857.0635
36396,4727.2
36397,8250.335
36398,5584.705
36399,5846.129
36400,8194.622
36401,8361.186
36402,9982.982
36403,6492.332
36404,6725.777
36405,5201.9106
36406,6149.7363
36407,13070.623
36408,9622.642
36409,7226.1436
36410,5190.3076
36411,5655.767
36412,6287.2734
36413,5112.9834
36414,10356.165
36415,5697.405
36416,6248.5986
36417,7694.0957
36418,5927.7896
36419,6661.2056
36420,7400.0
36421,7984.2896
36422,7662.546
36423,4776.4697
36424,6170.4126
36425,7443.003
36426,9328.0205
36427,8301.833
36428,7781.3887
36429,4858.808
36430,7816.394
36431,5747.737
36432,6725.616
36433,7412.0654
36434,7487.1123
36435,7001.0293
36436,7795.9043
36437,6959.159
36438,7101.176
36439,6003.583
36440,7057.8447
36441,7591.0894
36442,6207.5913
36443,8947.859
36444,6701.258
36445,6013.8823
36446,9798.0205
36447,5858.0576
36448,4783.195
36449,8294.267
36450,8112.794
36451,10606.086
36452,5480.937
36453,7060.417
36454,6551.747
36455,7335.3843
36456,6625.7017
36457,7830.363
36458,3650.0715
36459,6625.3477
36460,6501.683
36461,6034.0557
36462,4916.024
36463,7782.131
36464,7690.8164
36465,5822.3447
36466,8529.612
36467,7986.963
36468,9296.766
36469,5356.3184
36470,6678.6245
36471,6711.5566
36472,8088.7104
36473,7851.033
36474,5236.525
36475,7383.6787
36476,8385.184
36477,7493.935
36478,5767.524
36479,4115.308
36480,7000.8354
36481,6946.188
36482,9566.025
36483,7491.8984
36484,6081.61
36485,8787.201
36486,6976.638
36487,6476.6777
36488,7979.303
36489,5927.365
36490,8141.84
36491,10702.949
36492,8102.54
36493,5227.203
36494,6303.955
36495,5074.1055
36496,3734.4734
36497,8386.199
36498,6292.031
36499,9264.351
36500,5002.2466
36501,7390.7456
36502,6893.288
36503,10782.098
36504,5187.62
36505,6328.113
36506,6463.8286
36507,8340.985
36508,5912.7124
36509,8263.944
36510,8430.613
36511,9150.915
36512,7250.0854
36513,8046.374
36514,6758.741
36515,5023.2324
36516,5944.0903
36517,10486.56
36518,9905.599
36519,7359.365
36520,14577.932
36521,6642.1343
36522,6325.6567
36523,6622.631
36524,8322.01
36525,9368.894
36526,7752.216
36527,7930.7134
36528,8476.661
36529,7331.6562
36530,7682.026
36531,6141.237
36532,5891.747
36533,5910.564
36534,5017.113
36535,5733.8447
36536,8406.292
36537,14992.138
36538,7475.481
36539,6509.3276
36540,7456.5605
36541,4744.57
36542,7046.9614
36543,4699.927
36544,9696.086
36545,6835.482
36546,7243.0703
36547,11129.632
36548,11655.962
36549,6663.3345
36550,7998.215
36551,4428.17
36552,6440.836
36553,5875.0127
36554,8350.426
36555,5569.05
36556,4794.226
36557,6025.6704
36558,5955.5596
36559,7409.6265
36560,7097.6343
36561,4380.67
36562,7740.9336
36563,7191.0366
36564,7963.6636
36565,5136.868
36566,5076.763
36567,8069.839
36568,4760.114
36569,9586.987
36570,5905.7397
36571,5796.821
36572,7498.8115
36573,6477.283
36574,5234.767
36575,6678.287
36576,7031.874
36577,9359.863
36578,10399.508
36579,6997.284
36580,4673.965
36581,6312.439
36582,7438.333
36583,6194.8804
36584,5887.157
36585,6533.1445
36586,11431.2705
36587,8435.737
36588,7358.9023
36589,7222.2847
36590,5021.0337
36591,9246.819
36592,6126.3237
36593,11923.958
36594,7172.09
36595,6056.1167
36596,5721.2573
36597,4542.2124
36598,7587.0938
36599,15263.957
36600,4709.449
36601,5792.6147
36602,9858.341
36603,7814.1206
36604,7279.972
36605,8152.9365
36606,6723.0186
36607,5530.222
36608,5277.795
36609,8707.218
36610,6178.169
36611,6812.6553
36612,7622.0034
36613,5594.478
36614,8072.094
36615,6869.639
36616,4221.2866
36617,9115.521
36618,8764.985
36619,4873.448
36620,7868.6807
36621,7031.593
36622,5387.8267
36623,9637.659
36624,6991.7466
36625,8637.176
36626,5517.266
36627,5649.028
36628,7178.359
36629,4867.1855
36630,8241.534
36631,4630.4673
36632,6329.9663
36633,5483.892
36634,6726.566
36635,6212.7744
36636,7210.996
36637,8162.834
36638,8035.798
36639,7234.8813
36640,8022.1206
36641,6803.285
36642,7532.647
36643,8776.597
36644,7945.4243
36645,4012.1006
36646,6617.1187
36647,7417.914
36648,5059.809
36649,10277.81
36650,6627.2563
36651,8574.761
36652,9642.863
36653,7386.7285
36654,4863.2783
36655,11051.621
36656,10208.018
36657,6678.1147
36658,8190.4727
36659,9124.82
36660,6541.868
36661,6009.4727
36662,7196.5464
36663,6570.2144
36664,5945.939
36665,7278.181
36666,5765.1426
36667,6433.2715
36668,7624.243
36669,6967.2485
36670,8407.006
36671,6732.6763
36672,6921.955
36673,4262.8926
36674,8630.612
36675,7255.523
36676,6412.222
36677,7024.8687
36678,7448.876
36679,9069.187
36680,6276.363
36681,5468.7383
36682,6896.4116
36683,7379.4966
36684,7748.808
36685,5457.9717
36686,4910.325
36687,7803.7456
36688,6600.175
36689,6439.699
36690,7985.0435
36691,7252.935
36692,6774.2373
36693,5276.9946
36694,4459.308
36695,7398.758
36696,7228.6665
36697,6712.952
36698,9365.561
36699,7936.2373
36700,5827.5894
36701,8625.033
36702,4149.8447
36703,4045.7363
36704,7221.355
36705,11019.225
36706,8275.926
36707,7467.065
36708,5327.1636
36709,7638.2256
36710,9802.423
36711,6163.1543
36712,8040.628
36713,6134.4985
36714,4925.0215
36715,5486.9004
36716,6183.628
36717,6226.811
36718,5105.8774
36719,6188.7793
36720,5212.336
36721,7562.9478
36722,7528.754
36723,6132.0063
36724,6619.9595
36725,8299.458
36726,5969.0664
36727,5349.558
36728,8774.32
36729,8211.702
36730,6767.553
36731,4375.5166
36732,11844.887
36733,6689.137
36734,6149.4253
36735,9034.618
36736,8444.262
36737,8209.885
36738,7005.0435
36739,7432.674
36740,9799.722
36741,13631.399
36742,5243.2373
36743,5293.419
36744,5721.607
36745,7052.6836
36746,7307.033
36747,8921.136
36748,8811.801
36749,6301.917
36750,5102.119
36751,6645.594
36752,9447.346
36753,5340.3403
36754,7158.1826
36755,4664.2466
36756,7498.0034
36757,7928.384
36758,7820.6
36759,9050.1
36760,6989.333
36761,4624.367
36762,7046.76
36763,7990.5215
36764,8648.271
36765,7522.6523
36766,7900.755
36767,7014.745
36768,5241.972
36769,9848.069
36770,5026.453
36771,10027.949
36772,6653.218
36773,4936.8555
36774,7122.5293
36775,6566.167
36776,7206.527
36777,8188.6606
36778,4292.472
36779,4839.4834
36780,7134.5234
36781,10159.288
36782,9699.749
36783,5767.59
36784,7142.374
36785,7384.735
36786,6703.3037
36787,6126.411
36788,10163.853
36789,8736.75
36790,11242.519
36791,4904.787
36792,6458.6396
36793,9366.115
36794,8921.876
36795,5614.862
36796,9921.181
36797,6841.189
36798,5600.81
36799,5915.2393
36800,4964.902
36801,5760.9756
36802,6680.504
36803,5377.476
36804,5773.0884
36805,10186.834
36806,7623.4434
36807,17048.555
36808,6627.7495
36809,4992.0557
36810,7664.1177
36811,10349.322
36812,6182.549
36813,7493.099
36814,6120.185
36815,8350.243
36816,8262.936
36817,5377.979
36818,5943.342
36819,7427.3657
36820,8110.0166
36821,7278.8403
36822,8066.068
36823,5989.484
36824,5135.2026
36825,6016.6475
36826,10443.7
36827,11419.839
36828,9743.374
36829,8059.493
36830,5127.2246
36831,6422.0215
36832,4618.5264
36833,8595.739
36834,10280.868
36835,9846.548
36836,6334.714
36837,5434.9263
36838,5058.646
36839,6411.5005
36840,10262.225
36841,7113.8867
36842,5521.6567
36843,5488.0103
36844,7690.611
36845,4572.141
36846,7879.142
36847,4826.621
36848,7464.231
36849,7829.825
36850,6242.987
36851,7828.75
36852,6664.8154
36853,5628.788
36854,6378.416
36855,7177.654
36856,10840.708
36857,6760.682
36858,8747.689
36859,7775.5273
36860,9962.428
36861,7225.268
36862,9820.081
36863,5297.6973
36864,5391.7803
36865,7117.429
36866,6973.964
36867,9339.772
36868,8060.777
36869,5719.07
36870,7304.3853
36871,6730.487
36872,10532.227
36873,4665.3994
36874,12843.139
36875,5186.695
36876,6664.9746
36877,8178.272
36878,6373.3804
36879,6429.0205
36880,7769.8413
36881,7488.398
36882,5932.3823
36883,5950.9375
36884,8162.577
36885,7333.2437
36886,7524.6333
36887,5200.1196
36888,7749.8354
36889,10501.563
36890,7072.8457
36891,5651.1294
36892,7592.002
36893,6387.536
36894,6670.6284
36895,7282.542
36896,4772.0024
36897,7724.877
36898,7149.7827
36899,7633.746
36900,7829.788
36901,5234.5127
36902,6660.9453
36903,5998.437
36904,7868.08
36905,8165.3257
36906,5569.554
36907,5807.9233
36908,6770.3613
36909,6438.643
36910,6504.065
36911,8937.163
36912,7432.674
36913,7773.955
36914,6477.876
36915,5235.2466
36916,6685.374
36917,9211.986
36918,8101.945
36919,8471.965
36920,8620.576
36921,6531.4873
36922,9119.348
36923,6509.446
36924,7909.275
36925,9477.056
36926,7148.93
36927,9868.181
36928,8919.255
36929,8309.573
36930,6805.602
36931,8068.553
36932,8010.0557
36933,6663.309
36934,5008.6587
36935,6599.338
36936,7995.82
36937,7244.7217
36938,5847.473
36939,7915.8936
36940,6927.3706
36941,6944.293
36942,6785.101
36943,5670.9087
36944,7524.339
36945,7524.504
36946,7311.7393
36947,6197.8296
36948,5979.021
36949,7393.975
36950,4248.818
36951,6839.31
36952,5349.9307
36953,8579.693
36954,7215.09
36955,6710.1484
36956,9194.089
36957,5902.755
36958,5816.1724
36959,10586.349
36960,6807.1147
36961,7519.3384
36962,8356.888
36963,5799.1436
36964,6689.15
36965,5854.2036
36966,7994.234
36967,10227.361
36968,6624.0522
36969,3580.4915
36970,5771.8
36971,8140.3877
36972,8989.62
36973,6527.5947
36974,7214.1333
36975,5339.2046
36976,5766.5503
36977,3708.3386
36978,5500.2417
36979,6833.5654
36980,7018.7876
36981,7217.5195
36982,7187.2104
36983,8127.843
36984,8691.677
36985,7651.9414
36986,5963.734
36987,9505.9795
36988,9100.311
36989,6293.2075
36990,8189.231
36991,5467.3613
36992,7076.76
36993,4651.646
36994,7109.43
36995,5573.333
36996,8742.159
36997,7342.265
36998,9217.066
36999,8538.704
37000,6758.606
37001,7992.305
37002,15942.21
37003,11465.349
37004,6978.229
37005,3540.7007
37006,6644.0225
37007,9951.118
37008,6584.8193
37009,11564.122
37010,14479.232
37011,4411.2725
37012,5828.129
37013,8127.339
37014,6098.0366
37015,9498.457
37016,6974.3296
37017,8132.8755
37018,4451.348
37019,7139.0703
37020,7595.0947
37021,7515.6455
37022,7970.4873
37023,6683.627
37024,6682.397
37025,7272.0537
37026,5656.355
37027,6257.1216
37028,7970.837
37029,5989.518
37030,6685.8457
37031,7405.493
37032,5856.0854
37033,6145.491
37034,7344.927
37035,6706.207
37036,7997.475
37037,7081.7427
37038,7487.762
37039,6492.462
37040,4865.7607
37041,7725.886
37042,6971.523
37043,5638.9067
37044,5215.9717
37045,7577.9165
37046,7492.327
37047,8202.309
37048,8226.84
37049,6666.755
37050,5406.973
37051,5578.6143
37052,10311.645
37053,6060.144
37054,8038.4883
37055,14894.923
37056,7458.6514
37057,7038.437
37058,5346.8696
37059,5065.6665
37060,7304.824
37061,4972.7554
37062,6239.5933
37063,9232.798
37064,6117.4946
37065,14364.532
37066,12797.811
37067,5580.2163
37068,7927.3706
37069,5589.2188
37070,7868.1553
37071,6310.549
37072,12705.757
37073,7646.3965
37074,8497.651
37075,5555.658
37076,7721.451
37077,5797.866
37078,9591.579
37079,7140.0986
37080,6691.3896
37081,6747.2373
37082,6187.097
37083,8489.582
37084,9082.093
37085,6375.6665
37086,10114.013
37087,7572.8657
37088,10030.561
37089,5352.09
37090,5909.51
37091,6332.364
37092,10498.078
37093,7485.4556
37094,8283.902
37095,7081.446
37096,8722.005
37097,5369.5728
37098,8656.26
37099,7223.525
37100,4774.8755
37101,14422.958
37102,15878.812
37103,7861.374
37104,8004.1445
37105,9786.71
37106,10469.82
37107,10431.416
37108,6542.592
37109,7811.9595
37110,6311.6504
37111,8752.53
37112,4931.9272
37113,6254.3228
37114,5930.685
37115,6033.6875
37116,7613.074
37117,5220.202
37118,5600.89
37119,6508.3096
37120,4960.0405
37121,5220.247
37122,5896.1997
37123,6744.2007
37124,8986.945
37125,9444.851
37126,7832.193
37127,6876.929
37128,7165.82
37129,10583.279
37130,7765.055
37131,5837.687
37132,5227.2627
37133,8392.272
37134,5534.8345
37135,7152.061
37136,4009.4758
37137,5793.6978
37138,8988.086
37139,6530.123
37140,6481.782
37141,8648.659
37142,9333.912
37143,9566.254
37144,6762.8555
37145,10310.17
37146,4122.0894
37147,5730.548
37148,6467.418
37149,5260.1343
37150,7308.183
37151,5613.5713
37152,6514.2656
37153,8348.833
37154,11029.792
37155,8788.685
37156,6361.507
37157,5882.381
37158,13162.319
37159,7646.4697
37160,6979.447
37161,5702.0967
37162,6715.1104
37163,9266.816
37164,5456.785
37165,7168.1714
37166,8110.6816
37167,8443.899
37168,13241.48
37169,7115.074
37170,12307.227
37171,7051.278
37172,5977.0425
37173,4000.349
37174,7190.4946
37175,6981.4443
37176,5460.9194
37177,7710.096
37178,5707.0103
37179,4955.203
37180,6847.3125
37181,5202.655
37182,8278.578
37183,6887.327
37184,8076.068
37185,8043.65
37186,6371.806
37187,7920.0474
37188,7350.246
37189,5888.3647
37190,6018.714
37191,6758.625
37192,11590.347
37193,6944.565
37194,5378.769
37195,7525.5444
37196,9138.669
37197,7487.4834
37198,6978.7544
37199,8476.483
37200,6948.043
37201,6337.7295
37202,6906.424
37203,8317.471
37204,6874.208
37205,7452.095
37206,6896.2407
37207,5866.456
37208,4722.4995
37209,5643.793
37210,8379.052
37211,9397.487
37212,10537.321
37213,12749.688
37214,8539.396
37215,6206.4844
37216,5875.904
37217,11197.1455
37218,10369.726
37219,8045.599
37220,8574.598
37221,9046.707
37222,6382.6763
37223,4504.1533
37224,10939.41
37225,6155.646
37226,6999.861
37227,6564.852
37228,4002.395
37229,10728.448
37230,6434.585
37231,5845.315
37232,5637.971
37233,5787.451
37234,6511.9546
37235,8130.2925
37236,7105.437
37237,5640.4077
37238,4911.187
37239,4646.174
37240,4251.6196
37241,7681.3447
37242,15607.605
37243,5771.574
37244,5853.3325
37245,6831.291
37246,5185.0083
37247,5467.059
37248,6098.8335
37249,5005.573
37250,7299.6704
37251,7776.499
37252,4754.351
37253,8204.429
37254,5616.78
37255,5865.1357
37256,8134.9155
37257,8319.771
37258,10057.949
37259,6524.75
37260,6770.0776
37261,5214.0117
37262,6169.695
37263,13168.773
37264,9657.958
37265,7153.125
37266,5225.124
37267,5609.637
37268,6306.2827
37269,5117.7944
37270,10372.079
37271,5734.933
37272,6277.8535
37273,7598.964
37274,5874.716
37275,6667.473
37276,7437.801
37277,7926.1157
37278,7593.943
37279,4796.847
37280,6169.518
37281,7405.119
37282,9335.987
37283,8317.011
37284,7714.5537
37285,4889.643
37286,7726.225
37287,5788.0474
37288,6752.298
37289,7425.616
37290,7506.282
37291,7039.8535
37292,7760.546
37293,6976.6313
37294,7117.6943
37295,5979.7856
37296,7070.748
37297,7523.126
37298,6239.296
37299,8804.424
37300,6652.4307
37301,6029.281
37302,9723.795
37303,5899.603
37304,4812.0347
37305,8347.257
37306,8086.6123
37307,10677.815
37308,5512.416
37309,7095.671
37310,6589.3745
37311,7383.6997
37312,6535.17
37313,7866.6543
37314,3658.5632
37315,6670.883
37316,6522.7837
37317,6048.0923
37318,4946.353
37319,7759.088
37320,7708.706
37321,5837.253
37322,8585.792
37323,7974.0005
37324,9259.916
37325,5311.703
37326,6696.568
37327,6728.407
37328,7978.352
37329,7862.6787
37330,5249.6733
37331,7418.2466
37332,8391.328
37333,7469.7505
37334,5799.387
37335,4142.741
37336,7023.5557
37337,6986.0806
37338,9528.109
37339,7437.3115
37340,6121.6685
37341,8726.839
37342,7025.566
37343,6491.7437
37344,8032.4873
37345,5961.4077
37346,8196.107
37347,10643.397
37348,8155.9077
37349,5262.046
37350,6318.6196
37351,5065.7056
37352,3760.6665
37353,8394.658
37354,6227.6187
37355,9273.067
37356,5013.8833
37357,7336.8955
37358,6905.8906
37359,10863.064
37360,5127.7725
37361,6292.9014
37362,6484.806
37363,8388.888
37364,5845.75
37365,8279.952
37366,8446.026
37367,9211.187
37368,7165.136
37369,7985.417
37370,6643.0527
37371,4992.527
37372,5840.1987
37373,10431.575
37374,9947.332
37375,7388.5605
37376,14612.175
37377,6685.8843
37378,6361.1006
37379,6656.4614
37380,8258.964
37381,9331.759
37382,7703.598
37383,7862.596
37384,8418.432
37385,7373.762
37386,7629.255
37387,6116.7827
37388,5902.5186
37389,5857.644
37390,5048.0654
37391,5769.901
37392,8433.573
37393,15104.716
37394,7498.082
37395,6519.3315
37396,7509.741
37397,4759.9688
37398,6986.4336
37399,4673.189
37400,9723.749
37401,6776.7705
37402,7279.5767
37403,11152.01
37404,11710.529
37405,6713.375
37406,8019.0684
37407,4442.542
37408,6483.2603
37409,5914.173
37410,8264.804
37411,5595.1235
37412,4738.916
37413,6067.929
37414,5924.33
37415,7452.1807
37416,7133.5503
37417,4392.093
37418,7682.2896
37419,7217.1543
37420,7877.4663
37421,5121.5254
37422,5088.573
37423,8099.148
37424,4772.066
37425,9617.724
37426,5903.8643
37427,5760.2285
37428,7543.5396
37429,6492.3506
37430,5231.5327
37431,6629.159
37432,7037.0273
37433,9386.997
37434,10398.011
37435,6943.989
37436,4700.81
37437,6351.382
37438,7404.1514
37439,6229.5913
37440,5900.8525
37441,6576.691
37442,11507.46
37443,8684.202
37444,7366.8096
37445,7258.6865
37446,5049.8716
37447,9280.402
37448,6160.169
37449,11974.821
37450,7122.1694
37451,6020.4136
37452,5732.7617
37453,4565.1074
37454,7630.667
37455,15291.0
37456,4720.3467
37457,5746.383
37458,9867.447
37459,7872.6216
37460,7317.7324
37461,8123.921
37462,6728.7603
37463,5506.462
37464,5304.7515
37465,8751.103
37466,6200.703
37467,6832.4053
37468,7569.125
37469,5610.697
37470,8039.991
37471,6840.3213
37472,4244.941
37473,9133.851
37474,8787.838
37475,4902.299
37476,7845.1797
37477,6937.428
37478,5346.788
37479,9673.03
37480,6938.493
37481,8672.548
37482,5539.863
37483,5602.44
37484,7214.539
37485,4587.182
37486,8275.286
37487,4663.495
37488,6371.66
37489,5499.7905
37490,6682.1543
37491,6251.1025
37492,7229.7974
37493,8113.297
37494,7998.9243
37495,7264.511
37496,8075.929
37497,6848.096
37498,7582.261
37499,8812.54
37500,8005.0913
37501,3991.3345
37502,6636.302
37503,7448.2935
37504,5093.138
37505,10209.955
37506,6648.764
37507,8631.238
37508,9706.375
37509,7404.2505
37510,4888.4165
37511,11121.674
37512,10259.465
37513,6654.347
37514,8244.42
37515,9118.948
37516,6563.099
37517,6049.056
37518,7222.684
37519,6592.436
37520,5980.088
37521,7256.6304
37522,5786.082
37523,6453.8975
37524,7579.297
37525,7007.262
37526,8445.97
37527,6760.25
37528,6967.5474
37529,4291.309
37530,8676.238
37531,7279.847
37532,6428.941
37533,7065.2134
37534,7417.009
37535,9087.422
37536,6290.963
37537,5500.147
37538,6832.392
37539,7323.29
37540,7785.0854
37541,5472.203
37542,4922.6543
37543,7848.5625
37544,6631.0757
37545,6445.353
37546,8010.9575
37547,7205.0493
37548,6813.1426
37549,5294.121
37550,4477.7095
37551,7314.425
37552,7173.609
37553,6750.0376
37554,9432.346
37555,7995.8354
37556,5861.059
37557,8660.355
37558,4179.2773
37559,4068.9739
37560,7244.7837
37561,11091.812
37562,8303.67
37563,7497.646
37564,5360.029
37565,7660.368
37566,9866.995
37567,6192.015
37568,8073.8115
37569,6173.0737
37570,4957.463
37571,5520.751
37572,6219.142
37573,6325.4033
37574,5121.843
37575,6131.3276
37576,5247.335
37577,7581.936
37578,7578.343
37579,6151.907
37580,6660.1255
37581,8269.921
37582,6088.552
37583,5387.0767
37584,8697.465
37585,8260.682
37586,6704.7295
37587,4403.0327
37588,11933.833
37589,6638.1885
37590,6183.882
37591,9007.636
37592,8499.88
37593,8264.606
37594,7025.7134
37595,7475.36
37596,9845.6
37597,13733.761
37598,5277.775
37599,5307.9805
37600,5595.6196
37601,7105.6475
37602,7260.909
37603,8991.936
37604,8847.888
37605,6331.4214
37606,5118.8247
37607,6682.3076
37608,9494.961
37609,5359.8193
37610,7181.413
37611,4691.036
37612,7440.8945
37613,7953.674
37614,7842.284
37615,9102.073
37616,7008.746
37617,4581.436
37618,7005.2173
37619,8050.5273
37620,8628.818
37621,7543.5107
37622,7848.5923
37623,7039.1216
37624,5273.779
37625,9913.708
37626,5055.3223
37627,10069.016
37628,6749.059
37629,4901.3916
37630,7162.4375
37631,6603.8774
37632,7240.7007
37633,8243.24
37634,4324.7104
37635,4853.5137
37636,7157.6772
37637,10212.993
37638,9741.683
37639,5682.881
37640,7189.418
37641,7431.915
37642,6683.455
37643,6144.1724
37644,10110.02
37645,8780.783
37646,11321.358
37647,4883.714
37648,6501.6895
37649,9413.948
37650,8988.875
37651,5647.11
37652,9862.695
37653,6880.479
37654,5629.1533
37655,5928.9995
37656,5002.0747
37657,5766.2974
37658,6718.871
37659,5365.3794
37660,5806.245
37661,10309.059
37662,7661.866
37663,17162.18
37664,6566.2236
37665,5484.9224
37666,8297.075
37667,11070.59
37668,6648.244
37669,8096.8
37670,6688.8438
37671,8745.5205
37672,8733.301
37673,6183.2744
37674,6520.202
37675,7776.8403
37676,8673.847
37677,7664.315
37678,8788.24
37679,6397.1943
37680,5599.384
37681,6525.3286
37682,11140.985
37683,12150.9375
37684,11031.044
37685,8643.143
37686,5883.267
37687,6730.3203
37688,5137.5005
37689,9146.691
37690,10746.76
37691,10598.148
37692,6912.0913
37693,6131.9595
37694,5747.4736
37695,6796.8184
37696,10901.373
37697,7792.492
37698,5934.1597
37699,5908.6865
37700,8386.544
37701,5014.9404
37702,8346.143
37703,5180.8306
37704,7844.05
37705,8263.195
37706,6560.076
37707,8375.872
37708,6993.621
37709,5888.4155
37710,7073.4263
37711,7460.743
37712,11351.243
37713,7293.1353
37714,9222.025
37715,8504.9
37716,10416.96
37717,7600.385
37718,10797.41
37719,5750.7036
37720,5741.4683
37721,8049.3755
37722,7376.808
37723,9807.155
37724,8700.576
37725,6311.1025
37726,7849.558
37727,7306.1064
37728,11820.296
37729,5144.253
37730,13627.084
37731,5566.3677
37732,7252.949
37733,9111.488
37734,6896.32
37735,7284.9316
37736,8280.205
37737,7889.911
37738,6154.1196
37739,6229.027
37740,8774.932
37741,7733.7676
37742,8554.004
37743,5497.6714
37744,8551.003
37745,11063.074
37746,7547.8145
37747,5952.2373
37748,7987.001
37749,6995.7227
37750,7142.7896
37751,7780.0083
37752,5200.7246
37753,8180.0195
37754,7624.1484
37755,8269.447
37756,8246.96
37757,5754.824
37758,7058.774
37759,6486.625
37760,8264.897
37761,8803.375
37762,5967.04
37763,6284.9414
37764,7163.1616
37765,6608.95
37766,6834.973
37767,9680.211
37768,8078.5103
37769,8151.98
37770,6800.8843
37771,5755.6313
37772,7306.692
37773,9684.542
37774,9075.832
37775,8979.825
37776,9122.019
37777,7063.0503
37778,9463.083
37779,7091.402
37780,8675.898
37781,9976.292
37782,7589.468
37783,10647.053
37784,9342.231
37785,8801.611
37786,7178.003
37787,8610.378
37788,8367.998
37789,7242.303
37790,5417.1636
37791,7195.853
37792,8658.25
37793,7811.796
37794,6287.615
37795,8630.094
37796,7710.111
37797,7375.964
37798,7283.438
37799,6147.5723
37800,8067.1914
37801,8083.4814
37802,7839.3154
37803,6523.213
37804,6469.793
37805,7873.4175
37806,4722.265
37807,7307.242
37808,5761.2393
37809,9165.878
37810,7911.214
37811,7270.4307
37812,9839.244
37813,6458.4854
37814,6019.8335
37815,11428.97
37816,7287.5864
37817,7812.2427
37818,9313.353
37819,6086.1885
37820,7067.2217
37821,6343.4385
37822,8484.224
37823,11023.577
37824,6955.3965
37825,3819.8096
37826,6238.695
37827,8769.033
37828,9372.299
37829,7283.5073
37830,7959.297
37831,5635.466
37832,6025.9517
37833,4018.4126
37834,6040.6147
37835,7148.7393
37836,7315.6665
37837,7897.0107
37838,7829.7505
37839,8425.316
37840,8799.06
37841,8061.5996
37842,6237.8735
37843,10355.789
37844,9830.1455
37845,6854.167
37846,9106.953
37847,5771.068
37848,7551.941
37849,4935.862
37850,7503.82
37851,5890.387
37852,9349.425
37853,7816.8267
37854,9998.152
37855,9024.93
37856,7112.95
37857,8451.288
37858,16940.607
37859,12268.634
37860,7554.6855
37861,3842.9958
37862,6919.737
37863,11155.5205
37864,7329.3
37865,12205.807
37866,15389.463
37867,4761.9214
37868,6236.238
37869,8845.5
37870,6548.4233
37871,10237.482
37872,7548.225
37873,8674.732
37874,4703.093
37875,7810.313
37876,7976.1836
37877,7991.7866
37878,8442.934
37879,7167.0776
37880,7027.4424
37881,7897.734
37882,6160.8564
37883,6816.5225
37884,8641.478
37885,6451.0664
37886,7193.568
37887,8139.782
37888,6399.8306
37889,6711.2236
37890,7997.559
37891,7344.7305
37892,8581.8955
37893,7391.3027
37894,8198.3125
37895,6939.2017
37896,5138.3823
37897,8328.417
37898,7574.534
37899,5936.441
37900,5645.9463
37901,8244.247
37902,7974.799
37903,9026.065
37904,8758.71
37905,7116.961
37906,5796.456
37907,5881.4775
37908,11055.195
37909,6455.8125
37910,8544.236
37911,16103.045
37912,7744.973
37913,7491.1265
37914,5494.8667
37915,5547.149
37916,7988.3647
37917,5314.009
37918,6764.049
37919,9862.216
37920,6477.0356
37921,15767.681
37922,14412.769
37923,5930.306
37924,8437.459
37925,5932.6597
37926,8435.077
37927,7131.2783
37928,13114.202
37929,8049.836
37930,9090.083
37931,6167.4414
37932,8277.805
37933,6000.446
37934,10157.225
37935,7490.719
37936,6937.183
37937,7120.974
37938,6358.1646
37939,9079.746
37940,9666.694
37941,6614.664
37942,11138.308
37943,8113.026
37944,10543.836
37945,5873.102
37946,6395.309
37947,6785.3794
37948,11219.573
37949,7889.2188
37950,8907.625
37951,7685.221
37952,9357.409
37953,5615.687
37954,9492.425
37955,7710.1475
37956,5102.805
37957,15611.193
37958,16903.535
37959,8497.854
37960,8498.121
37961,10761.55
37962,11416.691
37963,11142.537
37964,6962.711
37965,8518.482
37966,6691.326
37967,9342.454
37968,5343.352
37969,6888.766
37970,6232.7944
37971,6509.8247
37972,8191.7305
37973,5540.972
37974,6093.403
37975,6721.89
37976,5343.734
37977,5649.394
37978,6256.441
37979,7443.443
37980,9518.79
37981,9844.003
37982,8320.4375
37983,7237.4697
37984,7543.029
37985,11280.196
37986,8544.904
37987,6332.448
37988,5760.305
37989,8803.8955
37990,5933.656
37991,7455.344
37992,4307.4966
37993,6555.1724
37994,9935.811
37995,6972.8
37996,6655.4517
37997,9056.187
37998,9962.485
37999,10415.341
38000,7123.155
38001,11042.7705
38002,4494.9385
38003,6270.4507
38004,7087.3716
38005,5700.15
38006,8268.675
38007,6123.2856
38008,6948.2153
38009,8917.996
38010,12062.535
38011,9228.933
38012,6901.8076
38013,6212.7446
38014,13673.418
38015,8027.8154
38016,7545.3457
38017,5962.3975
38018,7208.232
38019,10057.719
38020,5817.8145
38021,7785.613
38022,8492.862
38023,9029.019
38024,14199.39
38025,7466.6377
38026,13305.043
38027,7581.1187
38028,6272.383
38029,4503.634
38030,8148.1167
38031,7575.257
38032,5741.6436
38033,8166.8135
38034,6063.0005
38035,5279.6426
38036,7301.613
38037,5545.2866
38038,8978.378
38039,7312.925
38040,8720.508
38041,8477.906
38042,6851.742
38043,8484.288
38044,7990.285
38045,6183.0444
38046,6234.4297
38047,7213.9336
38048,13349.403
38049,7362.1665
38050,5687.3604
38051,8089.8833
38052,9780.626
38053,7886.9165
38054,7605.403
38055,9087.231
38056,7616.8657
38057,6402.3276
38058,7279.0625
38059,8676.494
38060,7677.5503
38061,8011.8516
38062,7244.369
38063,6146.892
38064,5036.1143
38065,5930.357
38066,8711.03
38067,9907.64
38068,11129.855
38069,13585.078
38070,8941.776
38071,6623.951
38072,6299.303
38073,11942.999
38074,11116.87
38075,8717.779
38076,9379.676
38077,9588.204
38078,6695.093
38079,4937.7593
38080,11864.107
38081,6648.676
38082,7562.4355
38083,6807.1343
38084,4370.073
38085,11577.784
38086,6670.1577
38087,6232.551
38088,6039.653
38089,6225.035
38090,6950.648
38091,8919.876
38092,7570.3237
38093,5977.185
38094,5132.8813
38095,5230.345
38096,4638.031
38097,8204.898
38098,16272.98
38099,6250.3394
38100,6166.6235
38101,7351.2417
38102,5503.6055
38103,5906.579
38104,6487.089
38105,5643.653
38106,8003.931
38107,8145.56
38108,5094.372
38109,8801.956
38110,6110.689
38111,6247.0073
38112,8630.975
38113,9019.534
38114,10823.455
38115,7028.615
38116,7583.31
38117,5649.5723
38118,6548.323
38119,14041.394
38120,10436.392
38121,7551.7534
38122,5541.57
38123,5905.402
38124,6714.329
38125,5625.9756
38126,10924.636
38127,6257.3125
38128,6774.9995
38129,7921.8906
38130,6108.4805
38131,7225.2544
38132,8252.177
38133,8385.224
38134,8090.1455
38135,5273.1655
38136,6691.4917
38137,7914.4893
38138,10214.747
38139,8805.482
38140,8149.6943
38141,5384.9136
38142,8351.677
38143,6293.8735
38144,7130.394
38145,8024.47
38146,8018.0127
38147,7564.4194
38148,8164.204
38149,7473.6704
38150,7675.1562
38151,6402.578
38152,7713.318
38153,7920.939
38154,6760.6562
38155,9212.057
38156,7117.6875
38157,6557.705
38158,10278.358
38159,6332.4907
38160,5053.982
38161,9430.6455
38162,8668.818
38163,12198.208
38164,5923.59
38165,7579.4126
38166,7195.6196
38167,8270.631
38168,6847.704
38169,8287.893
38170,4067.9453
38171,7421.0137
38172,6931.363
38173,6651.8853
38174,5416.394
38175,8297.297
38176,8397.661
38177,6235.215
38178,9653.473
38179,8368.661
38180,9902.217
38181,5470.528
38182,7309.299
38183,7118.373
38184,8297.859
38185,8436.533
38186,5656.598
38187,7931.288
38188,9143.717
38189,7903.37
38190,6347.5845
38191,4500.988
38192,7467.172
38193,7621.233
38194,10222.671
38195,7963.2686
38196,6857.0244
38197,9262.787
38198,7959.1074
38199,6986.0337
38200,8749.926
38201,6325.307
38202,9023.01
38203,11437.879
38204,8855.334
38205,5618.4517
38206,6863.4634
38207,5540.592
38208,4240.085
38209,9070.139
38210,6471.676
38211,10051.457
38212,5478.867
38213,7860.8564
38214,7525.9966
38215,12209.591
38216,5287.5146
38217,6776.6025
38218,6951.722
38219,9123.193
38220,6162.5195
38221,8560.052
38222,8979.029
38223,10317.606
38224,7512.198
38225,8501.721
38226,7029.8623
38227,5488.272
38228,6145.8604
38229,11104.164
38230,10526.433
38231,7802.2793
38232,15243.037
38233,7389.9985
38234,6672.5117
38235,7415.2544
38236,8725.649
38237,9861.454
38238,8201.323
38239,8308.233
38240,8904.457
38241,8052.1626
38242,7939.6064
38243,6651.574
38244,6401.2593
38245,6150.9683
38246,5549.324
38247,6127.095
38248,8927.2295
38249,16892.787
38250,8038.343
38251,6920.8193
38252,8310.952
38253,5061.4404
38254,7293.678
38255,4519.4575
38256,10736.935
38257,7160.873
38258,7776.306
38259,11912.25
38260,12205.33
38261,7206.1353
38262,8798.725
38263,4777.3447
38264,7262.045
38265,6228.0996
38266,8601.037
38267,6045.947
38268,4889.0786
38269,6710.481
38270,6151.168
38271,8083.6973
38272,7633.965
38273,4628.4272
38274,7925.352
38275,7763.589
38276,8073.904
38277,5592.6426
38278,5428.393
38279,8556.42
38280,5153.9873
38281,10300.115
38282,6442.962
38283,6381.8545
38284,8010.82
38285,7064.708
38286,5491.4243
38287,7207.331
38288,8081.5464
38289,10267.728
38290,11517.551
38291,7265.62
38292,5194.5474
38293,6982.197
38294,8114.6436
38295,6591.411
38296,6358.177
38297,6979.5137
38298,12540.424
38299,9325.788
38300,7745.084
38301,7873.523
38302,5562.3447
38303,9902.897
38304,6822.949
38305,13150.249
38306,7627.6763
38307,6379.6997
38308,6255.093
38309,4831.642
38310,8345.489
38311,15473.618
38312,5108.3667
38313,6033.2847
38314,10747.23
38315,8626.013
38316,7832.2305
38317,8536.14
38318,7135.898
38319,5648.78
38320,5734.4956
38321,9462.821
38322,6718.9736
38323,7435.765
38324,8032.6714
38325,6099.287
38326,8617.46
38327,7161.406
38328,4504.2393
38329,9667.3955
38330,9426.7705
38331,5371.2837
38332,8416.489
38333,7074.715
38334,5605.743
38335,10573.321
38336,7314.4946
38337,9389.817
38338,5997.0986
38339,5962.477
38340,7528.9116
38341,4856.686
38342,8850.647
38343,5163.164
38344,6877.31
38345,6002.037
38346,7062.7744
38347,6885.4683
38348,7677.06
38349,8467.134
38350,8340.811
38351,7738.313
38352,8611.774
38353,7417.8716
38354,8505.087
38355,9425.251
38356,8594.084
38357,4047.7551
38358,7199.0386
38359,7920.093
38360,5557.736
38361,10701.551
38362,7051.278
38363,9648.678
38364,10887.688
38365,7953.545
38366,5356.9673
38367,11908.331
38368,10799.707
38369,7038.4233
38370,9259.06
38371,9760.46
38372,7117.1035
38373,6785.302
38374,7815.574
38375,7184.1265
38376,6514.906
38377,7993.1055
38378,6015.144
38379,6944.909
38380,7899.5947
38381,7656.219
38382,8991.79
38383,7204.1216
38384,7786.1177
38385,4521.1997
38386,9183.063
38387,7733.089
38388,6812.9736
38389,7782.1826
38390,8060.131
38391,9946.212
38392,6879.547
38393,5868.001
38394,7146.197
38395,7700.27
38396,8535.398
38397,5810.749
38398,5352.3247
38399,8455.319
38400,7086.716
38401,7087.007
38402,8465.972
38403,7594.2617
38404,7428.57
38405,5648.5107
38406,4802.185
38407,7739.1025
38408,7565.206
38409,7677.909
38410,10229.889
38411,8592.043
38412,6436.6533
38413,9302.868
38414,4372.7793
38415,4424.923
38416,7806.984
38417,12677.626
38418,8867.801
38419,8180.4795
38420,5850.966
38421,8425.847
38422,11008.993
38423,6581.6987
38424,8613.82
38425,6588.1743
38426,5305.809
38427,6045.4624
38428,6774.9155
38429,7061.7573
38430,5435.533
38431,6534.6216
38432,5525.0444
38433,8294.108
38434,8369.555
38435,6499.6616
38436,7218.18
38437,8795.2
38438,6247.812
38439,6087.942
38440,9184.57
38441,8793.111
38442,7071.888
38443,4630.0254
38444,13185.338
38445,6900.616
38446,6607.866
38447,9561.246
38448,9461.756
38449,8901.638
38450,7549.564
38451,8199.97
38452,11434.269
38453,15390.901
38454,5833.0063
38455,5776.74
38456,5915.2676
38457,7647.746
38458,7807.267
38459,9809.653
38460,9568.38
38461,6944.406
38462,5459.7056
38463,7579.962
38464,10089.54
38465,5857.3813
38466,7709.0884
38467,5197.898
38468,7718.2485
38469,8676.958
38470,8442.555
38471,9959.759
38472,7473.4634
38473,4892.7783
38474,7469.202
38475,8843.003
38476,9377.109
38477,8120.915
38478,8356.179
38479,7964.841
38480,5688.6133
38481,10559.988
38482,5486.236
38483,10993.014
38484,7103.7295
38485,5188.9316
38486,7776.9365
38487,7115.563
38488,7712.1924
38489,8857.082
38490,4808.4463
38491,5302.7783
38492,7558.21
38493,11015.652
38494,10655.149
38495,5978.371
38496,8057.9634
38497,8349.471
38498,7190.207
38499,6564.752
38500,10927.794
38501,9437.7
38502,12645.359
38503,5341.227
38504,7159.0703
38505,9678.115
38506,10074.8955
38507,6124.53
38508,10583.058
38509,7518.119
38510,5989.7295
38511,6832.086
38512,5376.122
38513,6176.0947
38514,7334.4116
38515,5755.3516
38516,6191.218
38517,11077.6875
38518,8235.083
38519,18383.102
38520,7001.2363
38521,6843.676
38522,10171.33
38523,13844.837
38524,8300.123
38525,9908.112
38526,8301.856
38527,10588.348
38528,10974.366
38529,7536.923
38530,8388.647
38531,9975.807
38532,10528.621
38533,9621.081
38534,10848.03
38535,7953.5522
38536,7073.763
38537,8221.64
38538,13912.317
38539,14853.868
38540,13237.479
38541,10672.806
38542,7191.0024
38543,8398.783
38544,6449.3193
38545,11052.475
38546,13459.593
38547,12682.427
38548,8726.872
38549,7318.7583
38550,6962.8774
38551,8386.84
38552,12908.407
38553,9695.55
38554,7437.567
38555,7573.4004
38556,9622.155
38557,6226.526
38558,10402.365
38559,6480.5522
38560,9883.374
38561,10597.693
38562,8053.945
38563,10352.353
38564,8585.743
38565,7066.015
38566,8885.19
38567,9446.607
38568,14279.598
38569,9202.213
38570,11014.118
38571,9744.796
38572,13227.697
38573,9396.474
38574,13217.268
38575,7306.894
38576,6972.321
38577,9867.372
38578,9442.499
38579,12362.554
38580,10641.926
38581,7927.6353
38582,9830.783
38583,9005.514
38584,14847.849
38585,6461.9546
38586,16512.557
38587,6937.772
38588,8901.111
38589,10987.678
38590,8713.756
38591,8632.638
38592,10259.387
38593,9835.716
38594,7681.33
38595,7717.4683
38596,10955.563
38597,9625.928
38598,10151.917
38599,6717.5
38600,10566.477
38601,13778.513
38602,9165.843
38603,7307.7095
38604,9972.677
38605,8644.659
38606,9051.429
38607,9553.324
38608,6426.6294
38609,10148.761
38610,9258.539
38611,10163.998
38612,10124.909
38613,7110.156
38614,8881.674
38615,8363.594
38616,10170.825
38617,11069.164
38618,7625.101
38619,7839.203
38620,8938.075
38621,8162.943
38622,8356.505
38623,11824.084
38624,10224.396
38625,9837.236
38626,8435.971
38627,7095.529
38628,9107.492
38629,11826.396
38630,10445.035
38631,11215.423
38632,11315.043
38633,9008.091
38634,11952.788
38635,8715.427
38636,10802.561
38637,12407.831
38638,9638.808
38639,12813.64
38640,11699.7
38641,10937.293
38642,8951.018
38643,10454.453
38644,10700.274
38645,9172.201
38646,6800.4434
38647,8338.79
38648,10563.544
38649,9630.308
38650,7914.746
38651,10606.45
38652,9088.367
38653,8959.909
38654,9069.117
38655,7497.345
38656,9771.526
38657,10107.099
38658,9687.7295
38659,8334.457
38660,7893.5615
38661,9720.076
38662,5882.1113
38663,8958.618
38664,7347.1196
38665,11267.25
38666,9692.434
38667,8809.851
38668,12062.098
38669,7920.2363
38670,7457.684
38671,13314.97
38672,9074.283
38673,9786.841
38674,11509.886
38675,7588.7656
38676,8728.3545
38677,7779.7856
38678,10364.604
38679,13659.471
38680,8419.95
38681,4795.2046
38682,7667.6636
38683,10798.121
38684,11605.855
38685,8875.128
38686,9574.478
38687,6962.6113
38688,7545.835
38689,4899.396
38690,7464.459
38691,8938.646
38692,9054.45
38693,9692.684
38694,9622.844
38695,10872.538
38696,11166.751
38697,9984.611
38698,8003.8545
38699,12727.297
38700,12270.985
38701,8516.158
38702,10872.932
38703,7093.1064
38704,9262.169
38705,6426.2188
38706,9143.743
38707,7364.1895
38708,11301.076
38709,9655.646
38710,11801.573
38711,10689.391
38712,8875.467
38713,10526.422
38714,19540.146
38715,16106.362
38716,8631.51
38717,4828.5874
38718,8866.177
38719,12988.346
38720,9010.085
38721,13308.076
38722,16181.16
38723,5689.422
38724,7689.342
38725,10965.003
38726,8045.7524
38727,12184.905
38728,9407.011
38729,10612.218
38730,5824.6333
38731,9648.778
38732,9961.763
38733,9742.621
38734,10493.354
38735,9006.416
38736,8719.543
38737,9636.197
38738,7600.965
38739,8377.605
38740,10634.631
38741,8236.592
38742,9005.462
38743,10170.204
38744,7907.0425
38745,7968.61
38746,9675.799
38747,9075.919
38748,10875.504
38749,9374.4795
38750,9474.525
38751,8466.835
38752,6516.975
38753,10362.982
38754,9309.1875
38755,7328.1885
38756,6936.965
38757,10435.655
38758,10019.632
38759,10885.55
38760,10572.313
38761,8963.55
38762,7207.936
38763,7220.8384
38764,14136.529
38765,8075.729
38766,10482.97
38767,18597.467
38768,9602.462
38769,9244.87
38770,6903.8555
38771,6838.521
38772,9895.9
38773,6491.849
38774,8231.29
38775,11884.175
38776,8034.4414
38777,16921.182
38778,17202.674
38779,7363.817
38780,10151.346
38781,7189.1094
38782,10276.623
38783,8577.55
38784,15701.247
38785,10145.073
38786,11118.874
38787,7387.8843
38788,10085.019
38789,7578.502
38790,12315.763
38791,9637.31
38792,8525.911
38793,8910.812
38794,7520.3354
38795,11112.661
38796,11784.421
38797,8344.296
38798,13838.712
38799,10008.905
38800,12577.017
38801,7142.8438
38802,7879.7656
38803,8297.376
38804,13746.682
38805,9758.617
38806,11325.895
38807,9353.885
38808,11513.795
38809,7071.834
38810,11165.355
38811,9362.971
38812,6363.74
38813,18895.467
38814,20079.703
38815,10627.351
38816,10475.563
38817,12921.957
38818,14031.126
38819,13570.742
38820,8507.545
38821,10469.281
38822,8269.077
38823,11664.703
38824,6445.2485
38825,8068.6533
38826,7679.242
38827,8243.437
38828,10117.36
38829,6721.9287
38830,7686.7827
38831,8441.218
38832,6761.4106
38833,7025.3247
38834,7638.8447
38835,8984.435
38836,11807.191
38837,12735.238
38838,10048.169
38839,8932.698
38840,9356.392
38841,13763.343
38842,10221.481
38843,7978.831
38844,6783.8457
38845,10959.179
38846,7208.0186
38847,9599.01
38848,5269.1177
38849,7776.7734
38850,11705.281
38851,8514.786
38852,8312.696
38853,11263.1455
38854,12336.371
38855,12643.768
38856,8745.229
38857,13166.162
38858,5524.423
38859,7809.9556
38860,8696.992
38861,7068.051
38862,9809.55
38863,7528.883
38864,8437.725
38865,10877.693
38866,13607.914
38867,11381.423
38868,8699.349
38869,7797.1313
38870,16795.498
38871,9987.012
38872,8928.473
38873,7488.7334
38874,8905.696
38875,11767.82
38876,7158.954
38877,9643.571
38878,10562.305
38879,10962.744
38880,17591.426
38881,9258.079
38882,15743.833
38883,9429.827
38884,7777.3296
38885,5433.164
38886,9640.27
38887,9704.468
38888,7169.45
38889,10037.346
38890,7508.595
38891,6512.694
38892,9007.602
38893,6736.2544
38894,10855.606
38895,9172.35
38896,10801.881
38897,10827.678
38898,8532.753
38899,10306.3545
38900,9759.93
38901,7577.302
38902,7738.8887
38903,8759.194
38904,15248.81
38905,9018.2
38906,6924.55
38907,10089.194
38908,11785.5
38909,9812.891
38910,9418.564
38911,11071.139
38912,9381.35
38913,7241.557
38914,9026.194
38915,11135.971
38916,9102.89
38917,10022.881
38918,9204.934
38919,7562.587
38920,6118.481
38921,7689.489
38922,11196.911
38923,12163.703
38924,13762.621
38925,16343.61
38926,11120.857
38927,8139.5337
38928,7686.072
38929,14431.352
38930,13524.988
38931,11032.801
38932,11552.47
38933,11601.826
38934,8204.695
38935,6081.697
38936,14314.177
38937,8146.1274
38938,9199.01
38939,8306.656
38940,5462.592
38941,13969.583
38942,8643.423
38943,7587.557
38944,7336.777
38945,7571.2334
38946,8440.679
38947,11078.289
38948,9573.474
38949,7311.0625
38950,6311.6626
38951,6245.834
38952,5712.5435
38953,10250.32
38954,18331.768
38955,7601.8203
38956,7699.668
38957,8679.896
38958,6736.717
38959,7552.964
38960,7969.4155
38961,6957.779
38962,9816.504
38963,10202.937
38964,6304.6646
38965,11081.09
38966,7710.758
38967,7578.3574
38968,10693.0205
38969,11504.717
38970,12779.588
38971,8540.309
38972,9208.385
38973,7183.27
38974,8106.2427
38975,16157.149
38976,12933.424
38977,9419.957
38978,6697.8774
38979,7367.47
38980,8221.42
38981,6928.1904
38982,13412.256
38983,7307.089
38984,8313.441
38985,10219.054
38986,7821.003
38987,8973.935
38988,10228.62
38989,10418.917
38990,10330.318
38991,6540.1587
38992,8111.9893
38993,9709.014
38994,12809.118
38995,10959.043
38996,10108.988
38997,6627.2437
38998,10246.449
38999,7629.299
39000,8756.931
39001,10193.608
39002,9765.377
39003,9358.757
39004,10127.111
39005,9078.725
39006,9597.472
39007,7912.542
39008,9500.142
39009,10248.434
39010,8622.607
39011,11505.254
39012,8972.369
39013,8048.3545
39014,12749.348
39015,7742.8755
39016,6515.7197
39017,11125.515
39018,11069.702
39019,14239.654
39020,7271.9287
39021,9231.204
39022,8808.195
39023,10042.977
39024,8527.473
39025,10147.483
39026,5146.01
39027,8707.234
39028,8655.285
39029,8256.073
39030,6629.381
39031,10146.147
39032,10489.371
39033,7592.864
39034,11501.831
39035,10632.187
39036,12216.79
39037,6890.389
39038,8977.437
39039,8846.529
39040,10279.73
39041,10420.726
39042,7055.8525
39043,9870.676
39044,11145.534
39045,9989.917
39046,7716.7764
39047,5463.8213
39048,9308.93
39049,9361.899
39050,12504.511
39051,9999.249
39052,8326.4795
39053,11373.957
39054,9627.057
39055,9002.834
39056,10434.76
39057,7841.2896
39058,10766.139
39059,14535.726
39060,10542.367
39061,6855.8994
39062,8745.137
39063,6850.69
39064,5072.939
39065,11504.969
39066,8013.303
39067,12207.6
39068,6989.26
39069,10092.601
39070,9320.23
39071,13949.387
39072,6628.6157
39073,8573.656
39074,8750.335
39075,11212.46
39076,7642.729
39077,10353.202
39078,10848.568
39079,12528.553
39080,9246.431
39081,10516.237
39082,8768.975
39083,6759.721
39084,7879.691
39085,13625.862
39086,12682.923
39087,9582.061
39088,16982.375
39089,8743.561
39090,8446.808
39091,8819.225
39092,10786.448
39093,12448.144
39094,10129.043
39095,10333.787
39096,11161.735
39097,9856.668
39098,10107.976
39099,8397.878
39100,7874.897
39101,7958.576
39102,6881.713
39103,7497.1523
39104,11483.164
39105,19121.604
39106,9764.65
39107,8501.583
39108,9872.737
39109,6257.42
39110,9329.632
39111,5432.962
39112,13086.415
39113,8891.727
39114,9490.189
39115,14480.834
39116,13629.501
39117,8634.7295
39118,10939.316
39119,5849.922
39120,8818.282
39121,7650.0146
39122,11036.59
39123,7707.0596
39124,6171.7783
39125,8136.522
39126,7707.883
39127,9862.799
39128,9486.162
39129,5647.4707
39130,9984.088
39131,9609.215
39132,10388.712
39133,6883.8135
39134,7009.709
39135,10431.963
39136,6302.0977
39137,12525.136
39138,7842.479
39139,8123.4404
39140,10009.611
39141,8635.932
39142,6799.101
39143,9333.343
39144,9567.868
39145,12745.299
39146,13858.695
39147,9048.243
39148,6250.9233
39149,8598.273
39150,9872.549
39151,8147.029
39152,8194.005
39153,8479.572
39154,14908.169
39155,11589.175
39156,9439.384
39157,9567.485
39158,6736.19
39159,12071.581
39160,8408.345
39161,16126.698
39162,9487.736
39163,8110.318
39164,7648.439
39165,5946.4775
39166,10278.74
39167,20000.271
39168,6429.4194
39169,7806.1797
39170,12811.611
39171,10102.049
39172,9746.125
39173,10664.839
39174,9270.998
39175,7262.336
39176,7343.4204
39177,11624.012
39178,8303.995
39179,9215.555
39180,9929.597
39181,7457.933
39182,10958.322
39183,8880.81
39184,5539.6143
39185,12077.12
39186,11758.957
39187,6605.377
39188,10296.579
39189,8773.727
39190,7164.426
39191,13020.407
39192,9074.231
39193,11390.469
39194,7363.8594
39195,7368.904
39196,9291.73
39197,6093.269
39198,10800.459
39199,6235.09
39200,8271.822
39201,7390.5693
39202,8761.96
39203,8467.143
39204,9391.859
39205,10663.852
39206,10553.384
39207,9806.696
39208,10246.714
39209,8821.706
39210,10254.036
39211,11501.634
39212,10199.151
39213,5095.986
39214,8852.606
39215,9622.293
39216,6714.656
39217,13284.235
39218,9060.256
39219,11514.168
39220,13114.578
39221,9279.322
39222,6595.6123
39223,14221.494
39224,13154.426
39225,8581.527
39226,11046.542
39227,11861.935
39228,8771.542
39229,8198.742
39230,9614.679
39231,8843.247
39232,7956.9897
39233,9858.999
39234,7442.094
39235,8470.43
39236,10060.232
39237,9417.963
39238,11068.478
39239,8790.487
39240,9475.592
39241,5568.0034
39242,11386.592
39243,9708.921
39244,8525.139
39245,9625.423
39246,9842.248
39247,12277.365
39248,8512.569
39249,7277.0146
39250,9088.159
39251,9509.071
39252,10332.841
39253,7074.7417
39254,6563.6123
39255,10561.6
39256,8818.089
39257,8698.087
39258,10737.139
39259,9324.027
39260,8961.336
39261,6880.892
39262,5957.98
39263,9640.721
39264,9313.797
39265,9136.473
39266,12154.8545
39267,10381.967
39268,7889.4443
39269,11345.084
39270,5390.14
39271,5394.5737
39272,9681.966
39273,14532.939
39274,11207.659
39275,10219.356
39276,7466.2676
39277,10575.439
39278,13102.426
39279,8099.944
39280,10858.02
39281,8030.4653
39282,6583.614
39283,7707.4565
39284,8322.033
39285,8768.933
39286,6782.1377
39287,8038.91
39288,6786.2466
39289,9960.547
39290,9948.252
39291,8277.173
39292,9003.436
39293,10932.506
39294,7624.716
39295,7215.7847
39296,11683.164
39297,11003.702
39298,8987.8545
39299,5759.8164
39300,14938.286
39301,8867.437
39302,8425.421
39303,12003.752
39304,11578.778
39305,10852.791
39306,9242.878
39307,10055.12
39308,13832.602
39309,17180.44
39310,7067.593
39311,7366.592
39312,7355.4775
39313,9262.134
39314,9653.713
39315,11384.734
39316,11674.486
39317,8460.725
39318,6756.9556
39319,8998.92
39320,12257.335
39321,7157.452
39322,9431.267
39323,6434.1123
39324,9959.759
39325,10271.136
39326,10199.473
39327,12272.472
39328,9003.264
39329,6036.537
39330,9128.172
39331,10427.348
39332,11446.632
39333,9795.853
39334,10318.364
39335,9513.662
39336,7078.3125
39337,12787.343
39338,6922.9385
39339,13545.631
39340,8827.379
39341,6427.2485
39342,9479.126
39343,8781.872
39344,9733.528
39345,10720.102
39346,5703.5493
39347,6681.8486
39348,9655.609
39349,13346.68
39350,13058.786
39351,7434.8076
39352,9676.075
39353,9842.491
39354,8768.841
39355,8180.495
39356,13551.937
39357,11667.474
39358,15067.407
39359,6426.5864
39360,8727.131
39361,11063.676
39362,11620.83
39363,7814.0537
39364,13032.595
39365,9223.469
39366,7367.8076
39367,8199.016
39368,6542.2427
39369,7516.807
39370,9338.303
39371,7196.4917
39372,7660.0396
39373,13579.922
39374,9941.906
39375,20447.111
39376,8674.145
39377,6339.2773
39378,4141.5674
39379,3581.185
39380,3371.0166
39381,4661.316
39382,4686.304
39383,5600.9863
39384,5588.744
39385,6260.16
39386,4083.8474
39387,6415.244
39388,4553.257
39389,4029.606
39390,6148.663
39391,6259.8496
39392,3516.388
39393,6896.9116
39394,6030.644
39395,13138.991
39396,6856.3706
39397,7543.892
39398,2542.1467
39399,4553.7476
39400,2823.8428
39401,7329.23
39402,8738.434
39403,6111.231
39404,7648.497
39405,3636.871
39406,4430.8022
39407,6875.1323
39408,8739.342
39409,7751.839
39410,5795.693
39411,6101.603
39412,5525.35
39413,3422.5996
39414,5673.2407
39415,5352.718
39416,4405.2676
39417,8537.972
39418,2663.4807
39419,4878.513
39420,3785.5664
39421,4002.6394
39422,4916.455
39423,6746.549
39424,9457.056
39425,7798.4326
39426,6640.7407
39427,5856.158
39428,10855.451
39429,6616.633
39430,5817.3486
39431,3522.8142
39432,2638.7397
39433,6012.592
39434,3838.2075
39435,5804.822
39436,5229.522
39437,4430.3457
39438,9053.38
39439,4338.3657
39440,5203.3745
39441,3840.0825
39442,6297.1646
39443,3770.7283
39444,3868.5144
39445,6313.824
39446,7654.0728
39447,7522.2505
39448,5119.401
39449,5614.5405
39450,4577.771
39451,5965.93
39452,9751.323
39453,7832.32
39454,3455.8936
39455,3262.8132
39456,5950.12
39457,9505.472
39458,3927.584
39459,2502.1445
39460,5900.7344
39461,4554.599
39462,4142.7686
39463,5462.659
39464,3256.945
39465,6658.995
39466,3821.971
39467,7824.323
39468,3119.4976
39469,3394.9268
39470,7062.3164
39471,6042.2285
39472,7799.802
39473,5218.4
39474,5912.4697
39475,6791.874
39476,6598.3936
39477,7507.7217
39478,3878.687
39479,5036.0273
39480,4256.3955
39481,4643.8345
39482,6428.481
39483,3279.6804
39484,7013.7617
39485,4779.902
39486,6446.865
39487,6543.8403
39488,6876.719
39489,6376.6274
39490,4617.3677
39491,4534.031
39492,3538.2021
39493,7023.2607
39494,7769.5225
39495,4986.354
39496,6536.392
39497,7500.7
39498,4153.9834
39499,4084.3967
39500,6388.4014
39501,3872.4724
39502,2972.7332
39503,4077.8486
39504,5334.613
39505,4747.331
39506,3648.1848
39507,5513.1836
39508,4462.325
39509,4779.7104
39510,8058.8394
39511,3801.7173
39512,6342.64
39513,7379.433
39514,3548.6133
39515,6142.145
39516,3930.3538
39517,6401.7354
39518,2488.7847
39519,3416.4668
39520,5509.4883
39521,8551.924
39522,3780.9578
39523,3870.8472
39524,7400.4517
39525,4476.035
39526,5582.985
39527,9428.586
39528,7871.623
39529,6314.7217
39530,5349.2827
39531,3472.8506
39532,5344.4326
39533,2703.1904
39534,4956.2856
39535,6600.836
39536,2935.089
39537,3452.7532
39538,2474.6248
39539,4550.851
39540,4746.815
39541,6068.265
39542,6988.5596
39543,6342.888
39544,2952.0051
39545,2381.9294
39546,3487.6978
39547,4176.7344
39548,6627.895
39549,5418.1196
39550,4982.0327
39551,6780.8438
39552,5688.044
39553,5540.946
39554,5316.671
39555,6527.3643
39556,10674.149
39557,3279.5208
39558,5531.1294
39559,6369.266
39560,8040.6895
39561,3812.8525
39562,5097.4927
39563,6020.856
39564,6882.625
39565,7916.898
39566,7882.487
39567,6381.0996
39568,4323.1265
39569,8839.908
39570,15194.065
39571,8020.659
39572,4821.964
39573,3896.64
39574,5975.401
39575,3822.2517
39576,2540.4749
39577,16826.555
39578,18103.969
39579,2917.6755
39580,2174.1587
39581,9568.489
39582,4135.1406
39583,6450.4634
39584,3302.965
39585,4490.6357
39586,6205.8804
39587,5620.3223
39588,5894.108
39589,3315.6846
39590,8161.8296
39591,3087.2632
39592,4720.3154
39593,4251.8345
39594,5069.2534
39595,4728.4404
39596,6868.748
39597,6120.8506
39598,6129.5967
39599,4380.4443
39600,3538.9685
39601,3326.358
39602,3098.431
39603,4301.7437
39604,6643.0527
39605,4083.8123
39606,3680.455
39607,3395.7397
39608,4078.191
39609,3646.793
39610,4758.28
39611,5496.9634
39612,2382.0032
39613,4275.725
39614,7312.0737
39615,3107.6995
39616,5883.1997
39617,5626.061
39618,3055.056
39619,2003.0833
39620,8669.298
39621,6206.0107
39622,4690.745
39623,9599.742
39624,5845.8613
39625,3961.3918
39626,4679.608
39627,3041.31
39628,3897.718
39629,3210.7878
39630,2691.4202
39631,4255.8027
39632,5808.4385
39633,9036.601
39634,6991.8667
39635,3324.261
39636,4525.471
39637,3390.496
39638,4249.0693
39639,4191.6104
39640,8246.606
39641,3803.9917
39642,5136.6035
39643,3381.4775
39644,4233.0205
39645,4522.7607
39646,6339.8394
39647,7200.7827
39648,3770.6565
39649,7541.295
39650,7572.8945
39651,8502.929
39652,4104.1313
39653,5207.878
39654,6985.6807
39655,6908.5654
39656,11299.158
39657,2050.5725
39658,6675.542
39659,4805.989
39660,8631.041
39661,5339.0317
39662,6670.3037
39663,5332.1455
39664,5192.8926
39665,4998.936
39666,4749.501
39667,3534.8994
39668,5292.278
39669,6192.0327
39670,12905.047
39671,8118.336
39672,7851.6846
39673,8249.737
39674,7359.4565
39675,4354.12
39676,3080.4204
39677,4967.498
39678,5019.032
39679,9161.552
39680,3026.1333
39681,3433.9182
39682,5952.879
39683,3388.1553
39684,5110.472
39685,3203.1914
39686,3113.0762
39687,4904.7686
39688,2502.0254
39689,5590.013
39690,5722.8022
39691,5636.643
39692,7150.0215
39693,8720.715
39694,5840.433
39695,6966.6704
39696,4940.9775
39697,5771.9487
39698,3018.3257
39699,3182.1304
39700,4707.2666
39701,8483.261
39702,2985.0967
39703,7168.349
39704,4045.8174
39705,4245.022
39706,5104.1294
39707,5823.3
39708,4790.8022
39709,5315.3525
39710,7986.102
39711,6060.7104
39712,2439.152
39713,5274.8657
39714,2844.751
39715,5463.509
39716,7537.498
39717,5195.0625
39718,5680.215
39719,2600.6128
39720,3892.9543
39721,4140.9434
39722,7118.1016
39723,5693.0537
39724,3743.04
39725,2900.7844
39726,6193.9287
39727,5162.864
39728,5095.451
39729,5229.4224
39730,7890.5054
39731,5719.768
39732,5456.02
39733,4715.828
39734,5253.1997
39735,4285.942
39736,5097.823
39737,5429.284
39738,9254.893
39739,7215.179
39740,4583.3765
39741,2416.1265
39742,4746.109
39743,6439.509
39744,5852.4
39745,3323.1165
39746,5959.969
39747,2916.0168
39748,7478.3335
39749,2880.3354
39750,4768.6304
39751,7225.5645
39752,5057.797
39753,7944.204
39754,6369.4546
39755,4324.8506
39756,4017.5388
39757,5587.2036
39758,4430.261
39759,3099.0103
39760,6904.066
39761,8202.457
39762,3370.65
39763,4149.508
39764,3859.3586
39765,5127.665
39766,3652.4854
39767,4678.6353
39768,4277.6875
39769,7316.4062
39770,6772.3184
39771,6997.4043
39772,3739.721
39773,2903.2192
39774,6535.9307
39775,5548.5566
39776,3172.6643
39777,4669.3706
39778,6444.824
39779,2825.8762
39780,7660.6094
39781,5440.819
39782,5424.651
39783,3832.818
39784,3481.8137
39785,8414.595
39786,5764.823
39787,7646.105
39788,4940.6616
39789,5185.8833
39790,3999.2542
39791,2776.4338
39792,6123.461
39793,6352.7754
39794,5193.5513
39795,3266.5068
39796,4174.1577
39797,3741.3337
39798,4662.4673
39799,4617.764
39800,3107.6816
39801,6107.222
39802,3314.236
39803,4256.4404
39804,7421.3325
39805,6816.8022
39806,5333.402
39807,3415.916
39808,2655.9875
39809,7295.501
39810,19919.197
39811,2409.1277
39812,6023.314
39813,4855.074
39814,3337.1484
39815,5117.2134
39816,6502.638
39817,2916.0308
39818,7110.21
39819,4878.378
39820,2605.4666
39821,9143.979
39822,3065.402
39823,3662.551
39824,6327.4854
39825,4915.874
39826,7178.982
39827,3234.0771
39828,4495.907
39829,5199.911
39830,6682.295
39831,10708.044
39832,9220.205
39833,4178.8545
39834,3082.0928
39835,5478.5693
39836,4029.3484
39837,2887.9321
39838,3765.9724
39839,3371.5247
39840,5110.3794
39841,5127.797
39842,4858.354
39843,3782.859
39844,4160.6533
39845,6612.3804
39846,5707.8647
39847,2868.585
39848,3056.2598
39849,5737.603
39850,9096.345
39851,4433.14
39852,6120.921
39853,2356.5867
39854,6376.366
39855,3912.1858
39856,3090.0625
39857,4168.909
39858,3132.189
39859,3855.4802
39860,6315.2754
39861,3812.3142
39862,5689.905
39863,6245.7207
39864,4687.0283
39865,5746.3115
39866,5813.3047
39867,6506.435
39868,5420.467
39869,2746.7197
39870,7837.0728
39871,3405.1826
39872,4314.031
39873,4973.363
39874,8160.195
39875,7058.491
39876,3773.8447
39877,3108.254
39878,3893.0955
39879,5520.8247
39880,4274.0327
39881,7137.205
39882,3252.5393
39883,3173.657
39884,6178.6226
39885,5461.4404
39886,2566.2002
39887,5938.2983
39888,7976.8
39889,2666.2925
39890,4884.5103
39891,7158.0596
39892,7177.2295
39893,4107.1587
39894,4233.0205
39895,3780.092
39896,7271.839
39897,4493.5537
39898,2973.1018
39899,11482.08
39900,7828.5186
39901,7630.041
39902,5006.9727
39903,1732.1039
39904,6788.2793
39905,3834.2334
39906,7869.739
39907,5244.9434
39908,4118.497
39909,6753.2446
39910,3950.9534
39911,5853.986
39912,4768.662
39913,3537.6284
39914,6649.0054
39915,10570.055
39916,5345.218
39917,3384.2498
39918,5733.752
39919,2489.2847
39920,2239.9004
39921,4712.5503
39922,3424.768
39923,4145.3384
39924,4505.8896
39925,5448.3647
39926,4018.612
39927,4510.3315
39928,3966.9922
39929,6194.313
39930,5375.4917
39931,5680.063
39932,4951.4375
39933,4072.2393
39934,5710.664
39935,7043.427
39936,6103.862
39937,6410.7974
39938,4136.3677
39939,3135.699
39940,5778.8955
39941,6621.715
39942,4034.556
39943,3419.9233
39944,18905.182
39945,3932.7727
39946,5494.7407
39947,3567.8354
39948,5699.302
39949,7785.286
39950,6867.346
39951,6260.1123
39952,7052.367
39953,4218.425
39954,6195.4355
39955,5550.912
39956,2167.837
39957,4583.5645
39958,3054.948
39959,3206.582
39960,7139.6494
39961,13784.178
39962,4305.2085
39963,2390.89
39964,4034.7983
39965,4560.986
39966,3798.364
39967,1480.1241
39968,3443.5364
39969,5445.429
39970,4115.5674
39971,5866.1597
39972,13126.04
39973,4861.8633
39974,2899.661
39975,3523.0999
39976,4639.9644
39977,4581.685
39978,6157.8013
39979,4802.208
39980,3773.888
39981,3200.1982
39982,4767.089
39983,3084.14
39984,6330.3345
39985,2145.9111
39986,5159.4077
39987,3869.1675
39988,5447.4033
39989,4641.5938
39990,4412.59
39991,3531.219
39992,2805.0894
39993,5576.3745
39994,6048.964
39995,3319.9731
39996,4969.318
39997,3945.5037
39998,5141.3584
39999,2631.9075
40000,5940.525
40001,5751.9106
40002,5472.0566
40003,4407.8022
40004,3238.0195
40005,3976.9875
40006,4770.2637
40007,6532.5586
40008,5092.4966
40009,5219.376
40010,6770.284
40011,5690.801
40012,2950.865
40013,4524.988
40014,2862.4026
40015,4177.886
40016,5564.7383
40017,7486.8906
40018,6764.2036
40019,4833.472
40020,2193.9194
40021,1949.5984
40022,4829.937
40023,15881.856
40024,2623.4653
40025,4612.4507
40026,4047.7551
40027,5947.0786
40028,4240.845
40029,6976.4717
40030,5986.5312
40031,4586.206
40032,4693.5337
40033,6286.71
40034,3840.9583
40035,4734.5063
40036,4876.3545
40037,2904.3882
40038,4975.3413
40039,4637.075
40040,3986.8442
40041,5108.7373
40042,2810.4558
40043,2943.476
40044,6527.022
40045,6872.326
40046,2454.083
40047,5628.1865
40048,5802.093
40049,4885.06
40050,3973.4797
40051,3444.7324
40052,3451.9792
40053,3646.2537
40054,4798.9155
40055,2356.6123
40056,4491.4326
40057,3312.9402
40058,5484.572
40059,3830.9795
40060,3451.2383
40061,5891.3647
40062,7555.327
40063,4622.043
40064,5737.1875
40065,4582.0215
40066,5189.8125
40067,5204.263
40068,5837.7207
40069,3619.6243
40070,3463.2134
40071,4115.002
40072,2997.3042
40073,7928.5273
40074,5609.1665
40075,5687.295
40076,6261.2886
40077,6532.347
40078,2692.2664
40079,5829.324
40080,5409.888
40081,5148.445
40082,5984.927
40083,8469.024
40084,5536.3975
40085,4049.5974
40086,3912.2642
40087,4045.2192
40088,3607.5903
40089,6595.9897
40090,3219.5754
40091,5528.0283
40092,6138.338
40093,4813.1133
40094,7895.0073
40095,3553.2947
40096,5749.453
40097,2598.8853
40098,5030.1035
40099,4481.461
40100,2036.7212
40101,5326.2285
40102,4601.7935
40103,6129.4683
40104,6622.8394
40105,3132.7058
40106,6034.5854
40107,5382.028
40108,8012.669
40109,2458.1755
40110,2052.6387
40111,4877.745
40112,9282.881
40113,3513.7322
40114,7477.05
40115,5036.215
40116,3024.2285
40117,4401.5083
40118,2579.359
40119,6241.5815
40120,5499.9004
40121,6068.3
40122,6304.707
40123,6051.676
40124,3589.6912
40125,5296.636
40126,2444.5056
40127,2307.2888
40128,6046.6733
40129,5911.9736
40130,4880.1655
40131,4997.5776
40132,3052.3262
40133,4671.451
40134,4975.4883
40135,5706.542
40136,6427.6597
40137,2485.2517
40138,3602.7341
40139,2913.5186
40140,4252.179
40141,3558.3691
40142,3154.0356
40143,3981.554
40144,3066.192
40145,4347.181
40146,4226.222
40147,5577.8535
40148,4362.1226
40149,6302.9453
40150,4151.1035
40151,2127.4685
40152,7131.6113
40153,4880.9985
40154,5174.41
40155,2609.0037
40156,6311.0303
40157,4679.599
40158,5236.1406
40159,7960.793
40160,7248.606
40161,5752.4043
40162,5349.323
40163,4848.5254
40164,7534.0693
40165,8611.627
40166,3055.767
40167,4679.992
40168,5119.928
40169,5536.434
40170,5912.673
40171,6984.335
40172,3529.2993
40173,4802.6113
40174,3048.7205
40175,5724.063
40176,3563.5054
40177,3132.8015
40178,6510.731
40179,2845.879
40180,5478.998
40181,6164.2124
40182,4875.959
40183,5851.2896
40184,4124.0127
40185,4800.427
40186,5532.744
40187,4605.719
40188,8469.057
40189,4721.558
40190,6536.7847
40191,5331.3677
40192,2913.72
40193,7871.4053
40194,2969.3872
40195,7498.311
40196,4525.2637
40197,4751.6807
40198,6454.3716
40199,3923.2441
40200,3746.105
40201,5704.6045
40202,2540.9695
40203,2740.6953
40204,6292.823
40205,5933.6616
40206,6023.1074
40207,5389.5537
40208,4662.152
40209,4116.678
40210,5012.745
40211,2993.278
40212,10025.902
40213,5107.066
40214,7533.8467
40215,4339.6655
40216,2791.2905
40217,11529.069
40218,4931.716
40219,3300.417
40220,7607.797
40221,4204.0557
40222,4647.8315
40223,4753.775
40224,3917.6309
40225,2918.551
40226,3942.2344
40227,4629.571
40228,3294.698
40229,7087.1016
40230,4528.727
40231,17429.236
40232,6570.3335
40233,4270.174
40234,3908.851
40235,6032.997
40236,3262.026
40237,5970.695
40238,4025.5564
40239,5905.824
40240,5788.671
40241,4244.366
40242,3587.1753
40243,6063.3706
40244,5585.877
40245,4660.2266
40246,6344.8423
40247,4958.4844
40248,3070.161
40249,4713.5483
40250,7291.675
40251,8840.102
40252,6417.215
40253,7282.3267
40254,3708.052
40255,5853.444
40256,2554.8933
40257,7039.8735
40258,8915.309
40259,9253.392
40260,5264.059
40261,3279.499
40262,4196.431
40263,5855.3706
40264,8942.612
40265,5421.4644
40266,4970.299
40267,4357.5312
40268,5807.275
40269,2946.6086
40270,7267.1587
40271,4253.895
40272,5738.7417
40273,7004.9834
40274,3820.0938
40275,8537.189
40276,4754.2827
40277,4197.4077
40278,4108.138
40279,6425.0664
40280,9667.377
40281,5646.2695
40282,6228.575
40283,5970.4556
40284,9043.524
40285,6457.5
40286,5533.9526
40287,3148.354
40288,3324.7178
40289,4878.8574
40290,5907.03
40291,7885.803
40292,7672.58
40293,3693.4685
40294,6500.2446
40295,5696.753
40296,5445.076
40297,3209.9
40298,8803.249
40299,3356.8198
40300,5189.4263
40301,5451.359
40302,5436.814
40303,5296.8486
40304,4010.3596
40305,6007.1113
40306,5038.574
40307,5358.3677
40308,7466.4526
40309,6840.9736
40310,5862.0654
40311,3560.0361
40312,5515.1353
40313,9903.624
40314,5083.572
40315,3508.6208
40316,6743.782
40317,4218.3403
40318,6843.4927
40319,8624.7295
40320,3082.0752
40321,7014.0425
40322,5058.993
40323,6131.743
40324,5072.305
40325,3221.9905
40326,5598.7324
40327,4801.9746
40328,7032.706
40329,5054.792
40330,4548.061
40331,5066.58
40332,5989.541
40333,5922.0703
40334,4715.302
40335,7451.576
40336,4360.8413
40337,5487.8164
40338,5712.669
40339,3222.4424
40340,5393.4673
40341,5647.142
40342,6358.959
40343,7750.8926
40344,7740.882
40345,5123.045
40346,7439.9507
40347,4161.1655
40348,3824.98
40349,7879.8784
40350,6056.3706
40351,6793.72
40352,8021.417
40353,7223.4146
40354,5575.0024
40355,5603.824
40356,7357.716
40357,3973.8135
40358,3029.9666
40359,4821.306
40360,4653.1104
40361,6564.32
40362,3530.1177
40363,5175.59
40364,6815.385
40365,4248.307
40366,5995.171
40367,3556.3704
40368,6196.328
40369,6571.587
40370,3970.0964
40371,5260.721
40372,3476.8748
40373,6636.574
40374,3537.6284
40375,4231.1353
40376,4361.3115
40377,7443.571
40378,5670.0107
40379,5729.34
40380,10213.725
40381,4088.794
40382,5352.917
40383,9316.889
40384,5857.5156
40385,7074.5933
40386,5358.424
40387,5290.3
40388,6043.7964
40389,4576.055
40390,5866.305
40391,6207.887
40392,4322.3965
40393,2885.4082
40394,3636.1875
40395,7860.632
40396,8695.358
40397,5565.0938
40398,6134.2817
40399,4739.056
40400,3235.8796
40401,2349.5103
40402,3440.2234
40403,5567.297
40404,6547.9736
40405,4983.359
40406,4688.0254
40407,7540.9136
40408,7359.6743
40409,6799.03
40410,5477.5767
40411,6159.7397
40412,7991.238
40413,3698.3374
40414,5489.167
40415,5152.886
40416,6505.1567
40417,3561.4866
40418,4929.4204
40419,4842.591
40420,6908.9077
40421,6161.356
40422,7623.4575
40423,7289.54
40424,5673.603
40425,6967.302
40426,14910.032
40427,9360.596
40428,5240.2627
40429,3080.8052
40430,6174.375
40431,7648.2056
40432,3090.2717
40433,11978.031
40434,13725.354
40435,4935.73
40436,2681.742
40437,7346.72
40438,3879.6824
40439,7555.6943
40440,3491.416
40441,5493.9126
40442,4126.5625
40443,7103.533
40444,6764.868
40445,5035.6387
40446,7525.8247
40447,6276.339
40448,6143.9146
40449,6356.6484
40450,5906.4272
40451,4494.694
40452,8222.023
40453,4788.8696
40454,5632.182
40455,4416.3164
40456,3493.0151
40457,3909.388
40458,5158.1333
40459,4363.08
40460,6775.872
40461,6373.0522
40462,5548.525
40463,4545.008
40464,4264.8286
40465,4034.3635
40466,4528.0703
40467,5234.363
40468,3808.1416
40469,4522.0493
40470,6198.4204
40471,6396.895
40472,6278.9014
40473,5766.1157
40474,3307.8525
40475,3417.813
40476,8394.154
40477,5080.7163
40478,5991.6265
40479,12117.353
40480,7092.755
40481,5166.1694
40482,4719.221
40483,3032.4072
40484,4089.7183
40485,3862.4265
40486,3929.9714
40487,6554.8286
40488,5663.2437
40489,10375.651
40490,9344.744
40491,5763.4873
40492,5546.117
40493,3893.088
40494,5327.936
40495,4807.7036
40496,11767.327
40497,6457.666
40498,6629.754
40499,3831.9224
40500,5307.8135
40501,5516.7505
40502,5458.1904
40503,6028.993
40504,4504.6733
40505,6920.4233
40506,5480.509
40507,7797.481
40508,6259.545
40509,6205.833
40510,6990.96
40511,7052.4546
40512,9399.19
40513,3580.5564
40514,5262.503
40515,5338.288
40516,8179.0127
40517,6533.612
40518,6665.305
40519,7523.4204
40520,8829.493
40521,5009.108
40522,6449.3623
40523,5057.208
40524,4020.1687
40525,11210.214
40526,13874.5
40527,6517.852
40528,7169.7305
40529,7297.164
40530,7019.544
40531,7008.4585
40532,3408.631
40533,4738.0483
40534,5634.036
40535,7499.4126
40536,3088.8127
40537,4458.547
40538,5222.0
40539,4002.6775
40540,4876.6196
40541,3629.7173
40542,3290.5708
40543,5866.848
40544,2955.1372
40545,4339.6035
40546,5225.4185
40547,5342.628
40548,8083.613
40549,8775.986
40550,6101.9873
40551,6519.35
40552,6189.299
40553,7841.955
40554,6245.4346
40555,3428.9297
40556,4620.54
40557,8059.816
40558,3977.3896
40559,6470.5645
40560,3650.9143
40561,4433.8213
40562,6591.669
40563,6369.321
40564,5575.582
40565,7747.2046
40566,8542.956
40567,6296.011
40568,4249.1826
40569,8666.817
40570,2734.3972
40571,4499.9233
40572,5747.8354
40573,4396.5527
40574,5986.611
40575,3017.4531
40576,4917.276
40577,5923.087
40578,8514.672
40579,9338.355
40580,3954.0676
40581,3889.8325
40582,9250.735
40583,6822.6045
40584,5842.8677
40585,5040.223
40586,6005.8623
40587,6715.975
40588,5250.3193
40589,4625.9287
40590,7060.7334
40591,5863.5586
40592,9903.379
40593,6696.8105
40594,10799.8
40595,5907.2104
40596,5112.1494
40597,2791.0723
40598,5538.494
40599,5593.1973
40600,5392.1045
40601,4880.3096
40602,5395.6904
40603,3005.0002
40604,7044.3203
40605,3853.0757
40606,7654.9053
40607,6633.739
40608,5516.745
40609,6878.694
40610,5232.6357
40611,5641.1123
40612,6253.911
40613,5191.293
40614,5476.3906
40615,4345.473
40616,7949.427
40617,6442.458
40618,3735.061
40619,4430.3965
40620,5977.402
40621,5690.676
40622,4006.9563
40623,5724.675
40624,4541.7056
40625,5620.3755
40626,6161.9375
40627,7384.7563
40628,4703.9946
40629,4439.7334
40630,6276.692
40631,5169.689
40632,3546.461
40633,4900.7095
40634,7710.655
40635,5980.5215
40636,9766.941
40637,8012.501
40638,7708.927
40639,4397.8657
40640,4511.076
40641,8943.312
40642,7383.608
40643,6614.254
40644,5246.2544
40645,6276.129
40646,4321.745
40647,2949.9207
40648,9929.9375
40649,5845.17
40650,5512.931
40651,4132.956
40652,3477.6775
40653,7954.1216
40654,6060.832
40655,5035.874
40656,4025.157
40657,5646.1353
40658,4614.3604
40659,4661.1914
40660,6234.6377
40661,5292.49
40662,4364.6157
40663,3700.1018
40664,2815.0674
40665,6063.567
40666,15171.548
40667,4407.449
40668,5484.384
40669,5783.996
40670,3490.2705
40671,4367.0938
40672,5781.6797
40673,3507.4197
40674,9044.344
40675,6669.9287
40676,2865.5637
40677,7178.804
40678,3364.238
40679,4092.977
40680,6971.443
40681,6920.958
40682,8695.383
40683,3931.9924
40684,5065.6377
40685,4175.2847
40686,5592.936
40687,12488.838
40688,9185.385
40689,5732.2974
40690,3716.328
40691,5291.5156
40692,4495.89
40693,2994.9233
40694,6595.4614
40695,4107.221
40696,6454.747
40697,6583.9214
40698,4931.0806
40699,4125.8267
40700,4856.816
40701,6835.9775
40702,6136.26
40703,3067.1865
40704,5030.0503
40705,6449.0796
40706,7665.631
40707,5788.9805
40708,6864.3535
40709,2650.9067
40710,8724.934
40711,4596.678
40712,3978.7822
40713,4548.404
40714,4973.7515
40715,4308.4785
40716,6866.318
40717,4935.3535
40718,6625.727
40719,5584.9126
40720,4967.716
40721,6211.459
40722,4923.0815
40723,7720.3027
40724,5476.673
40725,3288.534
40726,8657.705
40727,3975.4968
40728,4084.202
40729,5966.3457
40730,6883.781
40731,8224.432
40732,3695.6748
40733,4679.764
40734,5748.406
40735,5771.3374
40736,5609.1987
40737,6985.954
40738,3128.4473
40739,5545.5195
40740,5597.6006
40741,4695.414
40742,3856.4072
40743,6706.642
40744,6522.41
40745,3832.8657
40746,5642.3125
40747,7096.1787
40748,8140.3877
40749,4327.7393
40750,4326.2036
40751,4769.9224
40752,6712.92
40753,4788.2983
40754,3110.5945
40755,7890.543
40756,6752.8325
40757,6522.5723
40758,4742.0723
40759,3195.0613
40760,6301.31
40761,4005.3855
40762,8415.413
40763,5221.1084
40764,4508.701
40765,7587.4194
40766,4590.977
40767,5361.517
40768,8102.3467
40769,3894.0352
40770,6764.6035
40771,9086.798
40772,5918.462
40773,3658.633
40774,5067.0776
40775,2962.3333
40776,2559.2053
40777,5019.8413
40778,5899.052
40779,5542.003
40780,4022.3284
40781,5736.405
40782,4252.7026
40783,8986.371
40784,4654.571
40785,5605.6577
40786,5372.821
40787,5399.8403
40788,5697.6494
40789,5163.2876
40790,6520.0156
40791,7940.023
40792,7013.1465
40793,6959.9556
40794,5640.01
40795,3210.1602
40796,4842.919
40797,9061.327
40798,6324.957
40799,4465.3315
40800,14718.376
40801,4236.252
40802,5368.543
40803,4270.475
40804,7225.7573
40805,8294.924
40806,6583.2056
40807,6970.04
40808,7578.791
40809,6399.977
40810,6572.527
40811,5008.367
40812,2738.7822
40813,4778.4385
40814,3145.0908
40815,3456.2595
40816,7255.385
40817,16840.666
40818,5367.4424
40819,3585.3518
40820,4846.177
40821,4155.7827
40822,5839.2188
40823,2565.7815
40824,5868.3423
40825,6086.0083
40826,4584.5093
40827,7893.524
40828,11046.763
40829,5302.9956
40830,4380.2563
40831,3746.087
40832,4883.327
40833,4720.4907
40834,7433.2266
40835,4332.068
40836,4288.866
40837,4990.9985
40838,5152.4785
40839,5624.242
40840,6095.1523
40841,3064.9314
40842,6817.7905
40843,4427.304
40844,5858.4546
40845,4012.9119
40846,3998.1821
40847,5367.811
40848,4194.858
40849,6963.276
40850,5024.2866
40851,3705.6475
40852,5347.2725
40853,5852.601
40854,4712.64
40855,5311.1914
40856,5556.49
40857,5864.252
40858,6024.0034
40859,6000.841
40860,3537.6082
40861,3966.436
40862,7207.6406
40863,5644.767
40864,4608.607
40865,5113.3687
40866,10808.477
40867,6907.3594
40868,4292.857
40869,3969.445
40870,4576.513
40871,6064.88
40872,5243.4424
40873,7707.2725
40874,5912.2725
40875,5109.668
40876,3862.839
40877,2616.9885
40878,4932.4116
40879,13664.813
40880,2797.3994
40881,4767.084
40882,6149.2554
40883,6376.9863
40884,5140.829
40885,7536.154
40886,5475.879
40887,6176.5366
40888,4108.7026
40889,5389.492
40890,3914.7878
40891,4832.891
40892,7036.336
40893,4389.467
40894,6398.592
40895,5996.418
40896,3629.2568
40897,6436.991
40898,5650.2993
40899,3156.4014
40900,6947.6123
40901,6151.449
40902,4510.6973
40903,8801.242
40904,6402.8955
40905,7023.422
40906,3768.9446
40907,3834.6064
40908,4430.143
40909,3321.2117
40910,5983.363
40911,2868.5027
40912,5236.5
40913,3300.096
40914,6010.562
40915,4091.5093
40916,4684.038
40917,5218.3203
40918,6797.7134
40919,4495.813
40920,6721.2812
40921,5079.6455
40922,5824.083
40923,6484.577
40924,6785.1787
40925,3555.7258
40926,5111.7886
40927,5245.0234
40928,4662.521
40929,9464.49
40930,5674.7505
40931,6551.1846
40932,7353.0576
40933,6864.799
40934,2838.8462
40935,7880.2847
40936,6182.938
40937,5819.646
40938,6294.48
40939,8203.036
40940,7652.102
40941,4680.0947
40942,4342.179
40943,4131.4033
40944,5421.144
40945,5717.597
40946,3631.792
40947,5330.92
40948,6720.6143
40949,4912.7563
40950,7345.62
40951,4753.4033
40952,6495.0757
40953,2966.4722
40954,4421.1724
40955,5108.615
40956,3895.2686
40957,5540.824
40958,6846.0
40959,6210.493
40960,5349.4663
40961,3323.1863
40962,6137.893
40963,5826.45
40964,6423.2715
40965,3430.137
40966,2574.5586
40967,5162.155
40968,6812.1616
40969,3691.7988
40970,6891.822
40971,6184.501
40972,5610.761
40973,4376.9023
40974,2653.4333
40975,5643.3677
40976,6203.726
40977,5589.3467
40978,6931.568
40979,6689.737
40980,3706.1602
40981,6140.212
40982,2767.6365
40983,2334.7722
40984,6151.772
40985,9869.603
40986,5493.7974
40987,4814.4956
40988,3394.0234
40989,4678.363
40990,8864.663
40991,5216.5835
40992,6647.9526
40993,4369.1064
40994,4220.3525
40995,3094.068
40996,4106.0146
40997,3579.4739
40998,3333.925
40999,5183.94
41000,3296.6
41001,7234.619
41002,5013.3813
41003,5070.027
41004,4134.628
41005,7219.7227
41006,4863.023
41007,3907.863
41008,7847.5894
41009,5998.414
41010,5951.1074
41011,2684.4731
41012,7496.6016
41013,5770.6
41014,4963.429
41015,8068.338
41016,8282.843
41017,6428.2295
41018,6091.0435
41019,5005.8267
41020,7339.0444
41021,11343.072
41022,3451.2317
41023,4062.3613
41024,5136.6724
41025,6110.8115
41026,5932.592
41027,8688.088
41028,6188.7026
41029,6117.9556
41030,3137.4673
41031,5269.148
41032,5700.998
41033,3235.648
41034,6395.937
41035,3191.1624
41036,6193.155
41037,5964.7295
41038,5484.054
41039,5639.9126
41040,4185.11
41041,4533.8403
41042,6344.8726
41043,5509.0415
41044,7473.556
41045,5307.7983
41046,7263.2017
41047,5254.1465
41048,3613.9556
41049,8108.315
41050,2969.053
41051,7220.0327
41052,5993.09
41053,4569.4336
41054,6064.863
41055,4144.808
41056,4738.071
41057,6290.465
41058,3143.0183
41059,2836.7332
41060,5840.2544
41061,5313.3604
41062,8428.885
41063,5311.364
41064,4967.9907
41065,4892.629
41066,5716.5938
41067,3212.3628
41068,9420.325
41069,6159.84
41070,11579.85
41071,5324.9077
41072,4997.058
41073,8367.895
41074,6619.903
41075,3535.8943
41076,8705.789
41077,6102.872
41078,4643.6616
41079,4779.2725
41080,4257.675
41081,3602.7378
41082,4142.753
41083,4283.845
41084,3380.2844
41085,7991.8325
41086,5462.305
41087,16826.057
41088,6170.5835
